"","Sample","Cohort","Lab","Source","Species","Strain","Sex","Tissue","Tissue.details","Group","Intervention","Intervention.type","Platform","Platform.type","Age.days","Lifespan.species.max","Age.Chronological.Normalized_by_species_max_lifespan","Estimate.Lifespan.99.9th_percentile","Estimate.Lifespan.90th_percentile","Age.Normalized_by_99.9th_percentile","Expected_Hazard.log10","Cohort_Lab"," ","All_Controls__Mortality_Rodents_Liver__Obtained","All_Controls__Mortality_Rodents_Liver__Expected_Centered","All_Controls__Mortality_Rodents_Liver__Difference","All_Controls__Mortality_Rodents_Liver__Mean_Abs_Difference","All_Controls__Mortality_Rodents_Liver__Max_Abs_Difference","All_Controls__Mortality_Rodents_Liver__SD_Difference","All_Controls__Mortality_Rodents_Liver__Pearson","All_Controls__Mortality_Rodents_Liver__Spearman","All_Controls__Mortality_Mouse_Multitissue__Obtained","All_Controls__Mortality_Mouse_Multitissue__Expected_Centered","All_Controls__Mortality_Mouse_Multitissue__Difference","All_Controls__Mortality_Mouse_Multitissue__Mean_Abs_Difference","All_Controls__Mortality_Mouse_Multitissue__Max_Abs_Difference","All_Controls__Mortality_Mouse_Multitissue__SD_Difference","All_Controls__Mortality_Mouse_Multitissue__Pearson","All_Controls__Mortality_Mouse_Multitissue__Spearman","All_Controls__Mortality_Rodents_Multitissue__Obtained","All_Controls__Mortality_Rodents_Multitissue__Expected_Centered","All_Controls__Mortality_Rodents_Multitissue__Difference","All_Controls__Mortality_Rodents_Multitissue__Mean_Abs_Difference","All_Controls__Mortality_Rodents_Multitissue__Max_Abs_Difference","All_Controls__Mortality_Rodents_Multitissue__SD_Difference","All_Controls__Mortality_Rodents_Multitissue__Pearson","All_Controls__Mortality_Rodents_Multitissue__Spearman","Cohort_Sex__Mortality_Rodents_Liver__Obtained","Cohort_Sex__Mortality_Rodents_Liver__Expected_Centered","Cohort_Sex__Mortality_Rodents_Liver__Difference","Cohort_Sex__Mortality_Rodents_Liver__Mean_Abs_Difference","Cohort_Sex__Mortality_Rodents_Liver__Max_Abs_Difference","Cohort_Sex__Mortality_Rodents_Liver__SD_Difference","Cohort_Sex__Mortality_Rodents_Liver__Pearson","Cohort_Sex__Mortality_Rodents_Liver__Spearman","Cohort_Sex__Mortality_Mouse_Multitissue__Obtained","Cohort_Sex__Mortality_Mouse_Multitissue__Expected_Centered","Cohort_Sex__Mortality_Mouse_Multitissue__Difference","Cohort_Sex__Mortality_Mouse_Multitissue__Mean_Abs_Difference","Cohort_Sex__Mortality_Mouse_Multitissue__Max_Abs_Difference","Cohort_Sex__Mortality_Mouse_Multitissue__SD_Difference","Cohort_Sex__Mortality_Mouse_Multitissue__Pearson","Cohort_Sex__Mortality_Mouse_Multitissue__Spearman","Cohort_Sex__Mortality_Rodents_Multitissue__Obtained","Cohort_Sex__Mortality_Rodents_Multitissue__Expected_Centered","Cohort_Sex__Mortality_Rodents_Multitissue__Difference","Cohort_Sex__Mortality_Rodents_Multitissue__Mean_Abs_Difference","Cohort_Sex__Mortality_Rodents_Multitissue__Max_Abs_Difference","Cohort_Sex__Mortality_Rodents_Multitissue__SD_Difference","Cohort_Sex__Mortality_Rodents_Multitissue__Pearson","Cohort_Sex__Mortality_Rodents_Multitissue__Spearman","Lab__Mortality_Rodents_Liver__Obtained","Lab__Mortality_Rodents_Liver__Expected_Centered","Lab__Mortality_Rodents_Liver__Difference","Lab__Mortality_Rodents_Liver__Mean_Abs_Difference","Lab__Mortality_Rodents_Liver__Max_Abs_Difference","Lab__Mortality_Rodents_Liver__SD_Difference","Lab__Mortality_Rodents_Liver__Pearson","Lab__Mortality_Rodents_Liver__Spearman","Lab__Mortality_Mouse_Multitissue__Obtained","Lab__Mortality_Mouse_Multitissue__Expected_Centered","Lab__Mortality_Mouse_Multitissue__Difference","Lab__Mortality_Mouse_Multitissue__Mean_Abs_Difference","Lab__Mortality_Mouse_Multitissue__Max_Abs_Difference","Lab__Mortality_Mouse_Multitissue__SD_Difference","Lab__Mortality_Mouse_Multitissue__Pearson","Lab__Mortality_Mouse_Multitissue__Spearman","Lab__Mortality_Rodents_Multitissue__Obtained","Lab__Mortality_Rodents_Multitissue__Expected_Centered","Lab__Mortality_Rodents_Multitissue__Difference","Lab__Mortality_Rodents_Multitissue__Mean_Abs_Difference","Lab__Mortality_Rodents_Multitissue__Max_Abs_Difference","Lab__Mortality_Rodents_Multitissue__SD_Difference","Lab__Mortality_Rodents_Multitissue__Pearson","Lab__Mortality_Rodents_Multitissue__Spearman","Cohort_Lab__Mortality_Rodents_Liver__Obtained","Cohort_Lab__Mortality_Rodents_Liver__Expected_Centered","Cohort_Lab__Mortality_Rodents_Liver__Difference","Cohort_Lab__Mortality_Rodents_Liver__Mean_Abs_Difference","Cohort_Lab__Mortality_Rodents_Liver__Max_Abs_Difference","Cohort_Lab__Mortality_Rodents_Liver__SD_Difference","Cohort_Lab__Mortality_Rodents_Liver__Pearson","Cohort_Lab__Mortality_Rodents_Liver__Spearman","Cohort_Lab__Mortality_Mouse_Multitissue__Obtained","Cohort_Lab__Mortality_Mouse_Multitissue__Expected_Centered","Cohort_Lab__Mortality_Mouse_Multitissue__Difference","Cohort_Lab__Mortality_Mouse_Multitissue__Mean_Abs_Difference","Cohort_Lab__Mortality_Mouse_Multitissue__Max_Abs_Difference","Cohort_Lab__Mortality_Mouse_Multitissue__SD_Difference","Cohort_Lab__Mortality_Mouse_Multitissue__Pearson","Cohort_Lab__Mortality_Mouse_Multitissue__Spearman","Cohort_Lab__Mortality_Rodents_Multitissue__Obtained","Cohort_Lab__Mortality_Rodents_Multitissue__Expected_Centered","Cohort_Lab__Mortality_Rodents_Multitissue__Difference","Cohort_Lab__Mortality_Rodents_Multitissue__Mean_Abs_Difference","Cohort_Lab__Mortality_Rodents_Multitissue__Max_Abs_Difference","Cohort_Lab__Mortality_Rodents_Multitissue__SD_Difference","Cohort_Lab__Mortality_Rodents_Multitissue__Pearson","Cohort_Lab__Mortality_Rodents_Multitissue__Spearman"
"1","Mouse_NewITPdata_UMHET3_Liver_C2015_TJL_DMAG_Female.JL12712","C2015","TJL","Current","Mouse","UMHET3","Female","Liver","Liver","C2015_Female","DMAG","Compound","GPL24247","RNAseq",660,1460,0.4520548,1264.5,1088,0.5219454,-3.002998,"C2015_TJL",NA,0.469473354030568,-0.0173199999999998,0.486793354030568,0.373018224645653,1.02537285081975,0.266341668521341,0.748662058870298,0.498792154826232,0.183387575330859,-0.0173199999999998,0.200707575330859,0.23368383711589,0.905386706256714,0.166386833611664,0.897149075199704,0.783207184110102,0.130543014826291,-0.0173199999999998,0.147863014826291,0.166263083506424,0.750897281842865,0.089342064062257,0.971591322187143,0.94591000262367,0.0350374327282688,0.0324940000000002,0.00254343272826853,0.313429818998521,1.20834261993169,0.327835979856769,0.590411150161603,0.297977252731782,-0.0935545042953628,0.0324940000000002,-0.126048504295363,0.272118194383713,1.22380866916808,0.255305186536491,0.725937881440493,0.501978237082607,-0.0935315490631563,0.0324940000000002,-0.126025549063156,0.257573366732816,1.13083106751457,0.214121874255698,0.81439385664428,0.658228005639842,0.216640257131094,-0.0144145,0.231054757131094,0.305386788339466,1.06424632709806,0.276010329633522,0.732728432419147,0.529678130911231,0.0513685585364922,-0.0144145,0.0657830585364922,0.248178050852923,1.00337066491527,0.183837115366375,0.871620604933917,0.773502080311861,0.138479457011421,-0.0144145,0.152893957011421,0.217292892611891,0.812307352805203,0.0942874182641087,0.967236660170673,0.950674988331352,-0.197686829607686,-0.0969279999999997,-0.100758829607686,0.269824402950031,1.30497038867121,0.313372945366076,0.681545654600365,0.55548272323295,-0.122819827067288,-0.0969279999999997,-0.025891827067288,0.218897160718375,1.13090086934503,0.223632902215615,0.819840856321412,0.758750944369377,-0.112370747217388,-0.0969279999999997,-0.0154427472173887,0.183971456540376,0.844400036412289,0.179231903616261,0.895308932644922,0.871462461728388
"2","Mouse_NewITPdata_UMHET3_Liver_C2015_TJL_Control_Female.JL12702","C2015","TJL","Current","Mouse","UMHET3","Female","Liver","Liver","C2015_Female","Control","Control","GPL24247","RNAseq",660,1460,0.4520548,1309.5,1122,0.5040092,-3.041478,"C2015_TJL",NA,0.505808476428856,-0.0558000000000001,0.561608476428856,NA,NA,NA,NA,NA,0.246819792062512,-0.0558000000000001,0.302619792062512,NA,NA,NA,NA,NA,0.166133863741322,-0.0558000000000001,0.221933863741323,NA,NA,NA,NA,NA,0.0713725551265576,-0.00598600000000005,0.0773585551265576,NA,NA,NA,NA,NA,-0.0301222875637097,-0.00598600000000005,-0.0241362875637097,NA,NA,NA,NA,NA,-0.0579407001481254,-0.00598600000000005,-0.0519547001481253,NA,NA,NA,NA,NA,0.252975379529382,-0.0528945000000003,0.305869879529382,NA,NA,NA,NA,NA,0.114800775268147,-0.0528945000000003,0.167695275268147,NA,NA,NA,NA,NA,0.174070305926451,-0.0528945000000003,0.226964805926452,NA,NA,NA,NA,NA,-0.161351707209397,-0.135408,-0.0259437072093972,NA,NA,NA,NA,NA,-0.0593876103356346,-0.135408,0.0760203896643654,NA,NA,NA,NA,NA,-0.0767798983023545,-0.135408,0.0586281016976455,NA,NA,NA,NA,NA
"3","Mouse_NewITPdata_UMHET3_Liver_C2015_TJL_Control_Female.JL12705","C2015","TJL","Current","Mouse","UMHET3","Female","Liver","Liver","C2015_Female","Control","Control","GPL24247","RNAseq",660,1460,0.4520548,1309.5,1122,0.5040092,-3.041478,"C2015_TJL",NA,0.567797715009643,-0.0558000000000001,0.623597715009643,NA,NA,NA,NA,NA,0.11286219641848,-0.0558000000000001,0.16866219641848,NA,NA,NA,NA,NA,0.0819735927982443,-0.0558000000000001,0.137773592798244,NA,NA,NA,NA,NA,0.133361793707345,-0.00598600000000005,0.139347793707345,NA,NA,NA,NA,NA,-0.164079883207743,-0.00598600000000005,-0.158093883207743,NA,NA,NA,NA,NA,-0.142100971091205,-0.00598600000000005,-0.136114971091205,NA,NA,NA,NA,NA,0.314964618110169,-0.0528945000000003,0.36785911811017,NA,NA,NA,NA,NA,-0.0191568203758879,-0.0528945000000003,0.0337376796241124,NA,NA,NA,NA,NA,0.0899100349833729,-0.0528945000000003,0.142804534983373,NA,NA,NA,NA,NA,-0.0993624686286102,-0.135408,0.0360455313713897,NA,NA,NA,NA,NA,-0.193345205979669,-0.135408,-0.0579372059796688,NA,NA,NA,NA,NA,-0.160940169245436,-0.135408,-0.0255321692454357,NA,NA,NA,NA,NA
"4","Mouse_NewITPdata_UMHET3_Liver_C2015_TJL_Min_Female.JL12683","C2015","TJL","Current","Mouse","UMHET3","Female","Liver","Liver","C2015_Female","Min","Compound","GPL24247","RNAseq",660,1460,0.4520548,1282,1109.5,0.5148206,-3.076456,"C2015_TJL",NA,0.163272643987738,-0.0907779999999998,0.254050643987738,NA,NA,NA,NA,NA,0.12867930144206,-0.0907779999999998,0.219457301442059,NA,NA,NA,NA,NA,0.0763182468061366,-0.0907779999999998,0.167096246806136,NA,NA,NA,NA,NA,-0.27116327731456,-0.0409639999999998,-0.230199277314561,NA,NA,NA,NA,NA,-0.148262778184163,-0.0409639999999998,-0.107298778184163,NA,NA,NA,NA,NA,-0.147756317083312,-0.0409639999999998,-0.106792317083312,NA,NA,NA,NA,NA,-0.0895604529117357,-0.0878725,-0.00168795291173568,NA,NA,NA,NA,NA,-0.00333971535230934,-0.0878725,0.0845327846476907,NA,NA,NA,NA,NA,0.084254688991268,-0.0878725,0.172127188991268,NA,NA,NA,NA,NA,-0.503887539650515,-0.170386,-0.333501539650515,NA,NA,NA,NA,NA,-0.177528100956088,-0.170386,-0.00714210095608786,NA,NA,NA,NA,NA,-0.166595515237541,-0.170386,0.00379048476245897,NA,NA,NA,NA,NA
"5","Mouse_NewITPdata_UMHET3_Liver_C2015_TJL_MitoQ_Female.JL12749","C2015","TJL","Current","Mouse","UMHET3","Female","Liver","Liver","C2015_Female","MitoQ","Compound","GPL24247","RNAseq",660,1460,0.4520548,1320.5,1141,0.4998107,-3.125442,"C2015_TJL",NA,0.457577685295588,-0.139764,0.597341685295588,NA,NA,NA,NA,NA,0.173600080647495,-0.139764,0.313364080647495,NA,NA,NA,NA,NA,0.0343338192361468,-0.139764,0.174097819236147,NA,NA,NA,NA,NA,0.0231417639932893,-0.08995,0.113091763993289,NA,NA,NA,NA,NA,-0.103341998978728,-0.08995,-0.0133919989787285,NA,NA,NA,NA,NA,-0.189740744653301,-0.08995,-0.0997907446533013,NA,NA,NA,NA,NA,0.204744588396114,-0.1368585,0.341603088396114,NA,NA,NA,NA,NA,0.0415810638531261,-0.1368585,0.178439563853126,NA,NA,NA,NA,NA,0.0422702614212768,-0.1368585,0.179128761421277,NA,NA,NA,NA,NA,-0.209582498342665,-0.219372,0.00978950165733455,NA,NA,NA,NA,NA,-0.132607321750653,-0.219372,0.0867646782493466,NA,NA,NA,NA,NA,-0.208579942807531,-0.219372,0.0107920571924686,NA,NA,NA,NA,NA
"6","Mouse_NewITPdata_UMHET3_Liver_C2015_TJL_Rapa20hi_Female.JL12784","C2015","TJL","Current","Mouse","UMHET3","Female","Liver","Liver","C2015_Female","Rapa","Compound","GPL24247","RNAseq",660,1460,0.4520548,1432,1252,0.4608939,-3.139836,"C2015_TJL",NA,0.0803306886284176,-0.154158,0.234488688628417,NA,NA,NA,NA,NA,0.0276619386913084,-0.154158,0.181819938691308,NA,NA,NA,NA,NA,-0.0104524124326725,-0.154158,0.143705587567327,NA,NA,NA,NA,NA,-0.354105232673881,-0.104344,-0.249761232673881,NA,NA,NA,NA,NA,-0.249280140934914,-0.104344,-0.144936140934914,NA,NA,NA,NA,NA,-0.234526976322121,-0.104344,-0.130182976322121,NA,NA,NA,NA,NA,-0.172502408271056,-0.1512525,-0.0212499082710562,NA,NA,NA,NA,NA,-0.10435707810306,-0.1512525,0.0468954218969404,NA,NA,NA,NA,NA,-0.00251597024754399,-0.1512525,0.148736529752456,NA,NA,NA,NA,NA,-0.586829495009836,-0.233766,-0.353063495009836,NA,NA,NA,NA,NA,-0.278545463706839,-0.233766,-0.0447794637068397,NA,NA,NA,NA,NA,-0.25336617447635,-0.233766,-0.0196001744763507,NA,NA,NA,NA,NA
"7","Mouse_NewITPdata_UMHET3_Liver_C2015_UM_DMAG_Female.UM60592","C2015","UM","Current","Mouse","UMHET3","Female","Liver","Liver","C2015_Female","DMAG","Compound","GPL24247","RNAseq",660,1460,0.4520548,1211.5,1050,0.5447792,-2.957943,"C2015_UM",NA,0.269001471066709,0.0277349999999998,0.241266471066709,NA,NA,NA,NA,NA,0.143235455208343,0.0277349999999998,0.115500455208343,NA,NA,NA,NA,NA,0.148271595933803,0.0277349999999998,0.120536595933803,NA,NA,NA,NA,NA,-0.16543445023559,0.0775489999999999,-0.24298345023559,NA,NA,NA,NA,NA,-0.13370662441788,0.0775489999999999,-0.211255624417879,NA,NA,NA,NA,NA,-0.0758029679556457,0.0775489999999999,-0.153351967955646,NA,NA,NA,NA,NA,0.253243670520764,0.0491159999999997,0.204127670520765,NA,NA,NA,NA,NA,0.239416531806662,0.0491159999999997,0.190300531806662,NA,NA,NA,NA,NA,0.254475229491298,0.0491159999999997,0.205359229491298,NA,NA,NA,NA,NA,0.0118814742924911,0.067977,-0.0560955257075089,NA,NA,NA,NA,NA,-0.035609281425768,0.067977,-0.103586281425768,NA,NA,NA,NA,NA,0.0225375796752498,0.067977,-0.0454394203247502,NA,NA,NA,NA,NA
"8","Mouse_NewITPdata_UMHET3_Liver_C2015_UM_bGPA_Female.UM58800","C2015","UM","Current","Mouse","UMHET3","Female","Liver","Liver","C2015_Female","bGPA","Compound","GPL24247","RNAseq",660,1460,0.4520548,1292,1111,0.5108359,-2.96668,"C2015_UM",NA,0.319501140710451,0.0189979999999998,0.300503140710452,NA,NA,NA,NA,NA,0.125688683945443,0.0189979999999998,0.106690683945443,NA,NA,NA,NA,NA,0.145536935647392,0.0189979999999998,0.126538935647392,NA,NA,NA,NA,NA,-0.114934780591847,0.0688119999999999,-0.183746780591847,NA,NA,NA,NA,NA,-0.151253395680779,0.0688119999999999,-0.220065395680778,NA,NA,NA,NA,NA,-0.0785376282420565,0.0688119999999999,-0.147349628242056,NA,NA,NA,NA,NA,0.303743340164508,0.0403789999999997,0.263364340164508,NA,NA,NA,NA,NA,0.221869760543762,0.0403789999999997,0.181490760543763,NA,NA,NA,NA,NA,0.251740569204886,0.0403789999999997,0.211361569204887,NA,NA,NA,NA,NA,0.062381143936234,0.05924,0.00314114393623408,NA,NA,NA,NA,NA,-0.0531560526886675,0.05924,-0.112396052688667,NA,NA,NA,NA,NA,0.0198029193888401,0.05924,-0.0394370806111599,NA,NA,NA,NA,NA
"9","Mouse_NewITPdata_UMHET3_Liver_C2015_UM_Control_Female.UM59262","C2015","UM","Current","Mouse","UMHET3","Female","Liver","Liver","C2015_Female","Control","Control","GPL24247","RNAseq",660,1460,0.4520548,1254.5,1085.5,0.526106,-3.02592,"C2015_UM",NA,0.278056966929133,-0.0402420000000001,0.318298966929133,NA,NA,NA,NA,NA,0.175003929092035,-0.0402420000000001,0.215245929092035,NA,NA,NA,NA,NA,0.142455207845191,-0.0402420000000001,0.182697207845191,NA,NA,NA,NA,NA,-0.156378954373165,0.00957199999999991,-0.165950954373165,NA,NA,NA,NA,NA,-0.101938150534187,0.00957199999999991,-0.111510150534187,NA,NA,NA,NA,NA,-0.0816193560442566,0.00957199999999991,-0.0911913560442565,NA,NA,NA,NA,NA,0.262299166383189,-0.0188610000000002,0.281160166383189,NA,NA,NA,NA,NA,0.271185005690353,-0.0188610000000002,0.290046005690353,NA,NA,NA,NA,NA,0.248658841402686,-0.0188610000000002,0.267519841402686,NA,NA,NA,NA,NA,0.0209369701549156,0,0.0209369701549156,NA,NA,NA,NA,NA,-0.00384080754207607,0,-0.00384080754207607,NA,NA,NA,NA,NA,0.016721191586639,0,0.016721191586639,NA,NA,NA,NA,NA
"10","Mouse_NewITPdata_UMHET3_Liver_C2015_UM_Control_Female.UM59283","C2015","UM","Current","Mouse","UMHET3","Female","Liver","Liver","C2015_Female","Control","Control","GPL24247","RNAseq",660,1460,0.4520548,1254.5,1085.5,0.526106,-3.02592,"C2015_UM",NA,0.227472185743579,-0.0402420000000001,0.267714185743579,NA,NA,NA,NA,NA,0.185351119557797,-0.0402420000000001,0.225593119557797,NA,NA,NA,NA,NA,0.114581989207421,-0.0402420000000001,0.154823989207421,NA,NA,NA,NA,NA,-0.20696373555872,0.00957199999999991,-0.21653573555872,NA,NA,NA,NA,NA,-0.0915909600684277,0.00957199999999991,-0.101162960068428,NA,NA,NA,NA,NA,-0.109492574682024,0.00957199999999991,-0.119064574682024,NA,NA,NA,NA,NA,0.211714385197634,-0.0188610000000002,0.230575385197635,NA,NA,NA,NA,NA,0.281532196156115,-0.0188610000000002,0.300393196156115,NA,NA,NA,NA,NA,0.220785622764918,-0.0188610000000002,0.239646622764919,NA,NA,NA,NA,NA,-0.0296478110306387,0,-0.0296478110306387,NA,NA,NA,NA,NA,0.0065063829236848,0,0.0065063829236848,NA,NA,NA,NA,NA,-0.0111520270511276,0,-0.0111520270511276,NA,NA,NA,NA,NA
"11","Mouse_NewITPdata_UMHET3_Liver_C2015_UM_Min_Female.UM59241","C2015","UM","Current","Mouse","UMHET3","Female","Liver","Liver","C2015_Female","Min","Compound","GPL24247","RNAseq",660,1460,0.4520548,1230.5,1065,0.5363673,-2.980208,"C2015_UM",NA,0.231050657823221,0.00546999999999986,0.225580657823221,NA,NA,NA,NA,NA,0.236783839410165,0.00546999999999986,0.231313839410166,NA,NA,NA,NA,NA,0.16017781772032,0.00546999999999986,0.15470781772032,NA,NA,NA,NA,NA,-0.203385263479078,0.0552839999999999,-0.258669263479078,NA,NA,NA,NA,NA,-0.0401582402160568,0.0552839999999999,-0.0954422402160567,NA,NA,NA,NA,NA,-0.0638967461691298,0.0552839999999999,-0.11918074616913,NA,NA,NA,NA,NA,0.215292857277276,0.0268509999999997,0.188441857277277,NA,NA,NA,NA,NA,0.332964916008485,0.0268509999999997,0.306113916008486,NA,NA,NA,NA,NA,0.266381451277814,0.0268509999999997,0.239530451277814,NA,NA,NA,NA,NA,-0.026069338950997,0.045712,-0.0717813389509969,NA,NA,NA,NA,NA,0.0579391027760542,0.045712,0.0122271027760542,NA,NA,NA,NA,NA,0.034443801461768,0.045712,-0.011268198538232,NA,NA,NA,NA,NA
"12","Mouse_NewITPdata_UMHET3_Liver_C2015_UM_MitoQ_Female.UM60081","C2015","UM","Current","Mouse","UMHET3","Female","Liver","Liver","C2015_Female","MitoQ","Compound","GPL24247","RNAseq",660,1460,0.4520548,1241,1082.5,0.5318292,-3.070246,"C2015_UM",NA,0.187455744968614,-0.084568,0.272023744968614,NA,NA,NA,NA,NA,0.175790434279405,-0.084568,0.260358434279405,NA,NA,NA,NA,NA,0.0904555891385512,-0.084568,0.175023589138551,NA,NA,NA,NA,NA,-0.246980176333684,-0.034754,-0.212226176333685,NA,NA,NA,NA,NA,-0.101151645346817,-0.034754,-0.0663976453468175,NA,NA,NA,NA,NA,-0.133618974750897,-0.034754,-0.098864974750897,NA,NA,NA,NA,NA,0.17169794442267,-0.0631870000000001,0.23488494442267,NA,NA,NA,NA,NA,0.271971510877724,-0.0631870000000001,0.335158510877724,NA,NA,NA,NA,NA,0.196659222696045,-0.0631870000000001,0.259846222696045,NA,NA,NA,NA,NA,-0.0696642518056034,-0.0443259999999999,-0.0253382518056035,NA,NA,NA,NA,NA,-0.00305430235470598,-0.0443259999999999,0.0412716976452939,NA,NA,NA,NA,NA,-0.0352784271200006,-0.0443259999999999,0.00904757287999927,NA,NA,NA,NA,NA
"13","Mouse_NewITPdata_UMHET3_Liver_C2015_UM_Rapa20hi_Female.UM59367","C2015","UM","Current","Mouse","UMHET3","Female","Liver","Liver","C2015_Female","Rapa","Compound","GPL24247","RNAseq",660,1460,0.4520548,1425,1218,0.4631579,-3.059717,"C2015_UM",NA,0.554424945299059,-0.074039,0.628463945299059,NA,NA,NA,NA,NA,0.0959091179030147,-0.074039,0.169948117903015,NA,NA,NA,NA,NA,0.068580902777299,-0.074039,0.142619902777299,NA,NA,NA,NA,NA,0.11998902399676,-0.0242249999999999,0.14421402399676,NA,NA,NA,NA,NA,-0.181032961723208,-0.0242249999999999,-0.156807961723208,NA,NA,NA,NA,NA,-0.155493661112149,-0.0242249999999999,-0.131268661112149,NA,NA,NA,NA,NA,0.538667144753115,-0.0526580000000001,0.591325144753115,NA,NA,NA,NA,NA,0.192090194501333,-0.0526580000000001,0.244748194501333,NA,NA,NA,NA,NA,0.174784536334792,-0.0526580000000001,0.227442536334792,NA,NA,NA,NA,NA,0.297304948524842,-0.0337969999999999,0.331101948524841,NA,NA,NA,NA,NA,-0.0829356187310963,-0.0337969999999999,-0.0491386187310964,NA,NA,NA,NA,NA,-0.0571531134812533,-0.0337969999999999,-0.0233561134812535,NA,NA,NA,NA,NA
"14","Mouse_NewITPdata_UMHET3_Liver_C2015_UT_DMAG_Female.UT08576","C2015","UT","Current","Mouse","UMHET3","Female","Liver","Liver","C2015_Female","DMAG","Compound","GPL24247","RNAseq",660,1460,0.4520548,1255,1084.5,0.5258964,-3.014843,"C2015_UT",NA,0.163010090766485,-0.0291649999999999,0.192175090766485,NA,NA,NA,NA,NA,0.129348416807936,-0.0291649999999999,0.158513416807936,NA,NA,NA,NA,NA,0.12515685277705,-0.0291649999999999,0.15432185277705,NA,NA,NA,NA,NA,-0.271425830535813,0.0206490000000001,-0.292074830535813,NA,NA,NA,NA,NA,-0.147593662818287,0.0206490000000001,-0.168242662818287,NA,NA,NA,NA,NA,-0.0989177111123987,0.0206490000000001,-0.119566711112399,NA,NA,NA,NA,NA,-0.010376432955203,-0.241425,0.231048567044797,NA,NA,NA,NA,NA,0.0150723754664931,-0.241425,0.256497375466493,NA,NA,NA,NA,NA,-0.0256930762606097,-0.241425,0.21573192373939,NA,NA,NA,NA,NA,-0.242114928739905,-0.28958,0.0474650712600947,NA,NA,NA,NA,NA,-0.158807427929517,-0.28958,0.130772572070483,NA,NA,NA,NA,NA,-0.215993024089828,-0.28958,0.0735869759101722,NA,NA,NA,NA,NA
"15","Mouse_NewITPdata_UMHET3_Liver_C2015_UT_Control_Female.UT08516","C2015","UT","Current","Mouse","UMHET3","Female","Liver","Liver","C2015_Female","Control","Control","GPL24247","RNAseq",660,1460,0.4520548,1249,1083.5,0.5284227,-3.035492,"C2015_UT",NA,0.159088012043009,-0.049814,0.208902012043009,NA,NA,NA,NA,NA,0.125620954754447,-0.049814,0.175434954754447,NA,NA,NA,NA,NA,0.119668273578009,-0.049814,0.169482273578009,NA,NA,NA,NA,NA,-0.27534790925929,0,-0.27534790925929,NA,NA,NA,NA,NA,-0.151321124871776,0,-0.151321124871776,NA,NA,NA,NA,NA,-0.104406290311439,0,-0.104406290311439,NA,NA,NA,NA,NA,-0.0142985116786799,-0.262074,0.24777548832132,NA,NA,NA,NA,NA,0.011344913413005,-0.262074,0.273418913413005,NA,NA,NA,NA,NA,-0.0311816554596529,-0.262074,0.230892344540347,NA,NA,NA,NA,NA,-0.246037007463382,-0.310229,0.0641919925366181,NA,NA,NA,NA,NA,-0.162534889983006,-0.310229,0.147694110016994,NA,NA,NA,NA,NA,-0.22148160328887,-0.310229,0.0887473967111303,NA,NA,NA,NA,NA
"16","Mouse_NewITPdata_UMHET3_Liver_C2015_UT_Min_Female.UT08459","C2015","UT","Current","Mouse","UMHET3","Female","Liver","Liver","C2015_Female","Min","Compound","GPL24247","RNAseq",660,1460,0.4520548,1273.5,1099.5,0.5182568,-3.044441,"C2015_UT",NA,-0.0181354906267967,-0.0587629999999999,0.0406275093732032,NA,NA,NA,NA,NA,-0.0229853845439757,-0.0587629999999999,0.0357776154560242,NA,NA,NA,NA,NA,0.0655448320627294,-0.0587629999999999,0.124307832062729,NA,NA,NA,NA,NA,-0.452571411929095,-0.00894899999999987,-0.443622411929095,NA,NA,NA,NA,NA,-0.299927464170198,-0.00894899999999987,-0.290978464170198,NA,NA,NA,NA,NA,-0.158529731826718,-0.00894899999999987,-0.149580731826718,NA,NA,NA,NA,NA,-0.191522014348486,-0.271023,0.0795009856515144,NA,NA,NA,NA,NA,-0.137261425885413,-0.271023,0.133761574114587,NA,NA,NA,NA,NA,-0.0853050969749319,-0.271023,0.185717903025068,NA,NA,NA,NA,NA,-0.423260510133187,-0.319178,-0.104082510133187,NA,NA,NA,NA,NA,-0.31114122928143,-0.319178,0.00803677071857045,NA,NA,NA,NA,NA,-0.275605044804146,-0.319178,0.0435729551958536,NA,NA,NA,NA,NA
"17","Mouse_NewITPdata_UMHET3_Liver_C2015_UT_MitoQ_Female.UT08579","C2015","UT","Current","Mouse","UMHET3","Female","Liver","Liver","C2015_Female","MitoQ","Compound","GPL24247","RNAseq",660,1460,0.4520548,1251,1083,0.5275779,-3.024685,"C2015_UT",NA,0.025530194905972,-0.0390069999999998,0.0645371949059718,NA,NA,NA,NA,NA,0.0698724714669547,-0.0390069999999998,0.108879471466955,NA,NA,NA,NA,NA,0.0947950965630229,-0.0390069999999998,0.133802096563023,NA,NA,NA,NA,NA,-0.408905726396327,0.0108070000000002,-0.419712726396327,NA,NA,NA,NA,NA,-0.207069608159269,0.0108070000000002,-0.217876608159269,NA,NA,NA,NA,NA,-0.129279467326425,0.0108070000000002,-0.140086467326426,NA,NA,NA,NA,NA,-0.147856328815717,-0.251267,0.103410671184283,NA,NA,NA,NA,NA,-0.0444035698744833,-0.251267,0.206863430125517,NA,NA,NA,NA,NA,-0.0560548324746386,-0.251267,0.195212167525361,NA,NA,NA,NA,NA,-0.379594824600418,-0.299422,-0.0801728246004182,NA,NA,NA,NA,NA,-0.2182833732705,-0.299422,0.0811386267294996,NA,NA,NA,NA,NA,-0.246354780303854,-0.299422,0.0530672196961463,NA,NA,NA,NA,NA
"18","Mouse_NewITPdata_UMHET3_Liver_C2016_TJL_Cana_Female.JL13987","C2016","TJL","Current","Mouse","UMHET3","Female","Liver","Liver","C2016_Female","Cana","Compound","GPL24247","RNAseq",660,1460,0.4520548,1296.5,1113.5,0.5090629,-3.04264,"C2016_TJL",NA,0.222535459984871,-0.056962,0.279497459984871,NA,NA,NA,NA,NA,0.195682582383392,-0.056962,0.252644582383392,NA,NA,NA,NA,NA,0.117011412776635,-0.056962,0.173973412776635,NA,NA,NA,NA,NA,0.127295048008884,-0.0355810000000001,0.162876048008885,NA,NA,NA,NA,NA,0.200191788082332,-0.0355810000000001,0.235772788082332,NA,NA,NA,NA,NA,0.239885344668571,-0.0355810000000001,0.275466344668571,NA,NA,NA,NA,NA,-0.030297636914603,-0.0540565000000002,0.0237588630853971,NA,NA,NA,NA,NA,0.0636635655890225,-0.0540565000000002,0.117720065589023,NA,NA,NA,NA,NA,0.124947854961764,-0.0540565000000002,0.179004354961764,NA,NA,NA,NA,NA,-0.296271841727147,-0.185563,-0.110708841727148,NA,NA,NA,NA,NA,-0.198547402116932,-0.185563,-0.0129844021169326,NA,NA,NA,NA,NA,-0.208331081500162,-0.185563,-0.0227680815001626,NA,NA,NA,NA,NA
"19","Mouse_NewITPdata_UMHET3_Liver_C2016_TJL_CC_Female.JL14039","C2016","TJL","Current","Mouse","UMHET3","Female","Liver","Liver","C2016_Female","CC","Compound","GPL24247","RNAseq",660,1460,0.4520548,1310,1124,0.5038168,-3.055358,"C2016_TJL",NA,0.633449395923667,-0.06968,0.703129395923667,NA,NA,NA,NA,NA,0.254975820769262,-0.06968,0.324655820769262,NA,NA,NA,NA,NA,0.12439554136966,-0.06968,0.19407554136966,NA,NA,NA,NA,NA,0.53820898394768,-0.0482990000000001,0.586507983947681,NA,NA,NA,NA,NA,0.259485026468202,-0.0482990000000001,0.307784026468202,NA,NA,NA,NA,NA,0.247269473261597,-0.0482990000000001,0.295568473261597,NA,NA,NA,NA,NA,0.380616299024193,-0.0667745000000002,0.447390799024193,NA,NA,NA,NA,NA,0.122956803974893,-0.0667745000000002,0.189731303974894,NA,NA,NA,NA,NA,0.13233198355479,-0.0667745000000002,0.19910648355479,NA,NA,NA,NA,NA,0.114642094211648,-0.198281,0.312923094211648,NA,NA,NA,NA,NA,-0.139254163731063,-0.198281,0.0590268362689369,NA,NA,NA,NA,NA,-0.200946952907138,-0.198281,-0.00266595290713806,NA,NA,NA,NA,NA
"20","Mouse_NewITPdata_UMHET3_Liver_C2016_TJL_Control_Female.JL13948","C2016","TJL","Current","Mouse","UMHET3","Female","Liver","Liver","C2016_Female","Control","Control","GPL24247","RNAseq",660,1460,0.4520548,1241.5,1078,0.531615,-2.991489,"C2016_TJL",NA,0.41088294693572,-0.00581100000000001,0.41669394693572,NA,NA,NA,NA,NA,0.237649608846354,-0.00581100000000001,0.243460608846354,NA,NA,NA,NA,NA,0.156248152771305,-0.00581100000000001,0.162059152771305,NA,NA,NA,NA,NA,0.315642534959733,0.0155699999999999,0.300072534959733,NA,NA,NA,NA,NA,0.242158814545296,0.0155699999999999,0.226588814545296,NA,NA,NA,NA,NA,0.279122084663243,0.0155699999999999,0.263552084663243,NA,NA,NA,NA,NA,0.158049850036245,-0.00290550000000023,0.160955350036245,NA,NA,NA,NA,NA,0.105630592051985,-0.00290550000000023,0.108536092051985,NA,NA,NA,NA,NA,0.164184594956434,-0.00290550000000023,0.167090094956434,NA,NA,NA,NA,NA,-0.107924354776299,-0.134412,0.0264876452237003,NA,NA,NA,NA,NA,-0.156580375653971,-0.134412,-0.0221683756539717,NA,NA,NA,NA,NA,-0.169094341505493,-0.134412,-0.0346823415054933,NA,NA,NA,NA,NA
"21","Mouse_NewITPdata_UMHET3_Liver_C2016_TJL_Control_Female.JL13949","C2016","TJL","Current","Mouse","UMHET3","Female","Liver","Liver","C2016_Female","Control","Control","GPL24247","RNAseq",660,1460,0.4520548,1241.5,1078,0.531615,-2.991489,"C2016_TJL",NA,0.250723692741789,-0.00581100000000001,0.256534692741789,NA,NA,NA,NA,NA,0.267543377072604,-0.00581100000000001,0.273354377072604,NA,NA,NA,NA,NA,0.179061446324276,-0.00581100000000001,0.184872446324276,NA,NA,NA,NA,NA,0.155483280765802,0.0155699999999999,0.139913280765802,NA,NA,NA,NA,NA,0.272052582771543,0.0155699999999999,0.256482582771543,NA,NA,NA,NA,NA,0.301935378216214,0.0155699999999999,0.286365378216214,NA,NA,NA,NA,NA,-0.00210940415768533,-0.00290550000000023,0.000796095842314895,NA,NA,NA,NA,NA,0.135524360278236,-0.00290550000000023,0.138429860278236,NA,NA,NA,NA,NA,0.186997888509407,-0.00290550000000023,0.189903388509407,NA,NA,NA,NA,NA,-0.26808360897023,-0.134412,-0.13367160897023,NA,NA,NA,NA,NA,-0.126686607427724,-0.134412,0.00772539257227545,NA,NA,NA,NA,NA,-0.146281047952519,-0.134412,-0.0118690479525188,NA,NA,NA,NA,NA
"22","Mouse_NewITPdata_UMHET3_Liver_C2016_TJL_GGA_Female.JL13903","C2016","TJL","Current","Mouse","UMHET3","Female","Liver","Liver","C2016_Female","GGA","Compound","GPL24247","RNAseq",660,1460,0.4520548,1233,1076.5,0.5352798,-3.040589,"C2016_TJL",NA,0.439244534034704,-0.0549110000000002,0.494155534034704,NA,NA,NA,NA,NA,0.244556591295602,-0.0549110000000002,0.299467591295602,NA,NA,NA,NA,NA,0.124234389339286,-0.0549110000000002,0.179145389339286,NA,NA,NA,NA,NA,0.344004122058717,-0.0335300000000003,0.377534122058718,NA,NA,NA,NA,NA,0.249065796994542,-0.0335300000000003,0.282595796994542,NA,NA,NA,NA,NA,0.247108321231222,-0.0335300000000003,0.280638321231222,NA,NA,NA,NA,NA,0.18641143713523,-0.0520055000000004,0.23841693713523,NA,NA,NA,NA,NA,0.112537574501234,-0.0520055000000004,0.164543074501234,NA,NA,NA,NA,NA,0.132170831524415,-0.0520055000000004,0.184176331524415,NA,NA,NA,NA,NA,-0.0795627676773147,-0.183512,0.103949232322685,NA,NA,NA,NA,NA,-0.149673393204723,-0.183512,0.0338386067952765,NA,NA,NA,NA,NA,-0.201108104937509,-0.183512,-0.0175961049375096,NA,NA,NA,NA,NA
"23","Mouse_NewITPdata_UMHET3_Liver_C2016_TJL_NR_Female.JL14032","C2016","TJL","Current","Mouse","UMHET3","Female","Liver","Liver","C2016_Female","NR","Compound","GPL24247","RNAseq",660,1460,0.4520548,1270,1103,0.519685,-3.004083,"C2016_TJL",NA,0.504310651753118,-0.018405,0.522715651753118,NA,NA,NA,NA,NA,0.125804762115438,-0.018405,0.144209762115438,NA,NA,NA,NA,NA,0.102089977977789,-0.018405,0.120494977977789,NA,NA,NA,NA,NA,0.409070239777132,0.00297599999999987,0.406094239777132,NA,NA,NA,NA,NA,0.130313967814379,0.00297599999999987,0.127337967814379,NA,NA,NA,NA,NA,0.224963909869725,0.00297599999999987,0.221987909869725,NA,NA,NA,NA,NA,0.251477554853644,-0.0154995000000002,0.266977054853644,NA,NA,NA,NA,NA,-0.00621425467893034,-0.0154995000000002,0.00928524532106988,NA,NA,NA,NA,NA,0.110026420162921,-0.0154995000000002,0.125525920162921,NA,NA,NA,NA,NA,-0.0144966499589006,-0.147006,0.132509350041099,NA,NA,NA,NA,NA,-0.268425222384888,-0.147006,-0.121419222384888,NA,NA,NA,NA,NA,-0.223252516299007,-0.147006,-0.0762465162990069,NA,NA,NA,NA,NA
"24","Mouse_NewITPdata_UMHET3_Liver_C2016_UM_Cana_Female.UM68719","C2016","UM","Current","Mouse","UMHET3","Female","Liver","Liver","C2016_Female","Cana","Compound","GPL24247","RNAseq",660,1460,0.4520548,1297,1105.5,0.5088666,-2.989429,"C2016_UM",NA,0.467896471570597,-0.00375099999999984,0.471647471570597,NA,NA,NA,NA,NA,0.190491483107024,-0.00375099999999984,0.194242483107023,NA,NA,NA,NA,NA,0.140215632597311,-0.00375099999999984,0.143966632597311,NA,NA,NA,NA,NA,0.37265605959461,0.01763,0.35502605959461,NA,NA,NA,NA,NA,0.195000688805965,0.01763,0.177370688805965,NA,NA,NA,NA,NA,0.263089564489247,0.01763,0.245459564489247,NA,NA,NA,NA,NA,0.452138671024652,0.01763,0.434508671024652,NA,NA,NA,NA,NA,0.286672559705341,0.01763,0.269042559705341,NA,NA,NA,NA,NA,0.246419266154805,0.01763,0.228789266154805,NA,NA,NA,NA,NA,0.333669403388417,0.01763,0.316039403388417,NA,NA,NA,NA,NA,0.201264539518403,0.01763,0.183634539518403,NA,NA,NA,NA,NA,0.152344864785496,0.01763,0.134714864785496,NA,NA,NA,NA,NA
"25","Mouse_NewITPdata_UMHET3_Liver_C2016_UM_Cana_Female.UM68726","C2016","UM","Current","Mouse","UMHET3","Female","Liver","Liver","C2016_Female","Cana","Compound","GPL24247","RNAseq",660,1460,0.4520548,1297,1105.5,0.5088666,-2.989429,"C2016_UM",NA,0.435648010681313,-0.00375099999999984,0.439399010681313,NA,NA,NA,NA,NA,0.148894430829074,-0.00375099999999984,0.152645430829074,NA,NA,NA,NA,NA,0.127696768441594,-0.00375099999999984,0.131447768441593,NA,NA,NA,NA,NA,0.340407598705327,0.01763,0.322777598705327,NA,NA,NA,NA,NA,0.153403636528015,0.01763,0.135773636528015,NA,NA,NA,NA,NA,0.250570700333529,0.01763,0.232940700333529,NA,NA,NA,NA,NA,0.419890210135369,0.01763,0.402260210135369,NA,NA,NA,NA,NA,0.245075507427393,0.01763,0.227445507427393,NA,NA,NA,NA,NA,0.233900401999087,0.01763,0.216270401999087,NA,NA,NA,NA,NA,0.301420942499135,0.01763,0.283790942499135,NA,NA,NA,NA,NA,0.159667487240454,0.01763,0.142037487240454,NA,NA,NA,NA,NA,0.139826000629778,0.01763,0.122196000629778,NA,NA,NA,NA,NA
"26","Mouse_NewITPdata_UMHET3_Liver_C2016_UM_Cana_Female.UM68831","C2016","UM","Current","Mouse","UMHET3","Female","Liver","Liver","C2016_Female","Cana","Compound","GPL24247","RNAseq",660,1460,0.4520548,1297,1105.5,0.5088666,-2.989429,"C2016_UM",NA,0.37827165883091,-0.00375099999999984,0.38202265883091,NA,NA,NA,NA,NA,0.2890075503448,-0.00375099999999984,0.292758550344799,NA,NA,NA,NA,NA,0.180255293364372,-0.00375099999999984,0.184006293364372,NA,NA,NA,NA,NA,0.283031246854924,0.01763,0.265401246854924,NA,NA,NA,NA,NA,0.293516756043741,0.01763,0.275886756043741,NA,NA,NA,NA,NA,0.303129225256309,0.01763,0.285499225256309,NA,NA,NA,NA,NA,0.362513858284966,0.01763,0.344883858284966,NA,NA,NA,NA,NA,0.385188626943118,0.01763,0.367558626943118,NA,NA,NA,NA,NA,0.286458926921867,0.01763,0.268828926921867,NA,NA,NA,NA,NA,0.244044590648732,0.01763,0.226414590648732,NA,NA,NA,NA,NA,0.299780606756179,0.01763,0.282150606756179,NA,NA,NA,NA,NA,0.192384525552556,0.01763,0.174754525552556,NA,NA,NA,NA,NA
"27","Mouse_NewITPdata_UMHET3_Liver_C2016_UM_Cana_Female.UM69594","C2016","UM","Current","Mouse","UMHET3","Female","Liver","Liver","C2016_Female","Cana","Compound","GPL24247","RNAseq",660,1460,0.4520548,1297,1105.5,0.5088666,-2.989429,"C2016_UM",NA,0.53123977696512,-0.00375099999999984,0.534990776965119,NA,NA,NA,NA,NA,0.204379442832195,-0.00375099999999984,0.208130442832195,NA,NA,NA,NA,NA,0.157181552940284,-0.00375099999999984,0.160932552940284,NA,NA,NA,NA,NA,0.435999364989133,0.01763,0.418369364989133,NA,NA,NA,NA,NA,0.208888648531135,0.01763,0.191258648531135,NA,NA,NA,NA,NA,0.280055484832221,0.01763,0.262425484832221,NA,NA,NA,NA,NA,0.515481976419175,0.01763,0.497851976419175,NA,NA,NA,NA,NA,0.300560519430513,0.01763,0.282930519430513,NA,NA,NA,NA,NA,0.26338518649778,0.01763,0.24575518649778,NA,NA,NA,NA,NA,0.397012708782941,0.01763,0.379382708782941,NA,NA,NA,NA,NA,0.215152499243574,0.01763,0.197522499243574,NA,NA,NA,NA,NA,0.16931078512847,0.01763,0.151680785128469,NA,NA,NA,NA,NA
"28","Mouse_NewITPdata_UMHET3_Liver_C2016_UM_CC_Female.UM69006","C2016","UM","Current","Mouse","UMHET3","Female","Liver","Liver","C2016_Female","CC","Compound","GPL24247","RNAseq",660,1460,0.4520548,1210,1052,0.5454545,-2.978751,"C2016_UM",NA,0.0911470170373513,0.00692700000000013,0.0842200170373512,NA,NA,NA,NA,NA,0.117499819539003,0.00692700000000013,0.110572819539002,NA,NA,NA,NA,NA,0.139482234937052,0.00692700000000013,0.132555234937052,NA,NA,NA,NA,NA,-0.00409339493863494,0.028308,-0.0324013949386349,NA,NA,NA,NA,NA,0.122009025237944,0.028308,0.0937010252379437,NA,NA,NA,NA,NA,0.262356166828986,0.028308,0.234048166828986,NA,NA,NA,NA,NA,0.0753892164914071,0.028308,0.0470812164914071,NA,NA,NA,NA,NA,0.213680896137321,0.028308,0.185372896137321,NA,NA,NA,NA,NA,0.245685868494544,0.028308,0.217377868494544,NA,NA,NA,NA,NA,-0.0430800511448273,0.028308,-0.0713880511448273,NA,NA,NA,NA,NA,0.128272875950383,0.028308,0.099964875950383,NA,NA,NA,NA,NA,0.151611467125235,0.028308,0.123303467125235,NA,NA,NA,NA,NA
"29","Mouse_NewITPdata_UMHET3_Liver_C2016_UM_Control_Female.UM68530","C2016","UM","Current","Mouse","UMHET3","Female","Liver","Liver","C2016_Female","Control","Control","GPL24247","RNAseq",660,1460,0.4520548,1222.5,1063,0.5398773,-3.007059,"C2016_UM",NA,0.55749094828288,-0.0213809999999999,0.57887194828288,NA,NA,NA,NA,NA,0.391793979254542,-0.0213809999999999,0.413174979254542,NA,NA,NA,NA,NA,0.223240548049359,-0.0213809999999999,0.244621548049359,NA,NA,NA,NA,NA,0.462250536306894,0,0.462250536306894,NA,NA,NA,NA,NA,0.396303184953483,0,0.396303184953483,NA,NA,NA,NA,NA,0.346114479941296,0,0.346114479941296,NA,NA,NA,NA,NA,0.541733147736935,0,0.541733147736935,NA,NA,NA,NA,NA,0.487975055852861,0,0.487975055852861,NA,NA,NA,NA,NA,0.329444181606854,0,0.329444181606854,NA,NA,NA,NA,NA,0.423263880100701,0,0.423263880100701,NA,NA,NA,NA,NA,0.402567035665922,0,0.402567035665922,NA,NA,NA,NA,NA,0.235369780237544,0,0.235369780237544,NA,NA,NA,NA,NA
"30","Mouse_NewITPdata_UMHET3_Liver_C2016_UM_Control_Female.UM69468","C2016","UM","Current","Mouse","UMHET3","Female","Liver","Liver","C2016_Female","Control","Control","GPL24247","RNAseq",660,1460,0.4520548,1222.5,1063,0.5398773,-3.007059,"C2016_UM",NA,0.362001108638764,-0.0213809999999999,0.383382108638764,NA,NA,NA,NA,NA,0.269528789704312,-0.0213809999999999,0.290909789704312,NA,NA,NA,NA,NA,0.196808590377667,-0.0213809999999999,0.218189590377666,NA,NA,NA,NA,NA,0.266760696662777,0,0.266760696662777,NA,NA,NA,NA,NA,0.274037995403252,0,0.274037995403252,NA,NA,NA,NA,NA,0.319682522269602,0,0.319682522269602,NA,NA,NA,NA,NA,0.346243308092819,0,0.346243308092819,NA,NA,NA,NA,NA,0.365709866302628,0,0.365709866302628,NA,NA,NA,NA,NA,0.303012223935162,0,0.303012223935162,NA,NA,NA,NA,NA,0.227774040456585,0,0.227774040456585,NA,NA,NA,NA,NA,0.280301846115691,0,0.280301846115691,NA,NA,NA,NA,NA,0.208937822565851,0,0.208937822565851,NA,NA,NA,NA,NA
"31","Mouse_NewITPdata_UMHET3_Liver_C2016_UM_Control_Female.UM70217","C2016","UM","Current","Mouse","UMHET3","Female","Liver","Liver","C2016_Female","Control","Control","GPL24247","RNAseq",660,1460,0.4520548,1222.5,1063,0.5398773,-3.007059,"C2016_UM",NA,0.401198489460711,-0.0213809999999999,0.422579489460711,NA,NA,NA,NA,NA,0.140358385998765,-0.0213809999999999,0.161739385998765,NA,NA,NA,NA,NA,0.0709848863285643,-0.0213809999999999,0.0923658863285642,NA,NA,NA,NA,NA,0.305958077484725,0,0.305958077484725,NA,NA,NA,NA,NA,0.144867591697706,0,0.144867591697706,NA,NA,NA,NA,NA,0.193858818220499,0,0.193858818220499,NA,NA,NA,NA,NA,0.385440688914767,0,0.385440688914767,NA,NA,NA,NA,NA,0.236539462597084,0,0.236539462597084,NA,NA,NA,NA,NA,0.177188519886059,0,0.177188519886059,NA,NA,NA,NA,NA,0.266971421278533,0,0.266971421278533,NA,NA,NA,NA,NA,0.151131442410144,0,0.151131442410144,NA,NA,NA,NA,NA,0.0831141185167482,0,0.0831141185167482,NA,NA,NA,NA,NA
"32","Mouse_NewITPdata_UMHET3_Liver_C2016_UM_Control_Female.UM70224","C2016","UM","Current","Mouse","UMHET3","Female","Liver","Liver","C2016_Female","Control","Control","GPL24247","RNAseq",660,1460,0.4520548,1222.5,1063,0.5398773,-3.007059,"C2016_UM",NA,0.385632437055463,-0.0213809999999999,0.407013437055463,NA,NA,NA,NA,NA,0.328822787555121,-0.0213809999999999,0.35020378755512,NA,NA,NA,NA,NA,0.143907262833417,-0.0213809999999999,0.165288262833417,NA,NA,NA,NA,NA,0.290392025079477,0,0.290392025079477,NA,NA,NA,NA,NA,0.333331993254061,0,0.333331993254061,NA,NA,NA,NA,NA,0.266781194725356,0,0.266781194725356,NA,NA,NA,NA,NA,0.369874636509519,0,0.369874636509519,NA,NA,NA,NA,NA,0.425003864153439,0,0.425003864153439,NA,NA,NA,NA,NA,0.250110896390911,0,0.250110896390911,NA,NA,NA,NA,NA,0.251405368873284,0,0.251405368873284,NA,NA,NA,NA,NA,0.339595843966499,0,0.339595843966499,NA,NA,NA,NA,NA,0.156036495021605,0,0.156036495021605,NA,NA,NA,NA,NA
"33","Mouse_NewITPdata_UMHET3_Liver_C2016_UM_Control_Female.UM70231","C2016","UM","Current","Mouse","UMHET3","Female","Liver","Liver","C2016_Female","Control","Control","GPL24247","RNAseq",660,1460,0.4520548,1222.5,1063,0.5398773,-3.007059,"C2016_UM",NA,0.380591434303539,-0.0213809999999999,0.401972434303539,NA,NA,NA,NA,NA,0.196467340922444,-0.0213809999999999,0.217848340922444,NA,NA,NA,NA,NA,0.161982415369341,-0.0213809999999999,0.183363415369341,NA,NA,NA,NA,NA,0.285351022327552,0,0.285351022327552,NA,NA,NA,NA,NA,0.200976546621385,0,0.200976546621385,NA,NA,NA,NA,NA,0.284856347261276,0,0.284856347261276,NA,NA,NA,NA,NA,0.364833633757594,0,0.364833633757594,NA,NA,NA,NA,NA,0.292648417520762,0,0.292648417520762,NA,NA,NA,NA,NA,0.268186048926835,0,0.268186048926835,NA,NA,NA,NA,NA,0.24636436612136,0,0.24636436612136,NA,NA,NA,NA,NA,0.207240397333824,0,0.207240397333824,NA,NA,NA,NA,NA,0.174111647557526,0,0.174111647557526,NA,NA,NA,NA,NA
"34","Mouse_NewITPdata_UMHET3_Liver_C2016_UM_Control_Female.UM70364","C2016","UM","Current","Mouse","UMHET3","Female","Liver","Liver","C2016_Female","Control","Control","GPL24247","RNAseq",660,1460,0.4520548,1222.5,1063,0.5398773,-3.007059,"C2016_UM",NA,0.275058704594473,-0.0213809999999999,0.296439704594473,NA,NA,NA,NA,NA,0.287409969491749,-0.0213809999999999,0.308790969491749,NA,NA,NA,NA,NA,0.16016926434499,-0.0213809999999999,0.18155026434499,NA,NA,NA,NA,NA,0.179818292618486,0,0.179818292618486,NA,NA,NA,NA,NA,0.291919175190689,0,0.291919175190689,NA,NA,NA,NA,NA,0.283043196236926,0,0.283043196236926,NA,NA,NA,NA,NA,0.259300904048528,0,0.259300904048528,NA,NA,NA,NA,NA,0.383591046090067,0,0.383591046090067,NA,NA,NA,NA,NA,0.266372897902484,0,0.266372897902484,NA,NA,NA,NA,NA,0.140831636412294,0,0.140831636412294,NA,NA,NA,NA,NA,0.298183025903129,0,0.298183025903129,NA,NA,NA,NA,NA,0.172298496533175,0,0.172298496533175,NA,NA,NA,NA,NA
"35","Mouse_NewITPdata_UMHET3_Liver_C2016_UM_Control_Female.YC11","C2016","UM","Current","Mouse","UMHET3","Female","Liver","Liver","C2016_Female","Control","Control","GPL24247","RNAseq",120,1460,0.08219178,1222.5,1063,0.09815951,-4.638564,"C2016_UM",NA,-0.851824696003615,-1.652886,0.801061303996384,NA,NA,NA,NA,NA,-1.05708327953947,-1.652886,0.595802720460526,NA,NA,NA,NA,NA,-1.31762822108919,-1.652886,0.33525777891081,NA,NA,NA,NA,NA,-0.947065107979602,-1.631505,0.684439892020398,NA,NA,NA,NA,NA,-1.05257407384053,-1.631505,0.57893092615947,NA,NA,NA,NA,NA,-1.19475428919725,-1.631505,0.436750710802746,NA,NA,NA,NA,NA,-0.86758249654956,-1.631505,0.76392250345044,NA,NA,NA,NA,NA,-0.960902202941155,-1.631505,0.670602797058845,NA,NA,NA,NA,NA,-1.21142458753169,-1.631505,0.420080412468305,NA,NA,NA,NA,NA,-0.986051764185795,-1.631505,0.645453235814205,NA,NA,NA,NA,NA,-1.04631022312809,-1.631505,0.585194776871905,NA,NA,NA,NA,NA,-1.305498988901,-1.631505,0.326006011099,NA,NA,NA,NA,NA
"36","Mouse_NewITPdata_UMHET3_Liver_C2016_UM_Control_Female.YC12","C2016","UM","Current","Mouse","UMHET3","Female","Liver","Liver","C2016_Female","Control","Control","GPL24247","RNAseq",120,1460,0.08219178,1222.5,1063,0.09815951,-4.638564,"C2016_UM",NA,-0.986367974113683,-1.652886,0.666518025886317,NA,NA,NA,NA,NA,-1.07500548581786,-1.652886,0.577880514182142,NA,NA,NA,NA,NA,-1.33589450841827,-1.652886,0.31699149158173,NA,NA,NA,NA,NA,-1.08160838608967,-1.631505,0.549896613910331,NA,NA,NA,NA,NA,-1.07049628011891,-1.631505,0.56100871988109,NA,NA,NA,NA,NA,-1.21302057652634,-1.631505,0.418484423473659,NA,NA,NA,NA,NA,-1.00212577465963,-1.631505,0.629379225340372,NA,NA,NA,NA,NA,-0.978824409219538,-1.631505,0.652680590780461,NA,NA,NA,NA,NA,-1.22969087486078,-1.631505,0.401814125139223,NA,NA,NA,NA,NA,-1.12059504229586,-1.631505,0.510909957704138,NA,NA,NA,NA,NA,-1.06423242940647,-1.631505,0.567272570593526,NA,NA,NA,NA,NA,-1.32376527623009,-1.631505,0.307739723769905,NA,NA,NA,NA,NA
"37","Mouse_NewITPdata_UMHET3_Liver_C2016_UM_GGA_Female.UM68628","C2016","UM","Current","Mouse","UMHET3","Female","Liver","Liver","C2016_Female","GGA","Compound","GPL24247","RNAseq",660,1460,0.4520548,1213.5,1064.5,0.5438813,-2.942375,"C2016_UM",NA,0.150460861704803,0.0433029999999999,0.107157861704804,NA,NA,NA,NA,NA,0.140331474900242,0.0433029999999999,0.0970284749002419,NA,NA,NA,NA,NA,0.185729381201487,0.0433029999999999,0.142426381201487,NA,NA,NA,NA,NA,0.055220449728817,0.0646839999999997,-0.00946355027118276,NA,NA,NA,NA,NA,0.144840680599182,0.0646839999999997,0.0801566805991824,NA,NA,NA,NA,NA,0.308603313093424,0.0646839999999997,0.243919313093424,NA,NA,NA,NA,NA,0.134703061158859,0.0646839999999997,0.0700190611588593,NA,NA,NA,NA,NA,0.23651255149856,0.0646839999999997,0.17182855149856,NA,NA,NA,NA,NA,0.291933014758982,0.0646839999999997,0.227249014758982,NA,NA,NA,NA,NA,0.016233793522625,0.0646839999999997,-0.0484502064773747,NA,NA,NA,NA,NA,0.151104531311621,0.0646839999999997,0.0864205313116209,NA,NA,NA,NA,NA,0.197858613389673,0.0646839999999997,0.133174613389673,NA,NA,NA,NA,NA
"38","Mouse_NewITPdata_UMHET3_Liver_C2016_UM_MIF098_Female.UM68292","C2016","UM","Current","Mouse","UMHET3","Female","Liver","Liver","C2016_Female","MIF098","Compound","GPL24247","RNAseq",660,1460,0.4520548,1153,1013,0.5724198,-2.92077,"C2016_UM",NA,0.239627340275029,0.064908,0.174719340275029,NA,NA,NA,NA,NA,0.287097490548368,0.064908,0.222189490548368,NA,NA,NA,NA,NA,0.253044463560227,0.064908,0.188136463560227,NA,NA,NA,NA,NA,0.144386928299043,0.0862889999999998,0.0580979282990427,NA,NA,NA,NA,NA,0.291606696247309,0.0862889999999998,0.205317696247309,NA,NA,NA,NA,NA,0.375918395452163,0.0862889999999998,0.289629395452163,NA,NA,NA,NA,NA,0.223869539729085,0.0862889999999998,0.137580539729085,NA,NA,NA,NA,NA,0.383278567146688,0.0862889999999998,0.296989567146688,NA,NA,NA,NA,NA,0.359248097117722,0.0862889999999998,0.272959097117722,NA,NA,NA,NA,NA,0.10540027209285,0.0862889999999998,0.0191112720928505,NA,NA,NA,NA,NA,0.297870546959748,0.0862889999999998,0.211581546959748,NA,NA,NA,NA,NA,0.265173695748411,0.0862889999999998,0.178884695748411,NA,NA,NA,NA,NA
"39","Mouse_NewITPdata_UMHET3_Liver_C2016_UM_NR_Female.UM68341","C2016","UM","Current","Mouse","UMHET3","Female","Liver","Liver","C2016_Female","NR","Compound","GPL24247","RNAseq",660,1460,0.4520548,1175.5,1022.5,0.5614632,-2.885837,"C2016_UM",NA,0.143460999433567,0.0998410000000001,0.0436199994335671,NA,NA,NA,NA,NA,0.306177843762401,0.0998410000000001,0.206336843762401,NA,NA,NA,NA,NA,0.271003935632574,0.0998410000000001,0.171162935632573,NA,NA,NA,NA,NA,0.0482205874575807,0.121222,-0.0730014125424193,NA,NA,NA,NA,NA,0.310687049461342,0.121222,0.189465049461342,NA,NA,NA,NA,NA,0.393877867524508,0.121222,0.272655867524508,NA,NA,NA,NA,NA,0.127703198887622,0.121222,0.00648119888762244,NA,NA,NA,NA,NA,0.402358920360718,0.121222,0.281136920360718,NA,NA,NA,NA,NA,0.377207569190066,0.121222,0.255985569190066,NA,NA,NA,NA,NA,0.00923393125138814,0.121222,-0.111988068748612,NA,NA,NA,NA,NA,0.31695090017378,0.121222,0.19572890017378,NA,NA,NA,NA,NA,0.28313316782076,0.121222,0.16191116782076,NA,NA,NA,NA,NA
"40","Mouse_NewITPdata_UMHET3_Liver_C2016_UT_Cana_Female.UT09523","C2016","UT","Current","Mouse","UMHET3","Female","Liver","Liver","C2016_Female","Cana","Compound","GPL24247","RNAseq",660,1460,0.4520548,1242.5,1066.5,0.5311871,-2.944454,"C2016_UT",NA,0.00249837705441024,0.0412240000000001,-0.0387256229455899,NA,NA,NA,NA,NA,0.131026523502086,0.0412240000000001,0.0898025235020863,NA,NA,NA,NA,NA,0.165879196477659,0.0412240000000001,0.124655196477659,NA,NA,NA,NA,NA,-0.0927420349215762,0.062605,-0.155347034921576,NA,NA,NA,NA,NA,0.135535729201027,0.062605,0.0729307292010268,NA,NA,NA,NA,NA,0.288753128369599,0.062605,0.226148128369599,NA,NA,NA,NA,NA,-0.170888146667279,-0.171036,0.000147853332721409,NA,NA,NA,NA,NA,0.0167504821606441,-0.171036,0.187786482160644,NA,NA,NA,NA,NA,0.0150292674400028,-0.171036,0.186065267440003,NA,NA,NA,NA,NA,-0.647601653552486,-0.171036,-0.476565653552486,NA,NA,NA,NA,NA,-0.325855997767574,-0.171036,-0.154819997767574,NA,NA,NA,NA,NA,-0.239339117891265,-0.171036,-0.0683031178912653,NA,NA,NA,NA,NA
"41","Mouse_NewITPdata_UMHET3_Liver_C2016_UT_Control_Female.UT09506","C2016","UT","Current","Mouse","UMHET3","Female","Liver","Liver","C2016_Female","Control","Control","GPL24247","RNAseq",660,1460,0.4520548,1254.5,1082,0.526106,-2.998485,"C2016_UT",NA,0.616738186104786,-0.012807,0.629545186104786,NA,NA,NA,NA,NA,0.244154384372036,-0.012807,0.256961384372036,NA,NA,NA,NA,NA,0.159333655649685,-0.012807,0.172140655649685,NA,NA,NA,NA,NA,0.521497774128799,0.00857399999999986,0.5129237741288,NA,NA,NA,NA,NA,0.248663590070975,0.00857399999999986,0.240089590070975,NA,NA,NA,NA,NA,0.28220758754162,0.00857399999999986,0.27363358754162,NA,NA,NA,NA,NA,0.443351662383097,-0.225067,0.668418662383097,NA,NA,NA,NA,NA,0.129878343030595,-0.225067,0.354945343030595,NA,NA,NA,NA,NA,0.00848372661202418,-0.225067,0.233550726612024,NA,NA,NA,NA,NA,-0.033361844502111,-0.225067,0.191705155497889,NA,NA,NA,NA,NA,-0.21272813689762,-0.225067,0.0123388631023799,NA,NA,NA,NA,NA,-0.245884658719242,-0.225067,-0.0208176587192416,NA,NA,NA,NA,NA
"42","Mouse_NewITPdata_UMHET3_Liver_C2016_UT_GGA_Female.UT09642","C2016","UT","Current","Mouse","UMHET3","Female","Liver","Liver","C2016_Female","GGA","Compound","GPL24247","RNAseq",660,1460,0.4520548,1230.5,1070.5,0.5363673,-3.007808,"C2016_UT",NA,0.284447321225556,-0.0221299999999998,0.306577321225556,NA,NA,NA,NA,NA,0.158114603194676,-0.0221299999999998,0.180244603194676,NA,NA,NA,NA,NA,0.153797854168445,-0.0221299999999998,0.175927854168444,NA,NA,NA,NA,NA,0.18920690924957,-0.000748999999999889,0.18995590924957,NA,NA,NA,NA,NA,0.162623808893617,-0.000748999999999889,0.163372808893616,NA,NA,NA,NA,NA,0.276671786060382,-0.000748999999999889,0.277420786060382,NA,NA,NA,NA,NA,0.111060797503867,-0.23439,0.345450797503867,NA,NA,NA,NA,NA,0.0438385618532363,-0.23439,0.278228561853236,NA,NA,NA,NA,NA,0.00294792513078269,-0.23439,0.237337925130783,NA,NA,NA,NA,NA,-0.365652709381341,-0.23439,-0.131262709381341,NA,NA,NA,NA,NA,-0.29876791807498,-0.23439,-0.0643779180749806,NA,NA,NA,NA,NA,-0.251420460200481,-0.23439,-0.017030460200481,NA,NA,NA,NA,NA
"43","Mouse_NewITPdata_UMHET3_Liver_C2017_TJL_BD_Female.JL16221","C2017","TJL","Current","Mouse","UMHET3","Female","Liver","Liver","C2017_Female","BD","Compound","GPL24247","RNAseq",660,1460,0.4520548,1263,1103.5,0.5225653,-3.14161,"C2017_TJL",NA,-0.138139363858093,-0.155932,0.0177926361419072,NA,NA,NA,NA,NA,0.0612359187030354,-0.155932,0.217167918703035,NA,NA,NA,NA,NA,-0.00757617943681732,-0.155932,0.148355820563183,NA,NA,NA,NA,NA,0.0805659052538424,-0.1201965,0.200762405253842,NA,NA,NA,NA,NA,0.415393381614401,-0.1201965,0.535589881614401,NA,NA,NA,NA,NA,0.408093106234887,-0.1201965,0.528289606234888,NA,NA,NA,NA,NA,-0.390972460757567,-0.1530265,-0.237945960757567,NA,NA,NA,NA,NA,-0.070783098091332,-0.1530265,0.0822434019086682,NA,NA,NA,NA,NA,0.000360262748312086,-0.1530265,0.153386762748312,NA,NA,NA,NA,NA,-0.0197315830053518,0.186012,-0.205743583005352,NA,NA,NA,NA,NA,0.259336433313296,0.186012,0.0733244333132961,NA,NA,NA,NA,NA,0.401530117057308,0.186012,0.215518117057308,NA,NA,NA,NA,NA
"44","Mouse_NewITPdata_UMHET3_Liver_C2017_TJL_Capt_Female.JL16257","C2017","TJL","Current","Mouse","UMHET3","Female","Liver","Liver","C2017_Female","Capt","Compound","GPL24247","RNAseq",660,1460,0.4520548,1354,1161,0.4874446,-3.117432,"C2017_TJL",NA,0.204574143303854,-0.131754,0.336328143303854,NA,NA,NA,NA,NA,0.160759607373299,-0.131754,0.292513607373299,NA,NA,NA,NA,NA,0.0366253530623458,-0.131754,0.168379353062346,NA,NA,NA,NA,NA,0.423279412415789,-0.0960185,0.519297912415789,NA,NA,NA,NA,NA,0.514917070284665,-0.0960185,0.610935570284665,NA,NA,NA,NA,NA,0.45229463873405,-0.0960185,0.54831313873405,NA,NA,NA,NA,NA,-0.0482589535956205,-0.1288485,0.0805895464043796,NA,NA,NA,NA,NA,0.0287405905789317,-0.1288485,0.157589090578932,NA,NA,NA,NA,NA,0.0445617952474741,-0.1288485,0.173410295247474,NA,NA,NA,NA,NA,0.322981924156595,0.21019,0.112791924156595,NA,NA,NA,NA,NA,0.35886012198356,0.21019,0.14867012198356,NA,NA,NA,NA,NA,0.445731649556469,0.21019,0.23554164955647,NA,NA,NA,NA,NA
"45","Mouse_NewITPdata_UMHET3_Liver_C2017_TJL_Control_Female.JL16314","C2017","TJL","Current","Mouse","UMHET3","Female","Liver","Liver","C2017_Female","Control","Control","GPL24247","RNAseq",660,1460,0.4520548,1240.5,1072,0.5320435,-2.985678,"C2017_TJL",NA,0.303143046859395,0,0.303143046859395,NA,NA,NA,NA,NA,0.2785301838033,0,0.2785301838033,NA,NA,NA,NA,NA,0.22799742120185,0,0.22799742120185,NA,NA,NA,NA,NA,0.52184831597133,0.0357354999999999,0.48611281597133,NA,NA,NA,NA,NA,0.632687646714666,0.0357354999999999,0.596952146714666,NA,NA,NA,NA,NA,0.643666706873554,0.0357354999999999,0.607931206873555,NA,NA,NA,NA,NA,0.0503099499599207,0.00290549999999978,0.047404449959921,NA,NA,NA,NA,NA,0.146511167008934,0.00290549999999978,0.143605667008934,NA,NA,NA,NA,NA,0.23593386338698,0.00290549999999978,0.23302836338698,NA,NA,NA,NA,NA,0.421550827712136,0.341944,0.0796068277121362,NA,NA,NA,NA,NA,0.476630698413561,0.341944,0.134686698413561,NA,NA,NA,NA,NA,0.637103717695973,0.341944,0.295159717695973,NA,NA,NA,NA,NA
"46","Mouse_NewITPdata_UMHET3_Liver_C2017_TJL_Control_Female.JL16317","C2017","TJL","Current","Mouse","UMHET3","Female","Liver","Liver","C2017_Female","Control","Control","GPL24247","RNAseq",660,1460,0.4520548,1240.5,1072,0.5320435,-2.985678,"C2017_TJL",NA,0.341385551916756,0,0.341385551916756,NA,NA,NA,NA,NA,0.103209094872807,0,0.103209094872807,NA,NA,NA,NA,NA,0.119294717766272,0,0.119294717766272,NA,NA,NA,NA,NA,0.560090821028691,0.0357354999999999,0.524355321028691,NA,NA,NA,NA,NA,0.457366557784174,0.0357354999999999,0.421631057784174,NA,NA,NA,NA,NA,0.534964003437977,0.0357354999999999,0.499228503437977,NA,NA,NA,NA,NA,0.0885524550172817,0.00290549999999978,0.0856469550172819,NA,NA,NA,NA,NA,-0.0288099219215609,0.00290549999999978,-0.0317154219215607,NA,NA,NA,NA,NA,0.127231159951402,0.00290549999999978,0.124325659951402,NA,NA,NA,NA,NA,0.459793332769497,0.341944,0.117849332769497,NA,NA,NA,NA,NA,0.301309609483068,0.341944,-0.040634390516932,NA,NA,NA,NA,NA,0.528401014260397,0.341944,0.186457014260397,NA,NA,NA,NA,NA
"47","Mouse_NewITPdata_UMHET3_Liver_C2017_TJL_Control_Female.JLFemale1","C2017","TJL","Current","Mouse","UMHET3","Female","Liver","Liver","C2017_Female","Control","Control","GPL24247","RNAseq",150,1460,0.1027397,1240.5,1072,0.120919,-4.428207,"C2017_TJL",NA,-0.882484894047587,-1.442529,0.560044105952413,NA,NA,NA,NA,NA,-0.958778948829906,-1.442529,0.483750051170094,NA,NA,NA,NA,NA,-1.23897196928725,-1.442529,0.203557030712749,NA,NA,NA,NA,NA,-0.663779624935652,-1.4067935,0.743013875064348,NA,NA,NA,NA,NA,-0.604621485918543,-1.4067935,0.802172014081456,NA,NA,NA,NA,NA,-0.823302683615544,-1.4067935,0.583490816384455,NA,NA,NA,NA,NA,-1.13531799094706,-1.4396235,0.304305509052939,NA,NA,NA,NA,NA,-1.09079796562428,-1.4396235,0.348825534375722,NA,NA,NA,NA,NA,-1.23103552710212,-1.4396235,0.208587972897877,NA,NA,NA,NA,NA,-0.764077113194846,-1.100585,0.336507886805154,NA,NA,NA,NA,NA,-0.760678434219649,-1.100585,0.339906565780351,NA,NA,NA,NA,NA,-0.829865672793128,-1.100585,0.270719327206872,NA,NA,NA,NA,NA
"48","Mouse_NewITPdata_UMHET3_Liver_C2017_TJL_Control_Female.JLFemale2","C2017","TJL","Current","Mouse","UMHET3","Female","Liver","Liver","C2017_Female","Control","Control","GPL24247","RNAseq",150,1460,0.1027397,1240.5,1072,0.120919,-4.428207,"C2017_TJL",NA,-0.871378964426316,-1.442529,0.571150035573684,NA,NA,NA,NA,NA,-0.969803385676564,-1.442529,0.472725614323436,NA,NA,NA,NA,NA,-1.18663099429854,-1.442529,0.255898005701461,NA,NA,NA,NA,NA,-0.65267369531438,-1.4067935,0.754119804685619,NA,NA,NA,NA,NA,-0.615645922765199,-1.4067935,0.7911475772348,NA,NA,NA,NA,NA,-0.770961708626837,-1.4067935,0.635831791373162,NA,NA,NA,NA,NA,-1.12421206132579,-1.4396235,0.31541143867421,NA,NA,NA,NA,NA,-1.10182240247093,-1.4396235,0.337801097529069,NA,NA,NA,NA,NA,-1.17869455211341,-1.4396235,0.260928947886588,NA,NA,NA,NA,NA,-0.752971183573575,-1.100585,0.347613816426425,NA,NA,NA,NA,NA,-0.771702871066299,-1.100585,0.328882128933701,NA,NA,NA,NA,NA,-0.777524697804417,-1.100585,0.323060302195582,NA,NA,NA,NA,NA
"49","Mouse_NewITPdata_UMHET3_Liver_C2017_TJL_Leu_Female.JL16267","C2017","TJL","Current","Mouse","UMHET3","Female","Liver","Liver","C2017_Female","Leu","Compound","GPL24247","RNAseq",660,1460,0.4520548,1260.5,1085,0.5236017,-2.99676,"C2017_TJL",NA,0.13102404066351,-0.011082,0.14210604066351,NA,NA,NA,NA,NA,0.0481547856282648,-0.011082,0.0592367856282648,NA,NA,NA,NA,NA,0.10242135728618,-0.011082,0.11350335728618,NA,NA,NA,NA,NA,0.349729309775445,0.0246534999999999,0.325075809775445,NA,NA,NA,NA,NA,0.40231224853963,0.0246534999999999,0.37765874853963,NA,NA,NA,NA,NA,0.518090642957885,0.0246534999999999,0.493437142957886,NA,NA,NA,NA,NA,-0.121809056235964,-0.00817650000000025,-0.113632556235963,NA,NA,NA,NA,NA,-0.0838642311661025,-0.00817650000000025,-0.0756877311661023,NA,NA,NA,NA,NA,0.110357799471309,-0.00817650000000025,0.118534299471309,NA,NA,NA,NA,NA,0.249431821516251,0.330862,-0.0814301784837485,NA,NA,NA,NA,NA,0.246255300238525,0.330862,-0.0846066997614748,NA,NA,NA,NA,NA,0.511527653780304,0.330862,0.180665653780304,NA,NA,NA,NA,NA
"50","Mouse_NewITPdata_UMHET3_Liver_C2017_TJL_PB125_Female.JL16258","C2017","TJL","Current","Mouse","UMHET3","Female","Liver","Liver","C2017_Female","PB125","Compound","GPL24247","RNAseq",660,1460,0.4520548,1268,1091,0.5205047,-2.982511,"C2017_TJL",NA,0.217877503606522,0.00316699999999992,0.214710503606522,NA,NA,NA,NA,NA,0.0934927096251807,0.00316699999999992,0.0903257096251808,NA,NA,NA,NA,NA,0.126591388115633,0.00316699999999992,0.123424388115633,NA,NA,NA,NA,NA,0.436582772718457,0.0389024999999998,0.397680272718457,NA,NA,NA,NA,NA,0.447650172536547,0.0389024999999998,0.408747672536547,NA,NA,NA,NA,NA,0.54226067378734,0.0389024999999998,0.50335817378734,NA,NA,NA,NA,NA,-0.0349555932929522,0.0060724999999997,-0.0410280932929519,NA,NA,NA,NA,NA,-0.0385263071691862,0.0060724999999997,-0.0445988071691859,NA,NA,NA,NA,NA,0.134527830300763,0.0060724999999997,0.128455330300763,NA,NA,NA,NA,NA,0.336285284459263,0.345111,-0.0088257155407368,NA,NA,NA,NA,NA,0.291593224235442,0.345111,-0.0535177757645572,NA,NA,NA,NA,NA,0.535697684609758,0.345111,0.190586684609758,NA,NA,NA,NA,NA
"51","Mouse_NewITPdata_UMHET3_Liver_C2017_TJL_RaAc16_Female.JL16306","C2017","TJL","Current","Mouse","UMHET3","Female","Liver","Liver","C2017_Female","RaAc_16m","Compound","GPL24247","RNAseq",660,1460,0.4520548,1420,1234,0.4647887,-3.343985,"C2017_TJL",NA,-0.0900866732653313,-0.358307,0.268220326734669,NA,NA,NA,NA,NA,-0.181382421550536,-0.358307,0.176924578449464,NA,NA,NA,NA,NA,-0.229677755557918,-0.358307,0.128629244442082,NA,NA,NA,NA,NA,0.128618595846604,-0.3225715,0.451190095846604,NA,NA,NA,NA,NA,0.172775041360831,-0.3225715,0.495346541360831,NA,NA,NA,NA,NA,0.185991530113787,-0.3225715,0.508563030113787,NA,NA,NA,NA,NA,-0.342919770164805,-0.3554015,0.0124817298351949,NA,NA,NA,NA,NA,-0.313401438344903,-0.3554015,0.0420000616550973,NA,NA,NA,NA,NA,-0.22174131337279,-0.3554015,0.133660186627211,NA,NA,NA,NA,NA,0.0283211075874099,-0.0163630000000001,0.04468410758741,NA,NA,NA,NA,NA,0.0167180930597239,-0.0163630000000001,0.033081093059724,NA,NA,NA,NA,NA,0.179428540936207,-0.0163630000000001,0.195791540936207,NA,NA,NA,NA,NA
"52","Mouse_NewITPdata_UMHET3_Liver_C2017_TJL_RaAc9_Female.JL16313","C2017","TJL","Current","Mouse","UMHET3","Female","Liver","Liver","C2017_Female","RaAc_9m","Compound","GPL24247","RNAseq",660,1460,0.4520548,1451,1285.5,0.4548587,-3.614429,"C2017_TJL",NA,0.0367427995638199,-0.628751,0.66549379956382,NA,NA,NA,NA,NA,-0.352711054308949,-0.628751,0.276039945691051,NA,NA,NA,NA,NA,-0.470658956858387,-0.628751,0.158092043141613,NA,NA,NA,NA,NA,0.255448068675755,-0.5930155,0.848463568675755,NA,NA,NA,NA,NA,0.00144640860241645,-0.5930155,0.594461908602416,NA,NA,NA,NA,NA,-0.0549896711866821,-0.5930155,0.538025828813318,NA,NA,NA,NA,NA,-0.216090297335654,-0.6258455,0.409755202664346,NA,NA,NA,NA,NA,-0.484730071103318,-0.6258455,0.141115428896682,NA,NA,NA,NA,NA,-0.462722514673259,-0.6258455,0.163122985326741,NA,NA,NA,NA,NA,0.15515058041656,-0.286807,0.44195758041656,NA,NA,NA,NA,NA,-0.154610539698689,-0.286807,0.132196460301311,NA,NA,NA,NA,NA,-0.0615526603642615,-0.286807,0.225254339635739,NA,NA,NA,NA,NA
"53","Mouse_NewITPdata_UMHET3_Liver_C2017_TJL_Sul_Female.JL16262","C2017","TJL","Current","Mouse","UMHET3","Female","Liver","Liver","C2017_Female","Sul","Compound","GPL24247","RNAseq",660,1460,0.4520548,1237,1075.5,0.5335489,-3.035814,"C2017_TJL",NA,0.182009811375788,-0.0501359999999997,0.232145811375788,NA,NA,NA,NA,NA,0.152606356208436,-0.0501359999999997,0.202742356208436,NA,NA,NA,NA,NA,0.107986363285866,-0.0501359999999997,0.158122363285866,NA,NA,NA,NA,NA,0.400715080487724,-0.0144004999999998,0.415115580487723,NA,NA,NA,NA,NA,0.506763819119802,-0.0144004999999998,0.521164319119801,NA,NA,NA,NA,NA,0.52365564895757,-0.0144004999999998,0.53805614895757,NA,NA,NA,NA,NA,-0.0708232855236857,-0.0472305,-0.0235927855236857,NA,NA,NA,NA,NA,0.0205873394140687,-0.0472305,0.0678178394140686,NA,NA,NA,NA,NA,0.115922805470996,-0.0472305,0.163153305470996,NA,NA,NA,NA,NA,0.300417592228529,0.291808,0.00860959222852942,NA,NA,NA,NA,NA,0.350706870818696,0.291808,0.0588988708186962,NA,NA,NA,NA,NA,0.517092659779991,0.291808,0.22528465977999,NA,NA,NA,NA,NA
"54","Mouse_NewITPdata_UMHET3_Liver_C2017_TJL_Syr_Female.JL16279","C2017","TJL","Current","Mouse","UMHET3","Female","Liver","Liver","C2017_Female","Syr","Compound","GPL24247","RNAseq",660,1460,0.4520548,1257.5,1082,0.5248509,-2.987981,"C2017_TJL",NA,0.502687174716012,-0.00230299999999994,0.504990174716012,NA,NA,NA,NA,NA,0.264787007409604,-0.00230299999999994,0.267090007409604,NA,NA,NA,NA,NA,0.173328025667632,-0.00230299999999994,0.175631025667632,NA,NA,NA,NA,NA,0.721392443827948,0.0334325,0.687959943827948,NA,NA,NA,NA,NA,0.61894447032097,0.0334325,0.58551197032097,NA,NA,NA,NA,NA,0.588997311339333,0.0334325,0.555564811339333,NA,NA,NA,NA,NA,0.249854077816538,0.000602499999999839,0.249251577816538,NA,NA,NA,NA,NA,0.132767990615236,0.000602499999999839,0.132165490615237,NA,NA,NA,NA,NA,0.181264467852761,0.000602499999999839,0.180661967852761,NA,NA,NA,NA,NA,0.621094955568753,0.339641,0.281453955568753,NA,NA,NA,NA,NA,0.462887522019865,0.339641,0.123246522019865,NA,NA,NA,NA,NA,0.582434322161757,0.339641,0.242793322161757,NA,NA,NA,NA,NA
"55","Mouse_NewITPdata_UMHET3_Liver_C2017_UM_BD_Female.UM78757","C2017","UM","Current","Mouse","UMHET3","Female","Liver","Liver","C2017_Female","BD","Compound","GPL24247","RNAseq",660,1460,0.4520548,1289,1094,0.5120248,-2.954605,"C2017_UM",NA,0.483139339889984,0.0310730000000001,0.452066339889984,NA,NA,NA,NA,NA,0.203831093615782,0.0310730000000001,0.172758093615781,NA,NA,NA,NA,NA,0.170733026157969,0.0310730000000001,0.139660026157969,NA,NA,NA,NA,NA,0.70184460900192,0.0668085,0.63503610900192,NA,NA,NA,NA,NA,0.557988556527147,0.0668085,0.491180056527147,NA,NA,NA,NA,NA,0.586402311829673,0.0668085,0.519593811829673,NA,NA,NA,NA,NA,0.46738153934404,0.052454,0.41492753934404,NA,NA,NA,NA,NA,0.3000121702141,0.052454,0.2475581702141,NA,NA,NA,NA,NA,0.276936659715463,0.052454,0.224482659715463,NA,NA,NA,NA,NA,0.470377121982506,0.102544,0.367833121982506,NA,NA,NA,NA,NA,0.461772254598148,0.102544,0.359228254598148,NA,NA,NA,NA,NA,0.54876720259554,0.102544,0.44622320259554,NA,NA,NA,NA,NA
"56","Mouse_NewITPdata_UMHET3_Liver_C2017_UM_Capt_Female.UM79415","C2017","UM","Current","Mouse","UMHET3","Female","Liver","Liver","C2017_Female","Capt","Compound","GPL24247","RNAseq",690,1460,0.4726027,1291,1113,0.5344694,-2.978292,"C2017_UM",NA,0.0115223880385388,0.00738599999999989,0.00413638803853888,NA,NA,NA,NA,NA,0.116501517240494,0.00738599999999989,0.109115517240494,NA,NA,NA,NA,NA,0.152343539247142,0.00738599999999989,0.144957539247142,NA,NA,NA,NA,NA,0.230227657150474,0.0431214999999998,0.187106157150474,NA,NA,NA,NA,NA,0.47065898015186,0.0431214999999998,0.42753748015186,NA,NA,NA,NA,NA,0.568012824918846,0.0431214999999998,0.524891324918846,NA,NA,NA,NA,NA,-0.00423541250740564,0.0287669999999998,-0.0330024125074054,NA,NA,NA,NA,NA,0.212682593838812,0.0287669999999998,0.183915593838812,NA,NA,NA,NA,NA,0.258547172804638,0.0287669999999998,0.229780172804638,NA,NA,NA,NA,NA,-0.00123982986893893,0.0788569999999997,-0.0800968298689387,NA,NA,NA,NA,NA,0.374442678222861,0.0788569999999997,0.295585678222861,NA,NA,NA,NA,NA,0.530377715684712,0.0788569999999997,0.451520715684712,NA,NA,NA,NA,NA
"57","Mouse_NewITPdata_UMHET3_Liver_C2017_UM_Control_Female.UM78967","C2017","UM","Current","Mouse","UMHET3","Female","Liver","Liver","C2017_Female","Control","Control","GPL24247","RNAseq",660,1460,0.4520548,1244,1082.5,0.5305466,-3.057149,"C2017_UM",NA,0.432979540550926,-0.0714709999999998,0.504450540550926,NA,NA,NA,NA,NA,0.12309409281323,-0.0714709999999998,0.19456509281323,NA,NA,NA,NA,NA,0.0160503241474312,-0.0714709999999998,0.0875213241474311,NA,NA,NA,NA,NA,0.651684809662861,-0.0357354999999999,0.687420309662861,NA,NA,NA,NA,NA,0.477251555724595,-0.0357354999999999,0.512987055724595,NA,NA,NA,NA,NA,0.431719609819137,-0.0357354999999999,0.467455109819137,NA,NA,NA,NA,NA,0.417221740004982,-0.05009,0.467311740004982,NA,NA,NA,NA,NA,0.219275169411548,-0.05009,0.269365169411547,NA,NA,NA,NA,NA,0.122253957704926,-0.05009,0.172343957704926,NA,NA,NA,NA,NA,0.420217322643448,0,0.420217322643448,NA,NA,NA,NA,NA,0.381035253795597,0,0.381035253795597,NA,NA,NA,NA,NA,0.394084500585003,0,0.394084500585003,NA,NA,NA,NA,NA
"58","Mouse_NewITPdata_UMHET3_Liver_C2017_UM_Control_Female.UM78974","C2017","UM","Current","Mouse","UMHET3","Female","Liver","Liver","C2017_Female","Control","Control","GPL24247","RNAseq",660,1460,0.4520548,1244,1082.5,0.5305466,-3.057149,"C2017_UM",NA,0.379337449201822,-0.0714709999999998,0.450808449201821,NA,NA,NA,NA,NA,0.113172477391304,-0.0714709999999998,0.184643477391304,NA,NA,NA,NA,NA,0.0714488375444867,-0.0714709999999998,0.142919837544487,NA,NA,NA,NA,NA,0.598042718313757,-0.0357354999999999,0.633778218313756,NA,NA,NA,NA,NA,0.467329940302669,-0.0357354999999999,0.503065440302669,NA,NA,NA,NA,NA,0.487118123216192,-0.0357354999999999,0.522853623216192,NA,NA,NA,NA,NA,0.363579648655877,-0.05009,0.413669648655877,NA,NA,NA,NA,NA,0.209353553989622,-0.05009,0.259443553989622,NA,NA,NA,NA,NA,0.177652471101981,-0.05009,0.227742471101981,NA,NA,NA,NA,NA,0.366575231294344,0,0.366575231294344,NA,NA,NA,NA,NA,0.371113638373671,0,0.371113638373671,NA,NA,NA,NA,NA,0.449483013982058,0,0.449483013982058,NA,NA,NA,NA,NA
"59","Mouse_NewITPdata_UMHET3_Liver_C2017_UM_Control_Female.YC03","C2017","UM","Current","Mouse","UMHET3","Female","Liver","Liver","C2017_Female","Control","Control","GPL24247","RNAseq",180,1460,0.1232877,1244,1082.5,0.1446945,-4.484001,"C2017_UM",NA,-0.944323543859054,-1.498323,0.553999456140946,NA,NA,NA,NA,NA,-1.06547777875687,-1.498323,0.432845221243134,NA,NA,NA,NA,NA,-1.27147550745872,-1.498323,0.226847492541279,NA,NA,NA,NA,NA,-0.725618274747119,-1.4625875,0.736969225252881,NA,NA,NA,NA,NA,-0.711320315845502,-1.4625875,0.751267184154499,NA,NA,NA,NA,NA,-0.855806221787012,-1.4625875,0.606781278212988,NA,NA,NA,NA,NA,-0.960081344404998,-1.476942,0.516860655595002,NA,NA,NA,NA,NA,-0.969296702158548,-1.476942,0.507645297841452,NA,NA,NA,NA,NA,-1.16527187390122,-1.476942,0.311670126098779,NA,NA,NA,NA,NA,-0.957085761766532,-1.426852,0.469766238233468,NA,NA,NA,NA,NA,-0.807536617774495,-1.426852,0.619315382225505,NA,NA,NA,NA,NA,-0.893441331021147,-1.426852,0.533410668978854,NA,NA,NA,NA,NA
"60","Mouse_NewITPdata_UMHET3_Liver_C2017_UM_Control_Female.YC04","C2017","UM","Current","Mouse","UMHET3","Female","Liver","Liver","C2017_Female","Control","Control","GPL24247","RNAseq",180,1460,0.1232877,1244,1082.5,0.1446945,-4.484001,"C2017_UM",NA,-0.794640710389692,-1.498323,0.703682289610308,NA,NA,NA,NA,NA,-0.876609138774564,-1.498323,0.621713861225436,NA,NA,NA,NA,NA,-1.1670337235861,-1.498323,0.331289276413895,NA,NA,NA,NA,NA,-0.575935441277757,-1.4625875,0.886652058722243,NA,NA,NA,NA,NA,-0.522451675863197,-1.4625875,0.940135824136803,NA,NA,NA,NA,NA,-0.751364437914401,-1.4625875,0.711223062085599,NA,NA,NA,NA,NA,-0.810398510935636,-1.476942,0.666543489064364,NA,NA,NA,NA,NA,-0.780428062176246,-1.476942,0.696513937823754,NA,NA,NA,NA,NA,-1.06083009002862,-1.476942,0.416111909971384,NA,NA,NA,NA,NA,-0.80740292829717,-1.426852,0.61944907170283,NA,NA,NA,NA,NA,-0.6186679777922,-1.426852,0.8081840222078,NA,NA,NA,NA,NA,-0.788999547148533,-1.426852,0.637852452851467,NA,NA,NA,NA,NA
"61","Mouse_NewITPdata_UMHET3_Liver_C2017_UM_Leu_Female.UM78806","C2017","UM","Current","Mouse","UMHET3","Female","Liver","Liver","C2017_Female","Leu","Compound","GPL24247","RNAseq",660,1460,0.4520548,1285,1093,0.5136187,-2.956955,"C2017_UM",NA,0.160853922096557,0.0287230000000003,0.132130922096556,NA,NA,NA,NA,NA,0.167943147619596,0.0287230000000003,0.139220147619596,NA,NA,NA,NA,NA,0.176067312973611,0.0287230000000003,0.147344312973611,NA,NA,NA,NA,NA,0.379559191208492,0.0644585000000002,0.315100691208491,NA,NA,NA,NA,NA,0.52210061053096,0.0644585000000002,0.45764211053096,NA,NA,NA,NA,NA,0.591736598645318,0.0644585000000002,0.527278098645318,NA,NA,NA,NA,NA,0.145096121550612,0.0501040000000001,0.0949921215506121,NA,NA,NA,NA,NA,0.264124224217915,0.0501040000000001,0.214020224217915,NA,NA,NA,NA,NA,0.282270946531101,0.0501040000000001,0.232166946531101,NA,NA,NA,NA,NA,0.148091704189079,0.100194,0.0478977041890788,NA,NA,NA,NA,NA,0.425884308601962,0.100194,0.325690308601962,NA,NA,NA,NA,NA,0.554101489411181,0.100194,0.453907489411181,NA,NA,NA,NA,NA
"62","Mouse_NewITPdata_UMHET3_Liver_C2017_UM_PB125_Female.UM78708","C2017","UM","Current","Mouse","UMHET3","Female","Liver","Liver","C2017_Female","PB125","Compound","GPL24247","RNAseq",660,1460,0.4520548,1227.5,1067.5,0.5376782,-2.998027,"C2017_UM",NA,0.311566948667242,-0.0123489999999999,0.323915948667242,NA,NA,NA,NA,NA,0.213464762325669,-0.0123489999999999,0.225813762325669,NA,NA,NA,NA,NA,0.149151309981493,-0.0123489999999999,0.161500309981493,NA,NA,NA,NA,NA,0.530272217779178,0.0233865,0.506885717779178,NA,NA,NA,NA,NA,0.567622225237035,0.0233865,0.544235725237035,NA,NA,NA,NA,NA,0.564820595653198,0.0233865,0.541434095653198,NA,NA,NA,NA,NA,0.295809148121298,0.00903199999999993,0.286777148121298,NA,NA,NA,NA,NA,0.309645838923987,0.00903199999999993,0.300613838923987,NA,NA,NA,NA,NA,0.255354943538988,0.00903199999999993,0.246322943538988,NA,NA,NA,NA,NA,0.298804730759764,0.0591219999999999,0.239682730759765,NA,NA,NA,NA,NA,0.471405923308036,0.0591219999999999,0.412283923308036,NA,NA,NA,NA,NA,0.527185486419065,0.0591219999999999,0.468063486419065,NA,NA,NA,NA,NA
"63","Mouse_NewITPdata_UMHET3_Liver_C2017_UM_RaAc16_Female.UM78939","C2017","UM","Current","Mouse","UMHET3","Female","Liver","Liver","C2017_Female","RaAc_16m","Compound","GPL24247","RNAseq",660,1460,0.4520548,1387,1193.5,0.4758472,-3.198047,"C2017_UM",NA,0.0861864744610082,-0.212369,0.298555474461008,NA,NA,NA,NA,NA,-0.0184853379703529,-0.212369,0.193883662029647,NA,NA,NA,NA,NA,-0.076674043870348,-0.212369,0.135694956129652,NA,NA,NA,NA,NA,0.304891743572943,-0.1766335,0.481525243572943,NA,NA,NA,NA,NA,0.335672124941013,-0.1766335,0.512305624941013,NA,NA,NA,NA,NA,0.338995241801356,-0.1766335,0.515628741801356,NA,NA,NA,NA,NA,0.0704286739150639,-0.190988,0.261416673915064,NA,NA,NA,NA,NA,0.077695738627965,-0.190988,0.268683738627965,NA,NA,NA,NA,NA,0.0295295896871462,-0.190988,0.220517589687146,NA,NA,NA,NA,NA,0.0734242565535302,-0.140898,0.21432225655353,NA,NA,NA,NA,NA,0.239455823012014,-0.140898,0.380353823012014,NA,NA,NA,NA,NA,0.301360132567222,-0.140898,0.442258132567222,NA,NA,NA,NA,NA
"64","Mouse_NewITPdata_UMHET3_Liver_C2017_UM_RaAc9_Female.UM79086","C2017","UM","Current","Mouse","UMHET3","Female","Liver","Liver","C2017_Female","RaAc_9m","Compound","GPL24247","RNAseq",660,1460,0.4520548,1398,1229.5,0.472103,-3.438297,"C2017_UM",NA,0.257742027030339,-0.452619,0.710361027030339,NA,NA,NA,NA,NA,-0.14936075224018,-0.452619,0.30325824775982,NA,NA,NA,NA,NA,-0.283322018610592,-0.452619,0.169296981389408,NA,NA,NA,NA,NA,0.476447296142274,-0.4168835,0.893330796142274,NA,NA,NA,NA,NA,0.204796710671186,-0.4168835,0.621680210671186,NA,NA,NA,NA,NA,0.132347267061115,-0.4168835,0.549230767061115,NA,NA,NA,NA,NA,0.241984226484395,-0.431238,0.673222226484395,NA,NA,NA,NA,NA,-0.053179675641862,-0.431238,0.378058324358138,NA,NA,NA,NA,NA,-0.177118385053096,-0.431238,0.254119614946904,NA,NA,NA,NA,NA,0.244979809122862,-0.381148,0.626127809122862,NA,NA,NA,NA,NA,0.108580408742186,-0.381148,0.489728408742186,NA,NA,NA,NA,NA,0.0947121578269804,-0.381148,0.47586015782698,NA,NA,NA,NA,NA
"65","Mouse_NewITPdata_UMHET3_Liver_C2017_UM_Sul_Female.UM79198","C2017","UM","Current","Mouse","UMHET3","Female","Liver","Liver","C2017_Female","Sul","Compound","GPL24247","RNAseq",660,1460,0.4520548,1215.5,1046,0.5429864,-2.913195,"C2017_UM",NA,0.239528873506811,0.0724830000000001,0.167045873506811,NA,NA,NA,NA,NA,0.174024936375372,0.0724830000000001,0.101541936375372,NA,NA,NA,NA,NA,0.226461843029772,0.0724830000000001,0.153978843029772,NA,NA,NA,NA,NA,0.458234142618746,0.1082185,0.350015642618746,NA,NA,NA,NA,NA,0.528182399286737,0.1082185,0.419963899286737,NA,NA,NA,NA,NA,0.64213112870148,0.1082185,0.53391262870148,NA,NA,NA,NA,NA,0.223771072960866,0.0938639999999999,0.129907072960866,NA,NA,NA,NA,NA,0.270206012973691,0.0938639999999999,0.176342012973691,NA,NA,NA,NA,NA,0.332665476587267,0.0938639999999999,0.238801476587267,NA,NA,NA,NA,NA,0.226766655599333,0.143954,0.0828126555993331,NA,NA,NA,NA,NA,0.43196609735774,0.143954,0.28801209735774,NA,NA,NA,NA,NA,0.604496019467344,0.143954,0.460542019467345,NA,NA,NA,NA,NA
"66","Mouse_NewITPdata_UMHET3_Liver_C2017_UM_Syr_Female.UM79016","C2017","UM","Current","Mouse","UMHET3","Female","Liver","Liver","C2017_Female","Syr","Compound","GPL24247","RNAseq",660,1460,0.4520548,1204,1044,0.5481728,-2.944872,"C2017_UM",NA,0.591998310234862,0.0408059999999999,0.551192310234862,NA,NA,NA,NA,NA,0.310123584235339,0.0408059999999999,0.269317584235339,NA,NA,NA,NA,NA,0.219311221619238,0.0408059999999999,0.178505221619238,NA,NA,NA,NA,NA,0.810703579346796,0.0765414999999998,0.734162079346797,NA,NA,NA,NA,NA,0.664281047146703,0.0765414999999998,0.587739547146703,NA,NA,NA,NA,NA,0.634980507290943,0.0765414999999998,0.558439007290943,NA,NA,NA,NA,NA,0.576240509688918,0.0621869999999998,0.514053509688918,NA,NA,NA,NA,NA,0.406304660833657,0.0621869999999998,0.344117660833657,NA,NA,NA,NA,NA,0.325514855176732,0.0621869999999998,0.263327855176732,NA,NA,NA,NA,NA,0.579236092327383,0.112277,0.466959092327384,NA,NA,NA,NA,NA,0.568064745217706,0.112277,0.455787745217706,NA,NA,NA,NA,NA,0.597345398056809,0.112277,0.485068398056809,NA,NA,NA,NA,NA
"67","Mouse_NewITPdata_UMHET3_Liver_C2017_UT_BD_Female.UT10906","C2017","UT","Current","Mouse","UMHET3","Female","Liver","Liver","C2017_Female","BD","Compound","GPL24247","RNAseq",660,1460,0.4520548,1281,1099.5,0.5152225,-3.00883,"C2017_UT",NA,0.522683851565124,-0.0231520000000001,0.545835851565124,NA,NA,NA,NA,NA,0.164591214908612,-0.0231520000000001,0.187743214908612,NA,NA,NA,NA,NA,0.132192216238241,-0.0231520000000001,0.155344216238242,NA,NA,NA,NA,NA,0.74138912067706,0.0125834999999999,0.72880562067706,NA,NA,NA,NA,NA,0.518748677819979,0.0125834999999999,0.506165177819979,NA,NA,NA,NA,NA,0.547861501909946,0.0125834999999999,0.535278001909946,NA,NA,NA,NA,NA,0.349297327843435,-0.235412,0.584709327843435,NA,NA,NA,NA,NA,0.050315173567171,-0.235412,0.285727173567171,NA,NA,NA,NA,NA,-0.0186577127994195,-0.235412,0.216754287200581,NA,NA,NA,NA,NA,0.60408338941658,-0.22135,0.825433389416581,NA,NA,NA,NA,NA,0.191907377996926,-0.22135,0.413257377996926,NA,NA,NA,NA,NA,0.0274969708076656,-0.22135,0.248846970807666,NA,NA,NA,NA,NA
"68","Mouse_NewITPdata_UMHET3_Liver_C2017_UT_Capt_Female.UT10994","C2017","UT","Current","Mouse","UMHET3","Female","Liver","Liver","C2017_Female","Capt","Compound","GPL24247","RNAseq",690,1460,0.4726027,1295.5,1114,0.5326129,-2.968522,"C2017_UT",NA,0.364121377639412,0.0171559999999999,0.346965377639412,NA,NA,NA,NA,NA,0.19558908146474,0.0171559999999999,0.17843308146474,NA,NA,NA,NA,NA,0.177792174056311,0.0171559999999999,0.160636174056311,NA,NA,NA,NA,NA,0.582826646751347,0.0528914999999999,0.529935146751347,NA,NA,NA,NA,NA,0.549746544376104,0.0528914999999999,0.496855044376104,NA,NA,NA,NA,NA,0.593461459728015,0.0528914999999999,0.540569959728015,NA,NA,NA,NA,NA,0.190734853917723,-0.195104,0.385838853917723,NA,NA,NA,NA,NA,0.0813130401232992,-0.195104,0.276417040123299,NA,NA,NA,NA,NA,0.0269422450186521,-0.195104,0.222046245018652,NA,NA,NA,NA,NA,0.445520915490868,-0.181042,0.626562915490868,NA,NA,NA,NA,NA,0.222905244553052,-0.181042,0.403947244553052,NA,NA,NA,NA,NA,0.0730969286257355,-0.181042,0.254138928625736,NA,NA,NA,NA,NA
"69","Mouse_NewITPdata_UMHET3_Liver_C2017_UT_Control_Female.UT10970","C2017","UT","Current","Mouse","UMHET3","Female","Liver","Liver","C2017_Female","Control","Control","GPL24247","RNAseq",660,1460,0.4520548,1218.5,1047.5,0.5416496,-2.909589,"C2017_UT",NA,0.507041611220268,0.0760890000000001,0.430952611220268,NA,NA,NA,NA,NA,0.37142641430984,0.0760890000000001,0.29533741430984,NA,NA,NA,NA,NA,0.322254974959084,0.0760890000000001,0.246165974959084,NA,NA,NA,NA,NA,0.725746880332204,0.1118245,0.613922380332204,NA,NA,NA,NA,NA,0.725583877221206,0.1118245,0.613759377221206,NA,NA,NA,NA,NA,0.73792426063079,0.1118245,0.62609976063079,NA,NA,NA,NA,NA,0.333655087498579,-0.136171,0.469826087498579,NA,NA,NA,NA,NA,0.257150372968397,-0.136171,0.393321372968397,NA,NA,NA,NA,NA,0.171405045921424,-0.136171,0.307576045921424,NA,NA,NA,NA,NA,0.588441149071725,-0.122109,0.710550149071725,NA,NA,NA,NA,NA,0.398742577398152,-0.122109,0.520851577398152,NA,NA,NA,NA,NA,0.21755972952851,-0.122109,0.33966872952851,NA,NA,NA,NA,NA
"70","Mouse_NewITPdata_UMHET3_Liver_C2017_UT_Control_Female.UT10971","C2017","UT","Current","Mouse","UMHET3","Female","Liver","Liver","C2017_Female","Control","Control","GPL24247","RNAseq",660,1460,0.4520548,1218.5,1047.5,0.5416496,-2.909589,"C2017_UT",NA,0.320719345538118,0.0760890000000001,0.244630345538118,NA,NA,NA,NA,NA,0.201268474743948,0.0760890000000001,0.125179474743948,NA,NA,NA,NA,NA,0.228457281001467,0.0760890000000001,0.152368281001467,NA,NA,NA,NA,NA,0.539424614650053,0.1118245,0.427600114650053,NA,NA,NA,NA,NA,0.555425937655315,0.1118245,0.443601437655315,NA,NA,NA,NA,NA,0.644126566673169,0.1118245,0.532302066673169,NA,NA,NA,NA,NA,0.147332821816429,-0.136171,0.28350382181643,NA,NA,NA,NA,NA,0.0869924334025099,-0.136171,0.22316343340251,NA,NA,NA,NA,NA,0.0776073519638068,-0.136171,0.213778351963807,NA,NA,NA,NA,NA,0.402118883389574,-0.122109,0.524227883389574,NA,NA,NA,NA,NA,0.228584637832262,-0.122109,0.350693637832262,NA,NA,NA,NA,NA,0.123762035570892,-0.122109,0.245871035570892,NA,NA,NA,NA,NA
"71","Mouse_NewITPdata_UMHET3_Liver_C2017_UT_Control_Female.UTC19X.79","C2017","UT","Current","Mouse","UMHET3","Female","Liver","Liver","C2017_Female","Control","Control","GPL24247","RNAseq",660,1460,0.4520548,1218.5,1047.5,0.5416496,-2.909589,"C2017_UT",NA,-0.748105114705982,0.0760890000000001,-0.824194114705982,NA,NA,NA,NA,NA,-0.421097006349107,0.0760890000000001,-0.497186006349107,NA,NA,NA,NA,NA,-0.103889533066824,0.0760890000000001,-0.179978533066824,NA,NA,NA,NA,NA,-0.529399845594047,0.1118245,-0.641224345594047,NA,NA,NA,NA,NA,-0.0669395434377396,0.1118245,-0.17876404343774,NA,NA,NA,NA,NA,0.311779752604882,0.1118245,0.199955252604882,NA,NA,NA,NA,NA,-0.92149163842767,-0.136171,-0.78532063842767,NA,NA,NA,NA,NA,-0.535373047690549,-0.136171,-0.399202047690549,NA,NA,NA,NA,NA,-0.254739462104487,-0.136171,-0.118568462104487,NA,NA,NA,NA,NA,-0.666705576854525,-0.122109,-0.544596576854525,NA,NA,NA,NA,NA,-0.393780843260792,-0.122109,-0.271671843260792,NA,NA,NA,NA,NA,-0.2085847784974,-0.122109,-0.0864757784974001,NA,NA,NA,NA,NA
"72","Mouse_NewITPdata_UMHET3_Liver_C2017_UT_Control_Female.UTC19X.80","C2017","UT","Current","Mouse","UMHET3","Female","Liver","Liver","C2017_Female","Control","Control","GPL24247","RNAseq",660,1460,0.4520548,1218.5,1047.5,0.5416496,-2.909589,"C2017_UT",NA,-0.693132527421,0.0760890000000001,-0.769221527421,NA,NA,NA,NA,NA,-0.469699724414693,0.0760890000000001,-0.545788724414693,NA,NA,NA,NA,NA,-0.0932942432825504,0.0760890000000001,-0.16938324328255,NA,NA,NA,NA,NA,-0.474427258309065,0.1118245,-0.586251758309065,NA,NA,NA,NA,NA,-0.115542261503328,0.1118245,-0.227366761503328,NA,NA,NA,NA,NA,0.322375042389155,0.1118245,0.210550542389155,NA,NA,NA,NA,NA,-0.866519051142688,-0.136171,-0.730348051142688,NA,NA,NA,NA,NA,-0.583975765756133,-0.136171,-0.447804765756133,NA,NA,NA,NA,NA,-0.244144172320212,-0.136171,-0.107973172320212,NA,NA,NA,NA,NA,-0.611732989569544,-0.122109,-0.489623989569544,NA,NA,NA,NA,NA,-0.442383561326378,-0.122109,-0.320274561326378,NA,NA,NA,NA,NA,-0.197989488713128,-0.122109,-0.0758804887131275,NA,NA,NA,NA,NA
"73","Mouse_NewITPdata_UMHET3_Liver_C2017_UT_Leu_Female.UT11053","C2017","UT","Current","Mouse","UMHET3","Female","Liver","Liver","C2017_Female","Leu","Compound","GPL24247","RNAseq",660,1460,0.4520548,1278.5,1099,0.51623,-3.016841,"C2017_UT",NA,0.241556006049752,-0.0311629999999998,0.272719006049752,NA,NA,NA,NA,NA,0.111384102601655,-0.0311629999999998,0.142547102601655,NA,NA,NA,NA,NA,0.104403982229912,-0.0311629999999998,0.135566982229912,NA,NA,NA,NA,NA,0.460261275161687,0.00457250000000009,0.455688775161687,NA,NA,NA,NA,NA,0.465541565513021,0.00457250000000009,0.460969065513021,NA,NA,NA,NA,NA,0.520073267901618,0.00457250000000009,0.515500767901618,NA,NA,NA,NA,NA,0.0681694823280635,-0.243423,0.311592482328063,NA,NA,NA,NA,NA,-0.00289193873978572,-0.243423,0.240531061260214,NA,NA,NA,NA,NA,-0.0464459468077482,-0.243423,0.196977053192252,NA,NA,NA,NA,NA,0.322955543901208,-0.229361,0.552316543901208,NA,NA,NA,NA,NA,0.138700265689967,-0.229361,0.368061265689967,NA,NA,NA,NA,NA,-0.000291263200661466,-0.229361,0.229069736799338,NA,NA,NA,NA,NA
"74","Mouse_NewITPdata_UMHET3_Liver_C2017_UT_PB125_Female.UT11049","C2017","UT","Current","Mouse","UMHET3","Female","Liver","Liver","C2017_Female","PB125","Compound","GPL24247","RNAseq",660,1460,0.4520548,1292,1101.5,0.5108359,-2.904432,"C2017_UT",NA,0.498507906904591,0.0812460000000002,0.417261906904591,NA,NA,NA,NA,NA,0.410557043852907,0.0812460000000002,0.329311043852907,NA,NA,NA,NA,NA,0.25281480306993,0.0812460000000002,0.171568803069929,NA,NA,NA,NA,NA,0.717213176016526,0.1169815,0.600231676016526,NA,NA,NA,NA,NA,0.764714506764272,0.1169815,0.647733006764272,NA,NA,NA,NA,NA,0.668484088741635,0.1169815,0.551502588741634,NA,NA,NA,NA,NA,0.325121383182903,-0.131014,0.456135383182903,NA,NA,NA,NA,NA,0.296281002511465,-0.131014,0.427295002511465,NA,NA,NA,NA,NA,0.10196487403227,-0.131014,0.23297887403227,NA,NA,NA,NA,NA,0.579907444756047,-0.116952,0.696859444756047,NA,NA,NA,NA,NA,0.437873206941219,-0.116952,0.554825206941219,NA,NA,NA,NA,NA,0.148119557639352,-0.116952,0.265071557639352,NA,NA,NA,NA,NA
"75","Mouse_NewITPdata_UMHET3_Liver_C2017_UT_RaAc9_Female.UT11008","C2017","UT","Current","Mouse","UMHET3","Female","Liver","Liver","C2017_Female","RaAc_9m","Compound","GPL24247","RNAseq",660,1460,0.4520548,1404,1260.5,0.4700855,-3.777677,"C2017_UT",NA,0.233373850819749,-0.791999,1.02537285081975,NA,NA,NA,NA,NA,0.113387706256714,-0.791999,0.905386706256714,NA,NA,NA,NA,NA,-0.0411017181571354,-0.791999,0.750897281842865,NA,NA,NA,NA,NA,0.452079119931685,-0.7562635,1.20834261993169,NA,NA,NA,NA,NA,0.467545169168079,-0.7562635,1.22380866916808,NA,NA,NA,NA,NA,0.374567567514568,-0.7562635,1.13083106751457,NA,NA,NA,NA,NA,0.0599873270980607,-1.004259,1.06424632709806,NA,NA,NA,NA,NA,-0.000888335084728197,-1.004259,1.00337066491527,NA,NA,NA,NA,NA,-0.191951647194797,-1.004259,0.812307352805203,NA,NA,NA,NA,NA,0.314773388671206,-0.990197,1.30497038867121,NA,NA,NA,NA,NA,0.140703869345026,-0.990197,1.13090086934503,NA,NA,NA,NA,NA,-0.145796963587711,-0.990197,0.844400036412289,NA,NA,NA,NA,NA
"76","Mouse_NewITPdata_UMHET3_Liver_C2017_UT_RaAc16_Female.UT11019","C2017","UT","Current","Mouse","UMHET3","Female","Liver","Liver","C2017_Female","RaAc_16m","Compound","GPL24247","RNAseq",660,1460,0.4520548,1399,1205.5,0.4717655,-3.227887,"C2017_UT",NA,0.251837041428444,-0.242209,0.494046041428444,NA,NA,NA,NA,NA,-0.339056923404174,-0.242209,-0.0968479234041744,NA,NA,NA,NA,NA,-0.581945269802008,-0.242209,-0.339736269802008,NA,NA,NA,NA,NA,0.470542310540379,-0.2064735,0.677015810540379,NA,NA,NA,NA,NA,0.0151005395071895,-0.2064735,0.221574039507189,NA,NA,NA,NA,NA,-0.166275984130301,-0.2064735,0.0401975158696988,NA,NA,NA,NA,NA,0.0784505177067554,-0.454469,0.532919517706755,NA,NA,NA,NA,NA,-0.453332964745615,-0.454469,0.00113603525438466,NA,NA,NA,NA,NA,-0.732795198839669,-0.454469,-0.278326198839669,NA,NA,NA,NA,NA,0.3332365792799,-0.440407,0.7736435792799,NA,NA,NA,NA,NA,-0.311740760315863,-0.440407,0.128666239684137,NA,NA,NA,NA,NA,-0.686640515232582,-0.440407,-0.246233515232582,NA,NA,NA,NA,NA
"77","Mouse_NewITPdata_UMHET3_Liver_C2017_UT_Sul_Female.UT10924","C2017","UT","Current","Mouse","UMHET3","Female","Liver","Liver","C2017_Female","Sul","Compound","GPL24247","RNAseq",660,1460,0.4520548,1231.5,1059.5,0.5359318,-2.941692,"C2017_UT",NA,0.36544650107423,0.0439859999999999,0.32146050107423,NA,NA,NA,NA,NA,0.328895410516846,0.0439859999999999,0.284909410516846,NA,NA,NA,NA,NA,0.215094799409796,0.0439859999999999,0.171108799409796,NA,NA,NA,NA,NA,0.584151770186165,0.0797214999999998,0.504430270186165,NA,NA,NA,NA,NA,0.68305287342821,0.0797214999999998,0.60333137342821,NA,NA,NA,NA,NA,0.630764085081501,0.0797214999999998,0.551042585081501,NA,NA,NA,NA,NA,0.192059977352541,-0.168274,0.360333977352542,NA,NA,NA,NA,NA,0.214619369175406,-0.168274,0.382893369175406,NA,NA,NA,NA,NA,0.0642448703721344,-0.168274,0.232518870372135,NA,NA,NA,NA,NA,0.446846038925686,-0.154212,0.601058038925686,NA,NA,NA,NA,NA,0.356211573605158,-0.154212,0.510423573605159,NA,NA,NA,NA,NA,0.11039955397922,-0.154212,0.26461155397922,NA,NA,NA,NA,NA
"78","Mouse_NewITPdata_UMHET3_Liver_C2017_UT_Syr_Female.UT10937","C2017","UT","Current","Mouse","UMHET3","Female","Liver","Liver","C2017_Female","Syr","Compound","GPL24247","RNAseq",660,1460,0.4520548,1226,1058,0.5383361,-2.952135,"C2017_UT",NA,0.11384181151218,0.0335429999999999,0.0802988115121796,NA,NA,NA,NA,NA,0.165927158561218,0.0335429999999999,0.132384158561218,NA,NA,NA,NA,NA,0.158485807898281,0.0335429999999999,0.124942807898281,NA,NA,NA,NA,NA,0.332547080624115,0.0692784999999998,0.263268580624115,NA,NA,NA,NA,NA,0.520084621472582,0.0692784999999998,0.450806121472582,NA,NA,NA,NA,NA,0.574155093569986,0.0692784999999998,0.504876593569986,NA,NA,NA,NA,NA,-0.0595447122095089,-0.178717,0.119172287790491,NA,NA,NA,NA,NA,0.0516511172197765,-0.178717,0.230368117219777,NA,NA,NA,NA,NA,0.00763587886061932,-0.178717,0.18635287886062,NA,NA,NA,NA,NA,0.195241349363635,-0.164655,0.359896349363636,NA,NA,NA,NA,NA,0.193243321649531,-0.164655,0.357898321649531,NA,NA,NA,NA,NA,0.0537905624677046,-0.164655,0.218445562467705,NA,NA,NA,NA,NA
"79","Mouse_NewITPdata_UMHET3_Liver_C2015_TJL_bGPA_Male.JL12769","C2015","TJL","Current","Mouse","UMHET3","Male","Liver","Liver","C2015_Male","bGPA","Compound","GPL24247","RNAseq",660,1460,0.4520548,1307.5,1052,0.5047801,-2.728955,"C2015_TJL",NA,0.701528361219319,0.256723,0.444805361219319,NA,NA,NA,NA,NA,0.511225242297625,0.256723,0.254502242297625,NA,NA,NA,NA,NA,0.415086701440723,0.256723,0.158363701440723,NA,NA,NA,NA,NA,0.178439203840476,0.0190074999999998,0.159431703840477,NA,NA,NA,NA,NA,0.198116518934383,0.0190074999999998,0.179109018934383,NA,NA,NA,NA,NA,0.12628792665439,0.0190074999999998,0.10728042665439,NA,NA,NA,NA,NA,0.448695264319845,0.2596285,0.189066764319845,NA,NA,NA,NA,NA,0.379206225503256,0.2596285,0.119577725503256,NA,NA,NA,NA,NA,0.423023143625852,0.2596285,0.163394643625852,NA,NA,NA,NA,NA,0.0343681775810648,0.177115,-0.142746822418935,NA,NA,NA,NA,NA,0.205017839899474,0.177115,0.0279028398994737,NA,NA,NA,NA,NA,0.172172939397049,0.177115,-0.00494206060295099,NA,NA,NA,NA,NA
"80","Mouse_NewITPdata_UMHET3_Liver_C2015_TJL_Control_Male.JL12700","C2015","TJL","Current","Mouse","UMHET3","Male","Liver","Liver","C2015_Male","Control","Control","GPL24247","RNAseq",660,1460,0.4520548,1305,1063,0.5057471,-2.770662,"C2015_TJL",NA,0.474848443733706,0.215016,0.259832443733706,NA,NA,NA,NA,NA,0.479829819708279,0.215016,0.264813819708279,NA,NA,NA,NA,NA,0.411117333874893,0.215016,0.196101333874893,NA,NA,NA,NA,NA,-0.048240713645136,-0.0226995000000003,-0.0255412136451357,NA,NA,NA,NA,NA,0.166721096345046,-0.0226995000000003,0.189420596345046,NA,NA,NA,NA,NA,0.122318559088558,-0.0226995000000003,0.145018059088558,NA,NA,NA,NA,NA,0.222015346834232,0.2179215,0.00409384683423189,NA,NA,NA,NA,NA,0.347810802913918,0.2179215,0.129889302913919,NA,NA,NA,NA,NA,0.41905377606002,0.2179215,0.201132276060021,NA,NA,NA,NA,NA,-0.192311739904548,0.135408,-0.327719739904548,NA,NA,NA,NA,NA,0.173622417310138,0.135408,0.0382144173101379,NA,NA,NA,NA,NA,0.168203571831216,0.135408,0.0327955718312164,NA,NA,NA,NA,NA
"81","Mouse_NewITPdata_UMHET3_Liver_C2015_TJL_Control_Male.JL12725","C2015","TJL","Current","Mouse","UMHET3","Male","Liver","Liver","C2015_Male","Control","Control","GPL24247","RNAseq",660,1460,0.4520548,1305,1063,0.5057471,-2.770662,"C2015_TJL",NA,0.819651713499591,0.215016,0.604635713499591,NA,NA,NA,NA,NA,0.374738452421667,0.215016,0.159722452421667,NA,NA,NA,NA,NA,0.28950217990844,0.215016,0.07448617990844,NA,NA,NA,NA,NA,0.29656255612075,-0.0226995000000003,0.31926205612075,NA,NA,NA,NA,NA,0.0616297290584284,-0.0226995000000003,0.0843292290584287,NA,NA,NA,NA,NA,0.000703405122106164,-0.0226995000000003,0.0234029051221065,NA,NA,NA,NA,NA,0.566818616600117,0.2179215,0.348897116600117,NA,NA,NA,NA,NA,0.242719435627305,0.2179215,0.0247979356273055,NA,NA,NA,NA,NA,0.297438622093571,0.2179215,0.0795171220935714,NA,NA,NA,NA,NA,0.152491529861338,0.135408,0.0170835298613377,NA,NA,NA,NA,NA,0.0685310500235241,0.135408,-0.0668769499764759,NA,NA,NA,NA,NA,0.046588417864763,0.135408,-0.0888195821352369,NA,NA,NA,NA,NA
"82","Mouse_NewITPdata_UMHET3_Liver_C2015_TJL_Min_Male.JL12726","C2015","TJL","Current","Mouse","UMHET3","Male","Liver","Liver","C2015_Male","Min","Compound","GPL24247","RNAseq",660,1460,0.4520548,1252.5,1034.5,0.5269461,-2.746395,"C2015_TJL",NA,0.626025695399875,0.239283,0.386742695399875,NA,NA,NA,NA,NA,0.53342087176501,0.239283,0.29413787176501,NA,NA,NA,NA,NA,0.421423961465615,0.239283,0.182140961465615,NA,NA,NA,NA,NA,0.102936538021033,0.00156749999999972,0.101369038021034,NA,NA,NA,NA,NA,0.220312148401769,0.00156749999999972,0.21874464840177,NA,NA,NA,NA,NA,0.132625186679282,0.00156749999999972,0.131057686679282,NA,NA,NA,NA,NA,0.373192598500401,0.2421885,0.131004098500401,NA,NA,NA,NA,NA,0.401401854970643,0.2421885,0.159213354970643,NA,NA,NA,NA,NA,0.429360403650745,0.2421885,0.187171903650746,NA,NA,NA,NA,NA,-0.0411344882383784,0.159675,-0.200809488238378,NA,NA,NA,NA,NA,0.227213469366862,0.159675,0.0675384693668621,NA,NA,NA,NA,NA,0.178510199421937,0.159675,0.018835199421937,NA,NA,NA,NA,NA
"83","Mouse_NewITPdata_UMHET3_Liver_C2015_TJL_MitoQ_Male.JL12767","C2015","TJL","Current","Mouse","UMHET3","Male","Liver","Liver","C2015_Male","MitoQ","Compound","GPL24247","RNAseq",660,1460,0.4520548,1361.5,1087.5,0.4847595,-2.769969,"C2015_TJL",NA,0.53983319379763,0.215709,0.32412419379763,NA,NA,NA,NA,NA,0.40343306237514,0.215709,0.18772406237514,NA,NA,NA,NA,NA,0.382872596785554,0.215709,0.167163596785554,NA,NA,NA,NA,NA,0.0167440364187881,-0.0220065000000003,0.0387505364187883,NA,NA,NA,NA,NA,0.0903243390119002,-0.0220065000000003,0.1123308390119,NA,NA,NA,NA,NA,0.0940738219992204,-0.0220065000000003,0.116080321999221,NA,NA,NA,NA,NA,0.287000096898155,0.2186145,0.0683855968981557,NA,NA,NA,NA,NA,0.271414045580772,0.2186145,0.0527995455807726,NA,NA,NA,NA,NA,0.390809038970683,0.2186145,0.172194538970684,NA,NA,NA,NA,NA,-0.127326989840624,0.136101,-0.263427989840624,NA,NA,NA,NA,NA,0.097225659976992,0.136101,-0.038875340023008,NA,NA,NA,NA,NA,0.139958834741877,0.136101,0.00385783474187706,NA,NA,NA,NA,NA
"84","Mouse_NewITPdata_UMHET3_Liver_C2015_TJL_Rapa20hi_Male.JL12763","C2015","TJL","Current","Mouse","UMHET3","Male","Liver","Liver","C2015_Male","Rapa","Compound","GPL24247","RNAseq",660,1460,0.4520548,1383,1125,0.4772234,-2.887818,"C2015_TJL",NA,0.652775276872584,0.0978599999999998,0.554915276872584,NA,NA,NA,NA,NA,0.276646427722006,0.0978599999999998,0.178786427722006,NA,NA,NA,NA,NA,0.25235836783691,0.0978599999999998,0.15449836783691,NA,NA,NA,NA,NA,0.129686119493741,-0.1398555,0.269541619493742,NA,NA,NA,NA,NA,-0.0364622956412363,-0.1398555,0.103393204358764,NA,NA,NA,NA,NA,-0.0364404069494235,-0.1398555,0.103415093050577,NA,NA,NA,NA,NA,0.399942179973109,0.1007655,0.299176679973109,NA,NA,NA,NA,NA,0.144627410927635,0.1007655,0.0438619109276358,NA,NA,NA,NA,NA,0.260294810022042,0.1007655,0.159529310022042,NA,NA,NA,NA,NA,-0.0143849067656706,0.0182519999999999,-0.0326369067656705,NA,NA,NA,NA,NA,-0.0295609746761427,0.0182519999999999,-0.0478129746761426,NA,NA,NA,NA,NA,0.00944460579323225,0.0182519999999999,-0.00880739420676768,NA,NA,NA,NA,NA
"85","Mouse_NewITPdata_UMHET3_Liver_C2015_UM_DMAG_Male.UM58954","C2015","UM","Current","Mouse","UMHET3","Male","Liver","Liver","C2015_Male","DMAG","Compound","GPL24247","RNAseq",660,1460,0.4520548,1237,1034,0.5335489,-2.778779,"C2015_UM",NA,0.709825663539831,0.206899,0.502926663539831,NA,NA,NA,NA,NA,0.526468405459714,0.206899,0.319569405459714,NA,NA,NA,NA,NA,0.376409205854154,0.206899,0.169510205854154,NA,NA,NA,NA,NA,0.18673650616099,-0.0308165000000002,0.21755300616099,NA,NA,NA,NA,NA,0.213359682096477,-0.0308165000000002,0.244176182096477,NA,NA,NA,NA,NA,0.0876104310678192,-0.0308165000000002,0.118426931067819,NA,NA,NA,NA,NA,0.694067862993887,0.22828,0.465787862993887,NA,NA,NA,NA,NA,0.622649482058038,0.22828,0.394369482058038,NA,NA,NA,NA,NA,0.482612839411648,0.22828,0.254332839411648,NA,NA,NA,NA,NA,0.452705666765614,0.247141,0.205564666765614,NA,NA,NA,NA,NA,0.347623668825605,0.247141,0.100482668825605,NA,NA,NA,NA,NA,0.250675189595602,0.247141,0.00353418959560226,NA,NA,NA,NA,NA
"86","Mouse_NewITPdata_UMHET3_Liver_C2015_UM_bGPA_Male.UM59129","C2015","UM","Current","Mouse","UMHET3","Male","Liver","Liver","C2015_Male","bGPA","Compound","GPL24247","RNAseq",660,1460,0.4520548,1293,1029,0.5104408,-2.678068,"C2015_UM",NA,0.448164333800145,0.30761,0.140554333800145,NA,NA,NA,NA,NA,0.434833861282764,0.30761,0.127223861282764,NA,NA,NA,NA,NA,0.441118220278435,0.30761,0.133508220278435,NA,NA,NA,NA,NA,-0.0749248235786968,0.0698944999999997,-0.144819323578697,NA,NA,NA,NA,NA,0.121725137919523,0.0698944999999997,0.051830637919523,NA,NA,NA,NA,NA,0.152319445492101,0.0698944999999997,0.0824249454921016,NA,NA,NA,NA,NA,0.432406533254201,0.328991,0.103415533254201,NA,NA,NA,NA,NA,0.531014937881083,0.328991,0.202023937881083,NA,NA,NA,NA,NA,0.547321853835931,0.328991,0.218330853835932,NA,NA,NA,NA,NA,0.191044337025929,0.347852,-0.156807662974072,NA,NA,NA,NA,NA,0.255989124648655,0.347852,-0.0918628753513451,NA,NA,NA,NA,NA,0.315384204019882,0.347852,-0.0324677959801176,NA,NA,NA,NA,NA
"87","Mouse_NewITPdata_UMHET3_Liver_C2015_UM_MitoQ_Male.UM60529","C2015","UM","Current","Mouse","UMHET3","Male","Liver","Liver","C2015_Male","MitoQ","Compound","GPL24247","RNAseq",660,1460,0.4520548,1289.5,1030.5,0.5118263,-2.683993,"C2015_UM",NA,0.546112039907471,0.301685,0.244427039907471,NA,NA,NA,NA,NA,0.437382079517201,0.301685,0.135697079517201,NA,NA,NA,NA,NA,0.432518810728475,0.301685,0.130833810728475,NA,NA,NA,NA,NA,0.0230228825286295,0.0639694999999998,-0.0409466174713702,NA,NA,NA,NA,NA,0.124273356153962,0.0639694999999998,0.0603038561539626,NA,NA,NA,NA,NA,0.143720035942141,0.0639694999999998,0.0797505359421413,NA,NA,NA,NA,NA,0.530354239361527,0.323066,0.207288239361527,NA,NA,NA,NA,NA,0.533563156115519,0.323066,0.210497156115519,NA,NA,NA,NA,NA,0.53872244428597,0.323066,0.21565644428597,NA,NA,NA,NA,NA,0.288992043133254,0.341927,-0.0529349568667463,NA,NA,NA,NA,NA,0.258537342883093,0.341927,-0.083389657116907,NA,NA,NA,NA,NA,0.306784794469922,0.341927,-0.0351422055300777,NA,NA,NA,NA,NA
"88","Mouse_NewITPdata_UMHET3_Liver_C2015_UM_Rapa20hi_Male.UM58870","C2015","UM","Current","Mouse","UMHET3","Male","Liver","Liver","C2015_Male","Rapa","Compound","GPL24247","RNAseq",660,1460,0.4520548,1314,1103,0.5022831,-2.840555,"C2015_UM",NA,0.486393947679951,0.145123,0.341270947679951,NA,NA,NA,NA,NA,0.321085388910894,0.145123,0.175962388910894,NA,NA,NA,NA,NA,0.316848812899948,0.145123,0.171725812899948,NA,NA,NA,NA,NA,-0.0366952096988916,-0.0925925000000003,0.0558972903011087,NA,NA,NA,NA,NA,0.00797666554765388,-0.0925925000000003,0.100569165547654,NA,NA,NA,NA,NA,0.0280500381136126,-0.0925925000000003,0.120642538113613,NA,NA,NA,NA,NA,0.470636147134006,0.166504,0.304132147134006,NA,NA,NA,NA,NA,0.417266465509213,0.166504,0.250762465509213,NA,NA,NA,NA,NA,0.423052446457445,0.166504,0.256548446457445,NA,NA,NA,NA,NA,0.229273950905732,0.185365,0.0439089509057321,NA,NA,NA,NA,NA,0.142240652276783,0.185365,-0.043124347723217,NA,NA,NA,NA,NA,0.191114796641398,0.185365,0.0057497966413978,NA,NA,NA,NA,NA
"89","Mouse_NewITPdata_UMHET3_Liver_C2015_UT_DMAG_Male.UT08543","C2015","UT","Current","Mouse","UMHET3","Male","Liver","Liver","C2015_Male","DMAG","Compound","GPL24247","RNAseq",660,1460,0.4520548,1303.5,1081.5,0.5063291,-2.844163,"C2015_UT",NA,0.533538329127161,0.141515,0.392023329127161,NA,NA,NA,NA,NA,0.359832723391305,0.141515,0.218317723391305,NA,NA,NA,NA,NA,0.287853541921811,0.141515,0.146338541921811,NA,NA,NA,NA,NA,0.0104491717483194,-0.0962005000000001,0.10664967174832,NA,NA,NA,NA,NA,0.0467240000280661,-0.0962005000000001,0.142924500028066,NA,NA,NA,NA,NA,-0.000945232864520782,-0.0962005000000001,0.0952552671354794,NA,NA,NA,NA,NA,0.360151805405472,-0.0707450000000001,0.430896805405472,NA,NA,NA,NA,NA,0.245556682049866,-0.0707450000000001,0.316301682049866,NA,NA,NA,NA,NA,0.137003612884153,-0.0707450000000001,0.207748612884153,NA,NA,NA,NA,NA,0.128413309620771,-0.1189,0.247313309620771,NA,NA,NA,NA,NA,0.0716768786538526,-0.1189,0.190576878653853,NA,NA,NA,NA,NA,-0.0532963349450629,-0.1189,0.0656036650549371,NA,NA,NA,NA,NA
"90","Mouse_NewITPdata_UMHET3_Liver_C2015_UT_bGPA_Male.UT08493","C2015","UT","Current","Mouse","UMHET3","Male","Liver","Liver","C2015_Male","bGPA","Compound","GPL24247","RNAseq",660,1460,0.4520548,1285,1040.5,0.5136187,-2.723123,"C2015_UT",NA,0.746491785945611,0.262555,0.483936785945611,NA,NA,NA,NA,NA,0.572294561631998,0.262555,0.309739561631998,NA,NA,NA,NA,NA,0.459110372971917,0.262555,0.196555372971917,NA,NA,NA,NA,NA,0.223402628566768,0.0248394999999997,0.198563128566769,NA,NA,NA,NA,NA,0.259185838268757,0.0248394999999997,0.234346338268757,NA,NA,NA,NA,NA,0.170311598185586,0.0248394999999997,0.145472098185586,NA,NA,NA,NA,NA,0.573105262223922,0.0502949999999998,0.522810262223922,NA,NA,NA,NA,NA,0.458018520290554,0.0502949999999998,0.407723520290555,NA,NA,NA,NA,NA,0.308260443934259,0.0502949999999998,0.257965443934259,NA,NA,NA,NA,NA,0.34136676643922,0.00213999999999981,0.33922676643922,NA,NA,NA,NA,NA,0.284138716894544,0.00213999999999981,0.281998716894544,NA,NA,NA,NA,NA,0.117960496105043,0.00213999999999981,0.115820496105043,NA,NA,NA,NA,NA
"91","Mouse_NewITPdata_UMHET3_Liver_C2015_UT_Control_Male.UT08486","C2015","UT","Current","Mouse","UMHET3","Male","Liver","Liver","C2015_Male","Control","Control","GPL24247","RNAseq",660,1460,0.4520548,1295.5,1044.5,0.5094558,-2.725263,"C2015_UT",NA,0.650212648483154,0.260415,0.389797648483154,NA,NA,NA,NA,NA,0.412244302500333,0.260415,0.151829302500333,NA,NA,NA,NA,NA,0.371722102511984,0.260415,0.111307102511984,NA,NA,NA,NA,NA,0.127123491104312,0.0226994999999999,0.104423991104313,NA,NA,NA,NA,NA,0.0991355791370934,0.0226994999999999,0.0764360791370935,NA,NA,NA,NA,NA,0.0829233277256532,0.0226994999999999,0.0602238277256533,NA,NA,NA,NA,NA,0.476826124761465,0.0481549999999999,0.428671124761465,NA,NA,NA,NA,NA,0.297968261158892,0.0481549999999999,0.249813261158892,NA,NA,NA,NA,NA,0.220872173474328,0.0481549999999999,0.172717173474328,NA,NA,NA,NA,NA,0.245087628976764,0,0.245087628976764,NA,NA,NA,NA,NA,0.124088457762881,0,0.124088457762881,NA,NA,NA,NA,NA,0.0305722256451114,0,0.0305722256451114,NA,NA,NA,NA,NA
"92","Mouse_NewITPdata_UMHET3_Liver_C2015_UT_Control_Male.UT08488","C2015","UT","Current","Mouse","UMHET3","Male","Liver","Liver","C2015_Male","Control","Control","GPL24247","RNAseq",660,1460,0.4520548,1295.5,1044.5,0.5094558,-2.725263,"C2015_UT",NA,0.364372298609697,0.260415,0.103957298609697,NA,NA,NA,NA,NA,0.218822044220496,0.260415,-0.0415929557795041,NA,NA,NA,NA,NA,0.303920209140976,0.260415,0.0435052091409762,NA,NA,NA,NA,NA,-0.158716858769145,0.0226994999999999,-0.181416358769144,NA,NA,NA,NA,NA,-0.0942866791427466,0.0226994999999999,-0.116986179142746,NA,NA,NA,NA,NA,0.0151214343546422,0.0226994999999999,-0.00757806564535771,NA,NA,NA,NA,NA,0.190985774888008,0.0481549999999999,0.142830774888008,NA,NA,NA,NA,NA,0.104546002879052,0.0481549999999999,0.0563910028790517,NA,NA,NA,NA,NA,0.153070280103314,0.0481549999999999,0.104915280103314,NA,NA,NA,NA,NA,-0.0407527208966931,0,-0.0407527208966931,NA,NA,NA,NA,NA,-0.0693338005169595,0,-0.0693338005169595,NA,NA,NA,NA,NA,-0.0372296677259003,0,-0.0372296677259003,NA,NA,NA,NA,NA
"93","Mouse_NewITPdata_UMHET3_Liver_C2015_UT_Min_Male.UT08533","C2015","UT","Current","Mouse","UMHET3","Male","Liver","Liver","C2015_Male","Min","Compound","GPL24247","RNAseq",660,1460,0.4520548,1310.5,1052.5,0.5036246,-2.727278,"C2015_UT",NA,0.823173745336442,0.2584,0.564773745336442,NA,NA,NA,NA,NA,0.449467724071373,0.2584,0.191067724071373,NA,NA,NA,NA,NA,0.416210147444339,0.2584,0.157810147444339,NA,NA,NA,NA,NA,0.3000845879576,0.0206844999999998,0.2794000879576,NA,NA,NA,NA,NA,0.136359000708132,0.0206844999999998,0.115674500708132,NA,NA,NA,NA,NA,0.127411372658006,0.0206844999999998,0.106726872658006,NA,NA,NA,NA,NA,0.649787221614753,0.0461399999999998,0.603647221614753,NA,NA,NA,NA,NA,0.33519168272993,0.0461399999999998,0.28905168272993,NA,NA,NA,NA,NA,0.265360218406679,0.0461399999999998,0.219220218406679,NA,NA,NA,NA,NA,0.418048725830052,-0.0020150000000001,0.420063725830052,NA,NA,NA,NA,NA,0.161311879333919,-0.0020150000000001,0.163326879333919,NA,NA,NA,NA,NA,0.0750602705774644,-0.0020150000000001,0.0770752705774645,NA,NA,NA,NA,NA
"94","Mouse_NewITPdata_UMHET3_Liver_C2015_UT_MitoQ_Male.UT08509","C2015","UT","Current","Mouse","UMHET3","Male","Liver","Liver","C2015_Male","MitoQ","Compound","GPL24247","RNAseq",660,1460,0.4520548,1299.5,1052.5,0.5078876,-2.7429,"C2015_UT",NA,0.367481480559946,0.242778,0.124703480559946,NA,NA,NA,NA,NA,0.431096294613772,0.242778,0.188318294613772,NA,NA,NA,NA,NA,0.431517458122311,0.242778,0.188739458122311,NA,NA,NA,NA,NA,-0.155607676818896,0.00506249999999975,-0.160670176818896,NA,NA,NA,NA,NA,0.117987571250533,0.00506249999999975,0.112925071250533,NA,NA,NA,NA,NA,0.142718683335976,0.00506249999999975,0.137656183335976,NA,NA,NA,NA,NA,0.194094956838257,0.0305179999999998,0.163576956838257,NA,NA,NA,NA,NA,0.316820253272332,0.0305179999999998,0.286302253272332,NA,NA,NA,NA,NA,0.280667529084652,0.0305179999999998,0.250149529084652,NA,NA,NA,NA,NA,-0.0376435389464443,-0.0176370000000001,-0.0200065389464442,NA,NA,NA,NA,NA,0.14294044987632,-0.0176370000000001,0.16057744987632,NA,NA,NA,NA,NA,0.0903675812554348,-0.0176370000000001,0.108004581255435,NA,NA,NA,NA,NA
"95","Mouse_NewITPdata_UMHET3_Liver_C2015_UT_Rapa20hi_Male.UT08510","C2015","UT","Current","Mouse","UMHET3","Male","Liver","Liver","C2015_Male","Rapa","Compound","GPL24247","RNAseq",660,1460,0.4520548,1400.5,1160,0.4712603,-2.883919,"C2015_UT",NA,0.416556045279068,0.101759,0.314797045279068,NA,NA,NA,NA,NA,0.313737030336112,0.101759,0.211978030336112,NA,NA,NA,NA,NA,0.26541596415006,0.101759,0.16365696415006,NA,NA,NA,NA,NA,-0.106533112099774,-0.1359565,0.0294233879002266,NA,NA,NA,NA,NA,0.000628306972873992,-0.1359565,0.136584806972874,NA,NA,NA,NA,NA,-0.0233828106362765,-0.1359565,0.112573689363724,NA,NA,NA,NA,NA,0.243169521557379,-0.110501,0.353670521557379,NA,NA,NA,NA,NA,0.199460988994672,-0.110501,0.309961988994672,NA,NA,NA,NA,NA,0.114566035112397,-0.110501,0.225067035112397,NA,NA,NA,NA,NA,0.0114310257726778,-0.158656,0.170087025772678,NA,NA,NA,NA,NA,0.0255811855986605,-0.158656,0.184237185598661,NA,NA,NA,NA,NA,-0.0757339127168187,-0.158656,0.0829220872831815,NA,NA,NA,NA,NA
"96","Mouse_NewITPdata_UMHET3_Liver_C2016_TJL_Cana_Male.JL14046","C2016","TJL","Current","Mouse","UMHET3","Male","Liver","Liver","C2016_Male","Cana","Compound","GPL24247","RNAseq",660,1460,0.4520548,1355,1149,0.4870849,-3.039801,"C2016_TJL",NA,0.24867557764835,-0.0541230000000001,0.30279857764835,NA,NA,NA,NA,NA,0.23360537606922,-0.0541230000000001,0.287728376069221,NA,NA,NA,NA,NA,0.137789510669463,-0.0541230000000001,0.191912510669464,NA,NA,NA,NA,NA,-0.276392890691599,-0.267134,-0.00925889069159869,NA,NA,NA,NA,NA,-0.108954649764168,-0.267134,0.158179350235832,NA,NA,NA,NA,NA,-0.115484392363231,-0.267134,0.151649607636769,NA,NA,NA,NA,NA,-0.00415751925112339,-0.0512175000000004,0.047059980748877,NA,NA,NA,NA,NA,0.101586359274852,-0.0512175000000004,0.152803859274852,NA,NA,NA,NA,NA,0.145725952854594,-0.0512175000000004,0.196943452854594,NA,NA,NA,NA,NA,-0.270131724063668,-0.182724,-0.087407724063668,NA,NA,NA,NA,NA,-0.160624608431105,-0.182724,0.022099391568895,NA,NA,NA,NA,NA,-0.187552983607333,-0.182724,-0.0048289836073333,NA,NA,NA,NA,NA
"97","Mouse_NewITPdata_UMHET3_Liver_C2016_TJL_CC_Male.JL14023","C2016","TJL","Current","Mouse","UMHET3","Male","Liver","Liver","C2016_Male","CC","Compound","GPL24247","RNAseq",660,1460,0.4520548,1292.5,1070,0.5106383,-2.870028,"C2016_TJL",NA,0.639827646466528,0.11565,0.524177646466528,NA,NA,NA,NA,NA,0.319437543648986,0.11565,0.203787543648986,NA,NA,NA,NA,NA,0.286801903135035,0.11565,0.171151903135035,NA,NA,NA,NA,NA,0.114759178126578,-0.0973609999999998,0.212120178126578,NA,NA,NA,NA,NA,-0.0231224821844048,-0.0973609999999998,0.074238517815595,NA,NA,NA,NA,NA,0.033528000102337,-0.0973609999999998,0.130889000102337,NA,NA,NA,NA,NA,0.386994549567054,0.1185555,0.268439049567054,NA,NA,NA,NA,NA,0.187418526854616,0.1185555,0.0688630268546164,NA,NA,NA,NA,NA,0.294738345320163,0.1185555,0.176182845320163,NA,NA,NA,NA,NA,0.121020344754509,-0.0129509999999997,0.133971344754509,NA,NA,NA,NA,NA,-0.0747924408513432,-0.0129509999999997,-0.0618414408513434,NA,NA,NA,NA,NA,-0.0385405911417664,-0.0129509999999997,-0.0255895911417666,NA,NA,NA,NA,NA
"98","Mouse_NewITPdata_UMHET3_Liver_C2016_TJL_Control_Male.JL14026","C2016","TJL","Current","Mouse","UMHET3","Male","Liver","Liver","C2016_Male","Control","Control","GPL24247","RNAseq",660,1460,0.4520548,1276,1036.5,0.5172414,-2.722665,"C2016_TJL",NA,0.851350875655655,0.263013,0.588337875655655,NA,NA,NA,NA,NA,0.501589063283465,0.263013,0.238576063283465,NA,NA,NA,NA,NA,0.359361194179101,0.263013,0.0963481941791007,NA,NA,NA,NA,NA,0.326282407315705,0.0500020000000001,0.276280407315705,NA,NA,NA,NA,NA,0.159029037450074,0.0500020000000001,0.109027037450074,NA,NA,NA,NA,NA,0.106087291146406,0.0500020000000001,0.0560852911464058,NA,NA,NA,NA,NA,0.598517778756182,0.2659185,0.332599278756182,NA,NA,NA,NA,NA,0.369570046489093,0.2659185,0.103651546489094,NA,NA,NA,NA,NA,0.36729763636423,0.2659185,0.10137913636423,NA,NA,NA,NA,NA,0.332543573943637,0.134412,0.198131573943637,NA,NA,NA,NA,NA,0.107359078783137,0.134412,-0.0270529212168631,NA,NA,NA,NA,NA,0.0340186999023045,0.134412,-0.100393300097696,NA,NA,NA,NA,NA
"99","Mouse_NewITPdata_UMHET3_Liver_C2016_TJL_Control_Male.JL14027","C2016","TJL","Current","Mouse","UMHET3","Male","Liver","Liver","C2016_Male","Control","Control","GPL24247","RNAseq",660,1460,0.4520548,1276,1036.5,0.5172414,-2.722665,"C2016_TJL",NA,0.48766487328371,0.263013,0.22465187328371,NA,NA,NA,NA,NA,0.653847746849508,0.263013,0.390834746849508,NA,NA,NA,NA,NA,0.518938247997832,0.263013,0.255925247997832,NA,NA,NA,NA,NA,-0.0374035950562394,0.0500020000000001,-0.0874055950562395,NA,NA,NA,NA,NA,0.311287721016118,0.0500020000000001,0.261285721016118,NA,NA,NA,NA,NA,0.265664344965137,0.0500020000000001,0.215662344965136,NA,NA,NA,NA,NA,0.234831776384236,0.2659185,-0.031086723615764,NA,NA,NA,NA,NA,0.521828730055139,0.2659185,0.255910230055139,NA,NA,NA,NA,NA,0.526874690182961,0.2659185,0.260956190182961,NA,NA,NA,NA,NA,-0.0311424284283088,0.134412,-0.165554428428309,NA,NA,NA,NA,NA,0.25961776234918,0.134412,0.12520576234918,NA,NA,NA,NA,NA,0.193595753721035,0.134412,0.059183753721035,NA,NA,NA,NA,NA
"100","Mouse_NewITPdata_UMHET3_Liver_C2016_TJL_GGA_Male.JL14095","C2016","TJL","Current","Mouse","UMHET3","Male","Liver","Liver","C2016_Male","GGA","Compound","GPL24247","RNAseq",660,1460,0.4520548,1234,1018.5,0.534846,-2.781358,"C2016_TJL",NA,0.4977564349676,0.20432,0.2934364349676,NA,NA,NA,NA,NA,0.375801775264244,0.20432,0.171481775264244,NA,NA,NA,NA,NA,0.364876545525268,0.20432,0.160556545525268,NA,NA,NA,NA,NA,-0.0273120333723501,-0.00869099999999978,-0.0186210333723503,NA,NA,NA,NA,NA,0.0332417494308551,-0.00869099999999978,0.0419327494308549,NA,NA,NA,NA,NA,0.111602642492575,-0.00869099999999978,0.120293642492574,NA,NA,NA,NA,NA,0.244923338068125,0.2072255,0.0376978380681254,NA,NA,NA,NA,NA,0.243782758469879,0.2072255,0.0365572584698789,NA,NA,NA,NA,NA,0.3728129877104,0.2072255,0.165587487710401,NA,NA,NA,NA,NA,-0.0210508667444192,0.0757190000000003,-0.0967698667444195,NA,NA,NA,NA,NA,-0.0184282092360803,0.0757190000000003,-0.0941472092360806,NA,NA,NA,NA,NA,0.039534051248475,0.0757190000000003,-0.0361849487515253,NA,NA,NA,NA,NA
"101","Mouse_NewITPdata_UMHET3_Liver_C2016_TJL_Est16_Male.JL14008","C2016","TJL","Current","Mouse","UMHET3","Male","Liver","Liver","C2016_Male","17aE2_16m","Compound","GPL24247","RNAseq",660,1460,0.4520548,1286.5,1108,0.5130198,-2.794302,"C2016_TJL",NA,0.0456757196288227,0.191376,-0.145700280371177,NA,NA,NA,NA,NA,0.244392449009668,0.191376,0.053016449009668,NA,NA,NA,NA,NA,0.326507846832696,0.191376,0.135131846832696,NA,NA,NA,NA,NA,-0.479392748711126,-0.0216349999999998,-0.457757748711127,NA,NA,NA,NA,NA,-0.0981675768237198,-0.0216349999999998,-0.07653257682372,NA,NA,NA,NA,NA,0.0732339438000028,-0.0216349999999998,0.0948689438000027,NA,NA,NA,NA,NA,-0.207157377270651,0.1942815,-0.401438877270651,NA,NA,NA,NA,NA,0.112373432215304,0.1942815,-0.0819080677846962,NA,NA,NA,NA,NA,0.334444289017824,0.1942815,0.140162789017825,NA,NA,NA,NA,NA,-0.473131582083196,0.0627750000000002,-0.535906582083196,NA,NA,NA,NA,NA,-0.149837535490654,0.0627750000000002,-0.212612535490654,NA,NA,NA,NA,NA,0.00116535255590308,0.0627750000000002,-0.0616096474440972,NA,NA,NA,NA,NA
"102","Mouse_NewITPdata_UMHET3_Liver_C2016_TJL_MIF098_Male.JL14081","C2016","TJL","Current","Mouse","UMHET3","Male","Liver","Liver","C2016_Male","MIF098","Compound","GPL24247","RNAseq",660,1460,0.4520548,1272.5,1049.5,0.518664,-2.769747,"C2016_TJL",NA,0.366502482166061,0.215931,0.150571482166061,NA,NA,NA,NA,NA,0.414930830739724,0.215931,0.198999830739724,NA,NA,NA,NA,NA,0.375018254027885,0.215931,0.159087254027885,NA,NA,NA,NA,NA,-0.158565986173889,0.00292000000000003,-0.161485986173889,NA,NA,NA,NA,NA,0.0723708049063356,0.00292000000000003,0.0694508049063356,NA,NA,NA,NA,NA,0.12174435099519,0.00292000000000003,0.11882435099519,NA,NA,NA,NA,NA,0.113669385266587,0.2188365,-0.105167114733413,NA,NA,NA,NA,NA,0.282911813945356,0.2188365,0.0640753139453562,NA,NA,NA,NA,NA,0.382954696213014,0.2188365,0.164118196213014,NA,NA,NA,NA,NA,-0.152304819545958,0.0873300000000001,-0.239634819545958,NA,NA,NA,NA,NA,0.020700846239399,0.0873300000000001,-0.0666291537606011,NA,NA,NA,NA,NA,0.0496757597510891,0.0873300000000001,-0.037654240248911,NA,NA,NA,NA,NA
"103","Mouse_NewITPdata_UMHET3_Liver_C2016_TJL_NR_Male.JL13970","C2016","TJL","Current","Mouse","UMHET3","Male","Liver","Liver","C2016_Male","NR","Compound","GPL24247","RNAseq",660,1460,0.4520548,1242,1009,0.531401,-2.700478,"C2016_TJL",NA,0.561805359724491,0.2852,0.276605359724491,NA,NA,NA,NA,NA,0.43764532855526,0.2852,0.15244532855526,NA,NA,NA,NA,NA,0.419145722057427,0.2852,0.133945722057427,NA,NA,NA,NA,NA,0.0367368913845411,0.0721890000000003,-0.0354521086154592,NA,NA,NA,NA,NA,0.0950853027218712,0.0721890000000003,0.0228963027218709,NA,NA,NA,NA,NA,0.165871819024731,0.0721890000000003,0.0936828190247309,NA,NA,NA,NA,NA,0.308972262825016,0.2881055,0.0208667628250161,NA,NA,NA,NA,NA,0.305626311760891,0.2881055,0.0175208117608911,NA,NA,NA,NA,NA,0.427082164242556,0.2881055,0.138976664242556,NA,NA,NA,NA,NA,0.0429980580124718,0.156599,-0.113600941987529,NA,NA,NA,NA,NA,0.0434153440549346,0.156599,-0.113183655945066,NA,NA,NA,NA,NA,0.0938032277806314,0.156599,-0.062795772219369,NA,NA,NA,NA,NA
"104","Mouse_NewITPdata_UMHET3_Liver_C2016_UM_Cana_Male.UM69055","C2016","UM","Current","Mouse","UMHET3","Male","Liver","Liver","C2016_Male","Cana","Compound","GPL24247","RNAseq",660,1460,0.4520548,1370.5,1169.5,0.4815761,-3.1067,"C2016_UM",NA,0.0143540021876896,-0.121022,0.13537600218769,NA,NA,NA,NA,NA,0.0299858622312757,-0.121022,0.151007862231276,NA,NA,NA,NA,NA,0.0138852001716302,-0.121022,0.13490720017163,NA,NA,NA,NA,NA,-0.51071446615226,-0.334033,-0.17668146615226,NA,NA,NA,NA,NA,-0.31257416360211,-0.334033,0.0214588363978901,NA,NA,NA,NA,NA,-0.239388702861066,-0.334033,0.0946442971389338,NA,NA,NA,NA,NA,-0.00140379835825513,-0.0996410000000001,0.098237201641745,NA,NA,NA,NA,NA,0.126166938829597,-0.0996410000000001,0.225807938829597,NA,NA,NA,NA,NA,0.120088833729126,-0.0996410000000001,0.219729833729126,NA,NA,NA,NA,NA,-0.119873065994489,-0.0996410000000001,-0.0202320659944893,NA,NA,NA,NA,NA,0.040758918642657,-0.0996410000000001,0.140399918642657,NA,NA,NA,NA,NA,0.0260144323598179,-0.0996410000000001,0.125655432359818,NA,NA,NA,NA,NA
"105","Mouse_NewITPdata_UMHET3_Liver_C2016_UM_Cana_Male.UM69062","C2016","UM","Current","Mouse","UMHET3","Male","Liver","Liver","C2016_Male","Cana","Compound","GPL24247","RNAseq",660,1460,0.4520548,1370.5,1169.5,0.4815761,-3.1067,"C2016_UM",NA,0.514913712849525,-0.121022,0.635935712849525,NA,NA,NA,NA,NA,0.246852363660897,-0.121022,0.367874363660897,NA,NA,NA,NA,NA,0.0741776419933077,-0.121022,0.195199641993308,NA,NA,NA,NA,NA,-0.010154755490425,-0.334033,0.323878244509575,NA,NA,NA,NA,NA,-0.095707662172493,-0.334033,0.238325337827507,NA,NA,NA,NA,NA,-0.179096261039387,-0.334033,0.154936738960612,NA,NA,NA,NA,NA,0.49915591230358,-0.0996410000000001,0.59879691230358,NA,NA,NA,NA,NA,0.343033440259214,-0.0996410000000001,0.442674440259214,NA,NA,NA,NA,NA,0.180381275550803,-0.0996410000000001,0.280022275550803,NA,NA,NA,NA,NA,0.380686644667345,-0.0996410000000001,0.480327644667345,NA,NA,NA,NA,NA,0.257625420072274,-0.0996410000000001,0.357266420072275,NA,NA,NA,NA,NA,0.0863068741814932,-0.0996410000000001,0.185947874181493,NA,NA,NA,NA,NA
"106","Mouse_NewITPdata_UMHET3_Liver_C2016_UM_Cana_Male.UM69622","C2016","UM","Current","Mouse","UMHET3","Male","Liver","Liver","C2016_Male","Cana","Compound","GPL24247","RNAseq",660,1460,0.4520548,1370.5,1169.5,0.4815761,-3.1067,"C2016_UM",NA,0.397383072877854,-0.121022,0.518405072877854,NA,NA,NA,NA,NA,0.28855392175089,-0.121022,0.40957592175089,NA,NA,NA,NA,NA,0.0702432764114693,-0.121022,0.191265276411469,NA,NA,NA,NA,NA,-0.127685395462095,-0.334033,0.206347604537905,NA,NA,NA,NA,NA,-0.0540061040824954,-0.334033,0.280026895917504,NA,NA,NA,NA,NA,-0.183030626621227,-0.334033,0.151002373378773,NA,NA,NA,NA,NA,0.38162527233191,-0.0996410000000001,0.48126627233191,NA,NA,NA,NA,NA,0.384734998349216,-0.0996410000000001,0.484375998349217,NA,NA,NA,NA,NA,0.176446909968963,-0.0996410000000001,0.276087909968963,NA,NA,NA,NA,NA,0.263156004695675,-0.0996410000000001,0.362797004695675,NA,NA,NA,NA,NA,0.299326978162274,-0.0996410000000001,0.398967978162274,NA,NA,NA,NA,NA,0.0823725085996545,-0.0996410000000001,0.182013508599655,NA,NA,NA,NA,NA
"107","Mouse_NewITPdata_UMHET3_Liver_C2016_UM_Cana_Male.UM69629","C2016","UM","Current","Mouse","UMHET3","Male","Liver","Liver","C2016_Male","Cana","Compound","GPL24247","RNAseq",660,1460,0.4520548,1370.5,1169.5,0.4815761,-3.1067,"C2016_UM",NA,0.742902677953065,-0.121022,0.863924677953065,NA,NA,NA,NA,NA,0.305006996620859,-0.121022,0.426028996620859,NA,NA,NA,NA,NA,0.0726740972862098,-0.121022,0.19369609728621,NA,NA,NA,NA,NA,0.217834209613114,-0.334033,0.551867209613114,NA,NA,NA,NA,NA,-0.0375530292125269,-0.334033,0.296479970787473,NA,NA,NA,NA,NA,-0.180599805746488,-0.334033,0.153433194253512,NA,NA,NA,NA,NA,0.727144877407121,-0.0996410000000001,0.826785877407121,NA,NA,NA,NA,NA,0.401188073219175,-0.0996410000000001,0.500829073219175,NA,NA,NA,NA,NA,0.178877730843699,-0.0996410000000001,0.278518730843699,NA,NA,NA,NA,NA,0.608675609770885,-0.0996410000000001,0.708316609770885,NA,NA,NA,NA,NA,0.31578005303224,-0.0996410000000001,0.41542105303224,NA,NA,NA,NA,NA,0.0848033294743941,-0.0996410000000001,0.184444329474394,NA,NA,NA,NA,NA
"108","Mouse_NewITPdata_UMHET3_Liver_C2016_UM_Cana_Male.UM69951","C2016","UM","Current","Mouse","UMHET3","Male","Liver","Liver","C2016_Male","Cana","Compound","GPL24247","RNAseq",660,1460,0.4520548,1370.5,1169.5,0.4815761,-3.1067,"C2016_UM",NA,0.499176920399511,-0.121022,0.620198920399511,NA,NA,NA,NA,NA,0.192269009588729,-0.121022,0.313291009588729,NA,NA,NA,NA,NA,0.0603834167579402,-0.121022,0.18140541675794,NA,NA,NA,NA,NA,-0.0258915479404379,-0.334033,0.308141452059562,NA,NA,NA,NA,NA,-0.15029101624466,-0.334033,0.18374198375534,NA,NA,NA,NA,NA,-0.192890486274757,-0.334033,0.141142513725243,NA,NA,NA,NA,NA,0.483419119853567,-0.0996410000000001,0.583060119853567,NA,NA,NA,NA,NA,0.288450086187048,-0.0996410000000001,0.388091086187048,NA,NA,NA,NA,NA,0.166587050315437,-0.0996410000000001,0.266228050315437,NA,NA,NA,NA,NA,0.364949852217333,-0.0996410000000001,0.464590852217333,NA,NA,NA,NA,NA,0.203042066000107,-0.0996410000000001,0.302683066000107,NA,NA,NA,NA,NA,0.0725126489461249,-0.0996410000000001,0.172153648946125,NA,NA,NA,NA,NA
"109","Mouse_NewITPdata_UMHET3_Liver_C2016_UM_CC_Male.UM68369","C2016","UM","Current","Mouse","UMHET3","Male","Liver","Liver","C2016_Male","CC","Compound","GPL24247","RNAseq",660,1460,0.4520548,1283,1064.5,0.5144193,-2.904831,"C2016_UM",NA,0.512669826559217,0.0808469999999999,0.431822826559217,NA,NA,NA,NA,NA,0.340622346210414,0.0808469999999999,0.259775346210414,NA,NA,NA,NA,NA,0.261866389190323,0.0808469999999999,0.181019389190323,NA,NA,NA,NA,NA,-0.0123986417807319,-0.132164,0.119765358219268,NA,NA,NA,NA,NA,-0.00193767962297234,-0.132164,0.130226320377028,NA,NA,NA,NA,NA,0.00859248615762782,-0.132164,0.140756486157628,NA,NA,NA,NA,NA,0.496912026013273,0.102228,0.394684026013273,NA,NA,NA,NA,NA,0.436803422808736,0.102228,0.334575422808736,NA,NA,NA,NA,NA,0.368070022747816,0.102228,0.265842022747816,NA,NA,NA,NA,NA,0.378442758377039,0.102228,0.276214758377039,NA,NA,NA,NA,NA,0.351395402621797,0.102228,0.249167402621798,NA,NA,NA,NA,NA,0.273995621378511,0.102228,0.171767621378511,NA,NA,NA,NA,NA
"110","Mouse_NewITPdata_UMHET3_Liver_C2016_UM_Control_Male.UM68509","C2016","UM","Current","Mouse","UMHET3","Male","Liver","Liver","C2016_Male","Control","Control","GPL24247","RNAseq",660,1460,0.4520548,1308.5,1065.5,0.5043943,-2.772667,"C2016_UM",NA,0.451208556976874,0.213011,0.238197556976874,NA,NA,NA,NA,NA,0.13941340651704,0.213011,-0.0735975934829594,NA,NA,NA,NA,NA,0.272403811291175,0.213011,0.0593928112911754,NA,NA,NA,NA,NA,-0.0738599113630758,0,-0.0738599113630758,NA,NA,NA,NA,NA,-0.203146619316347,0,-0.203146619316347,NA,NA,NA,NA,NA,0.0191299082584785,0,0.0191299082584785,NA,NA,NA,NA,NA,0.435450756430929,0.234392,0.201058756430929,NA,NA,NA,NA,NA,0.235594483115356,0.234392,0.00120248311535665,NA,NA,NA,NA,NA,0.378607444848671,0.234392,0.144215444848672,NA,NA,NA,NA,NA,0.316981488794694,0.234392,0.0825894887946946,NA,NA,NA,NA,NA,0.150186462928419,0.234392,-0.0842055370715803,NA,NA,NA,NA,NA,0.284533043479355,0.234392,0.0501410434793554,NA,NA,NA,NA,NA
"111","Mouse_NewITPdata_UMHET3_Liver_C2016_UM_Control_Male.UM69643","C2016","UM","Current","Mouse","UMHET3","Male","Liver","Liver","C2016_Male","Control","Control","GPL24247","RNAseq",660,1460,0.4520548,1308.5,1065.5,0.5043943,-2.772667,"C2016_UM",NA,0.540706494287263,0.213011,0.327695494287263,NA,NA,NA,NA,NA,0.433231019432006,0.213011,0.220220019432006,NA,NA,NA,NA,NA,0.341652174789239,0.213011,0.128641174789239,NA,NA,NA,NA,NA,0.0156380259473139,0,0.0156380259473139,NA,NA,NA,NA,NA,0.0906709935986176,0,0.0906709935986176,NA,NA,NA,NA,NA,0.0883782717565395,0,0.0883782717565395,NA,NA,NA,NA,NA,0.524948693741319,0.234392,0.290556693741319,NA,NA,NA,NA,NA,0.529412096030326,0.234392,0.295020096030326,NA,NA,NA,NA,NA,0.447855808346729,0.234392,0.213463808346729,NA,NA,NA,NA,NA,0.406479426105084,0.234392,0.172087426105085,NA,NA,NA,NA,NA,0.444004075843385,0.234392,0.209612075843385,NA,NA,NA,NA,NA,0.353781406977421,0.234392,0.119389406977421,NA,NA,NA,NA,NA
"112","Mouse_NewITPdata_UMHET3_Liver_C2016_UM_Control_Male.UM69804","C2016","UM","Current","Mouse","UMHET3","Male","Liver","Liver","C2016_Male","Control","Control","GPL24247","RNAseq",660,1460,0.4520548,1308.5,1065.5,0.5043943,-2.772667,"C2016_UM",NA,0.917333546642347,0.213011,0.704322546642348,NA,NA,NA,NA,NA,0.498132628168671,0.213011,0.285121628168671,NA,NA,NA,NA,NA,0.432118290220184,0.213011,0.219107290220184,NA,NA,NA,NA,NA,0.392265078302398,0,0.392265078302398,NA,NA,NA,NA,NA,0.155572602335283,0,0.155572602335283,NA,NA,NA,NA,NA,0.178844387187491,0,0.178844387187491,NA,NA,NA,NA,NA,0.901575746096404,0.234392,0.667183746096404,NA,NA,NA,NA,NA,0.594313704766987,0.234392,0.359921704766987,NA,NA,NA,NA,NA,0.538321923777682,0.234392,0.303929923777683,NA,NA,NA,NA,NA,0.783106478460169,0.234392,0.548714478460169,NA,NA,NA,NA,NA,0.508905684580051,0.234392,0.274513684580051,NA,NA,NA,NA,NA,0.44424752240837,0.234392,0.20985552240837,NA,NA,NA,NA,NA
"113","Mouse_NewITPdata_UMHET3_Liver_C2016_UM_Control_Male.UM69811","C2016","UM","Current","Mouse","UMHET3","Male","Liver","Liver","C2016_Male","Control","Control","GPL24247","RNAseq",660,1460,0.4520548,1308.5,1065.5,0.5043943,-2.772667,"C2016_UM",NA,0.498720240587168,0.213011,0.285709240587168,NA,NA,NA,NA,NA,0.381742333480502,0.213011,0.168731333480503,NA,NA,NA,NA,NA,0.315630931147909,0.213011,0.10261993114791,NA,NA,NA,NA,NA,-0.0263482277527812,0,-0.0263482277527812,NA,NA,NA,NA,NA,0.0391823076471158,0,0.0391823076471158,NA,NA,NA,NA,NA,0.0623570281152144,0,0.0623570281152144,NA,NA,NA,NA,NA,0.482962440041224,0.234392,0.248570440041224,NA,NA,NA,NA,NA,0.477923410078823,0.234392,0.243531410078823,NA,NA,NA,NA,NA,0.421834564705406,0.234392,0.187442564705406,NA,NA,NA,NA,NA,0.36449317240499,0.234392,0.13010117240499,NA,NA,NA,NA,NA,0.392515389891882,0.234392,0.158123389891882,NA,NA,NA,NA,NA,0.327760163336091,0.234392,0.0933681633360915,NA,NA,NA,NA,NA
"114","Mouse_NewITPdata_UMHET3_Liver_C2016_UM_Control_Male.UM70133","C2016","UM","Current","Mouse","UMHET3","Male","Liver","Liver","C2016_Male","Control","Control","GPL24247","RNAseq",660,1460,0.4520548,1308.5,1065.5,0.5043943,-2.772667,"C2016_UM",NA,0.559514807231324,0.213011,0.346503807231324,NA,NA,NA,NA,NA,0.269898025784332,0.213011,0.0568870257843325,NA,NA,NA,NA,NA,0.292468737574386,0.213011,0.0794577375743865,NA,NA,NA,NA,NA,0.0344463388913743,0,0.0344463388913743,NA,NA,NA,NA,NA,-0.0726620000490568,0,-0.0726620000490568,NA,NA,NA,NA,NA,0.0391948345416915,0,0.0391948345416915,NA,NA,NA,NA,NA,0.543757006685379,0.234392,0.30936500668538,NA,NA,NA,NA,NA,0.36607910238265,0.234392,0.131687102382651,NA,NA,NA,NA,NA,0.398672371131879,0.234392,0.164280371131879,NA,NA,NA,NA,NA,0.425287739049145,0.234392,0.190895739049145,NA,NA,NA,NA,NA,0.280671082195709,0.234392,0.046279082195709,NA,NA,NA,NA,NA,0.30459796976257,0.234392,0.0702059697625702,NA,NA,NA,NA,NA
"115","Mouse_NewITPdata_UMHET3_Liver_C2016_UM_Control_Male.UM70357","C2016","UM","Current","Mouse","UMHET3","Male","Liver","Liver","C2016_Male","Control","Control","GPL24247","RNAseq",660,1460,0.4520548,1308.5,1065.5,0.5043943,-2.772667,"C2016_UM",NA,0.671251323199549,0.213011,0.458240323199549,NA,NA,NA,NA,NA,0.480710470050103,0.213011,0.267699470050104,NA,NA,NA,NA,NA,0.388157543205802,0.213011,0.175146543205802,NA,NA,NA,NA,NA,0.1461828548596,0,0.1461828548596,NA,NA,NA,NA,NA,0.138150444216719,0,0.138150444216719,NA,NA,NA,NA,NA,0.134883640173106,0,0.134883640173106,NA,NA,NA,NA,NA,0.655493522653605,0.234392,0.421101522653606,NA,NA,NA,NA,NA,0.576891546648422,0.234392,0.342499546648422,NA,NA,NA,NA,NA,0.494361176763298,0.234392,0.259969176763298,NA,NA,NA,NA,NA,0.53702425501737,0.234392,0.302632255017371,NA,NA,NA,NA,NA,0.491483526461485,0.234392,0.257091526461485,NA,NA,NA,NA,NA,0.400286775393985,0.234392,0.165894775393985,NA,NA,NA,NA,NA
"116","Mouse_NewITPdata_UMHET3_Liver_C2016_UM_Control_Male.YC13","C2016","UM","Current","Mouse","UMHET3","Male","Liver","Liver","C2016_Male","Control","Control","GPL24247","RNAseq",120,1460,0.08219178,1308.5,1065.5,0.09170806,-3.826208,"C2016_UM",NA,-0.421019939906355,-0.84053,0.419510060093644,NA,NA,NA,NA,NA,-0.635207512686817,-0.84053,0.205322487313183,NA,NA,NA,NA,NA,-0.725703451241078,-0.84053,0.114826548758922,NA,NA,NA,NA,NA,-0.946088408246304,-1.053541,0.107452591753695,NA,NA,NA,NA,NA,-0.977767538520203,-1.053541,0.0757734614797965,NA,NA,NA,NA,NA,-0.978977354273779,-1.053541,0.0745636457262211,NA,NA,NA,NA,NA,-0.4367777404523,-0.819149,0.3823712595477,NA,NA,NA,NA,NA,-0.539026436088498,-0.819149,0.280122563911502,NA,NA,NA,NA,NA,-0.619499817683584,-0.819149,0.199649182316416,NA,NA,NA,NA,NA,-0.555247008088534,-0.819149,0.263901991911466,NA,NA,NA,NA,NA,-0.624434456275438,-0.819149,0.194714543724562,NA,NA,NA,NA,NA,-0.713574219052892,-0.819149,0.105574780947108,NA,NA,NA,NA,NA
"117","Mouse_NewITPdata_UMHET3_Liver_C2016_UM_Control_Male.YC2","C2016","UM","Current","Mouse","UMHET3","Male","Liver","Liver","C2016_Male","Control","Control","GPL24247","RNAseq",120,1460,0.08219178,1308.5,1065.5,0.09170806,-3.826208,"C2016_UM",NA,-0.528488100826663,-0.84053,0.312041899173337,NA,NA,NA,NA,NA,-0.911212630672925,-0.84053,-0.0706826306729251,NA,NA,NA,NA,NA,-0.779912331150324,-0.84053,0.0606176688496761,NA,NA,NA,NA,NA,-1.05355656916661,-1.053541,-1.55691666119395e-05,NA,NA,NA,NA,NA,-1.25377265650631,-1.053541,-0.200231656506313,NA,NA,NA,NA,NA,-1.03318623418302,-1.053541,0.0203547658169798,NA,NA,NA,NA,NA,-0.544245901372607,-0.819149,0.274903098627393,NA,NA,NA,NA,NA,-0.815031554074607,-0.819149,0.00411744592539309,NA,NA,NA,NA,NA,-0.67370869759283,-0.819149,0.14544030240717,NA,NA,NA,NA,NA,-0.662715169008842,-0.819149,0.156433830991158,NA,NA,NA,NA,NA,-0.900439574261548,-0.819149,-0.0812905742615476,NA,NA,NA,NA,NA,-0.767783098962139,-0.819149,0.0513659010378609,NA,NA,NA,NA,NA
"118","Mouse_NewITPdata_UMHET3_Liver_C2016_UM_Est16_Male.UM68390","C2016","UM","Current","Mouse","UMHET3","Male","Liver","Liver","C2016_Male","17aE2_16m","Compound","GPL24247","RNAseq",660,1460,0.4520548,1312.5,1131,0.5028571,-2.966216,"C2016_UM",NA,0.304904963483787,0.0194619999999999,0.285442963483788,NA,NA,NA,NA,NA,0.288905436259333,0.0194619999999999,0.269443436259333,NA,NA,NA,NA,NA,0.175002390161331,0.0194619999999999,0.155540390161331,NA,NA,NA,NA,NA,-0.220163504856162,-0.193549,-0.0266145048561618,NA,NA,NA,NA,NA,-0.0536545895740536,-0.193549,0.139894410425946,NA,NA,NA,NA,NA,-0.0782715128713656,-0.193549,0.115277487128634,NA,NA,NA,NA,NA,0.289147162937843,0.0408429999999997,0.248304162937843,NA,NA,NA,NA,NA,0.385086512857653,0.0408429999999997,0.344243512857654,NA,NA,NA,NA,NA,0.281206023718825,0.0408429999999997,0.240363023718825,NA,NA,NA,NA,NA,0.170677895301609,0.0408429999999997,0.129834895301609,NA,NA,NA,NA,NA,0.299678492670713,0.0408429999999997,0.258835492670713,NA,NA,NA,NA,NA,0.187131622349515,0.0408429999999997,0.146288622349515,NA,NA,NA,NA,NA
"119","Mouse_NewITPdata_UMHET3_Liver_C2016_UM_Est20_Male.UM70112","C2016","UM","Current","Mouse","UMHET3","Male","Liver","Liver","C2016_Male","17aE2_20m","Compound","GPL24247","RNAseq",660,1460,0.4520548,1343.5,1112,0.4912542,-3.113956,"C2016_UM",NA,0.765924039682664,-0.128278,0.894202039682664,NA,NA,NA,NA,NA,0.320586202551914,-0.128278,0.448864202551914,NA,NA,NA,NA,NA,0.0770755530424783,-0.128278,0.205353553042478,NA,NA,NA,NA,NA,0.240855571342713,-0.341289,0.582144571342713,NA,NA,NA,NA,NA,-0.0219738232814741,-0.341289,0.319315176718526,NA,NA,NA,NA,NA,-0.176198349990219,-0.341289,0.165090650009781,NA,NA,NA,NA,NA,0.750166239136719,-0.106897,0.857063239136719,NA,NA,NA,NA,NA,0.41676727915023,-0.106897,0.52366427915023,NA,NA,NA,NA,NA,0.183279186599971,-0.106897,0.290176186599971,NA,NA,NA,NA,NA,0.631696971500484,-0.106897,0.738593971500484,NA,NA,NA,NA,NA,0.331359258963292,-0.106897,0.438256258963292,NA,NA,NA,NA,NA,0.0892047852306626,-0.106897,0.196101785230663,NA,NA,NA,NA,NA
"120","Mouse_NewITPdata_UMHET3_Liver_C2016_UM_GGA_Male.UM68243","C2016","UM","Current","Mouse","UMHET3","Male","Liver","Liver","C2016_Male","GGA","Compound","GPL24247","RNAseq",660,1460,0.4520548,1255,1061,0.5258964,-2.893381,"C2016_UM",NA,0.902357091496539,0.0922969999999999,0.810060091496539,NA,NA,NA,NA,NA,0.404078879431782,0.0922969999999999,0.311781879431782,NA,NA,NA,NA,NA,0.273613146883823,0.0922969999999999,0.181316146883823,NA,NA,NA,NA,NA,0.377288623156588,-0.120714,0.498002623156588,NA,NA,NA,NA,NA,0.0615188535983978,-0.120714,0.182232853598398,NA,NA,NA,NA,NA,0.0203392438511314,-0.120714,0.141053243851131,NA,NA,NA,NA,NA,0.886599290950595,0.113678,0.772921290950595,NA,NA,NA,NA,NA,0.500259956030103,0.113678,0.386581956030104,NA,NA,NA,NA,NA,0.379816780441316,0.113678,0.266138780441316,NA,NA,NA,NA,NA,0.76813002331436,0.113678,0.654452023314361,NA,NA,NA,NA,NA,0.414851935843156,0.113678,0.301173935843156,NA,NA,NA,NA,NA,0.285742379072016,0.113678,0.172064379072016,NA,NA,NA,NA,NA
"121","Mouse_NewITPdata_UMHET3_Liver_C2016_UM_MIF098_Male.UM68789","C2016","UM","Current","Mouse","UMHET3","Male","Liver","Liver","C2016_Male","MIF098","Compound","GPL24247","RNAseq",660,1460,0.4520548,1235.5,1041,0.5341967,-2.810927,"C2016_UM",NA,0.0553722629554549,0.174751,-0.119378737044545,NA,NA,NA,NA,NA,0.31759251304348,0.174751,0.14284151304348,NA,NA,NA,NA,NA,0.325827894368211,0.174751,0.151076894368211,NA,NA,NA,NA,NA,-0.469696205384494,-0.0382599999999997,-0.431436205384495,NA,NA,NA,NA,NA,-0.0249675127899042,-0.0382599999999997,0.0132924872100956,NA,NA,NA,NA,NA,0.0725539913355145,-0.0382599999999997,0.110813991335514,NA,NA,NA,NA,NA,0.0396144624095102,0.196132,-0.15651753759049,NA,NA,NA,NA,NA,0.413773589641804,0.196132,0.217641589641805,NA,NA,NA,NA,NA,0.43203152792571,0.196132,0.23589952792571,NA,NA,NA,NA,NA,-0.0788548052267238,0.196132,-0.274986805226724,NA,NA,NA,NA,NA,0.328365569454866,0.196132,0.132233569454866,NA,NA,NA,NA,NA,0.337957126556396,0.196132,0.141825126556396,NA,NA,NA,NA,NA
"122","Mouse_NewITPdata_UMHET3_Liver_C2016_UM_NR_Male.UM68656","C2016","UM","Current","Mouse","UMHET3","Male","Liver","Liver","C2016_Male","NR","Compound","GPL24247","RNAseq",660,1460,0.4520548,1271.5,1047.5,0.519072,-2.753179,"C2016_UM",NA,0.529203321890948,0.232499,0.296704321890948,NA,NA,NA,NA,NA,0.428920820828479,0.232499,0.196421820828479,NA,NA,NA,NA,NA,0.395055734496325,0.232499,0.162556734496325,NA,NA,NA,NA,NA,0.00413485355099712,0.0194880000000004,-0.0153531464490033,NA,NA,NA,NA,NA,0.0863607949950913,0.0194880000000004,0.0668727949950909,NA,NA,NA,NA,NA,0.14178183146363,0.0194880000000004,0.122293831463629,NA,NA,NA,NA,NA,0.513445521345003,0.25388,0.259565521345002,NA,NA,NA,NA,NA,0.525101897426799,0.25388,0.271221897426799,NA,NA,NA,NA,NA,0.501259368053821,0.25388,0.247379368053821,NA,NA,NA,NA,NA,0.394976253708769,0.25388,0.141096253708769,NA,NA,NA,NA,NA,0.439693877239857,0.25388,0.185813877239857,NA,NA,NA,NA,NA,0.40718496668451,0.25388,0.15330496668451,NA,NA,NA,NA,NA
"123","Mouse_NewITPdata_UMHET3_Liver_C2016_UT_CC_Male.UT09777","C2016","UT","Current","Mouse","UMHET3","Male","Liver","Liver","C2016_Male","CC","Compound","GPL24247","RNAseq",660,1460,0.4520548,1260,1034,0.5238095,-2.81036,"C2016_UT",NA,0.100522421856624,0.175318,-0.0747955781433755,NA,NA,NA,NA,NA,0.309512878546049,0.175318,0.13419487854605,NA,NA,NA,NA,NA,0.339372372485633,0.175318,0.164054372485633,NA,NA,NA,NA,NA,-0.424546046483325,-0.037693,-0.386853046483325,NA,NA,NA,NA,NA,-0.0330471472873385,-0.037693,0.00464585271266144,NA,NA,NA,NA,NA,0.0860984694529362,-0.037693,0.123791469452936,NA,NA,NA,NA,NA,-0.0728641018650642,-0.0369420000000003,-0.0359221018650639,NA,NA,NA,NA,NA,0.195236837204608,-0.0369420000000003,0.232178837204608,NA,NA,NA,NA,NA,0.188522443447971,-0.0369420000000003,0.225464443447972,NA,NA,NA,NA,NA,-0.549577608750272,-0.0369420000000003,-0.512635608750272,NA,NA,NA,NA,NA,-0.147369642723608,-0.0369420000000003,-0.110427642723607,NA,NA,NA,NA,NA,-0.0658459418832958,-0.0369420000000003,-0.0289039418832955,NA,NA,NA,NA,NA
"124","Mouse_NewITPdata_UMHET3_Liver_C2016_UT_Control_Male.UT09710","C2016","UT","Current","Mouse","UMHET3","Male","Liver","Liver","C2016_Male","Control","Control","GPL24247","RNAseq",660,1460,0.4520548,1278,1051.5,0.5164319,-2.773418,"C2016_UT",NA,0.779403420574717,0.21226,0.567143420574717,NA,NA,NA,NA,NA,0.636948659949344,0.21226,0.424688659949344,NA,NA,NA,NA,NA,0.46178362534174,0.21226,0.24952362534174,NA,NA,NA,NA,NA,0.254334952234767,-0.000750999999999724,0.255085952234767,NA,NA,NA,NA,NA,0.294388634115955,-0.000750999999999724,0.295139634115955,NA,NA,NA,NA,NA,0.208509722309042,-0.000750999999999724,0.209260722309042,NA,NA,NA,NA,NA,0.606016896853028,0,0.606016896853028,NA,NA,NA,NA,NA,0.522672618607902,0,0.522672618607902,NA,NA,NA,NA,NA,0.310933696304078,0,0.310933696304078,NA,NA,NA,NA,NA,0.12930338996782,0,0.12930338996782,NA,NA,NA,NA,NA,0.180066138679687,0,0.180066138679687,NA,NA,NA,NA,NA,0.0565653109728099,0,0.0565653109728099,NA,NA,NA,NA,NA
"125","Mouse_NewITPdata_UMHET3_Liver_C2016_UT_Control_Male.UT09711","C2016","UT","Current","Mouse","UMHET3","Male","Liver","Liver","C2016_Male","Control","Control","GPL24247","RNAseq",660,1460,0.4520548,1278,1051.5,0.5164319,-2.773418,"C2016_UT",NA,0.437522436627943,0.21226,0.225262436627943,NA,NA,NA,NA,NA,0.454658015369225,0.21226,0.242398015369225,NA,NA,NA,NA,NA,0.320578117185456,0.21226,0.108318117185455,NA,NA,NA,NA,NA,-0.0875460317120064,-0.000750999999999724,-0.0867950317120066,NA,NA,NA,NA,NA,0.112097989535839,-0.000750999999999724,0.112848989535839,NA,NA,NA,NA,NA,0.0673042141527601,-0.000750999999999724,0.0680552141527598,NA,NA,NA,NA,NA,0.264135912906254,0,0.264135912906254,NA,NA,NA,NA,NA,0.340381974027786,0,0.340381974027786,NA,NA,NA,NA,NA,0.169728188147795,0,0.169728188147795,NA,NA,NA,NA,NA,-0.212577593978954,0,-0.212577593978954,NA,NA,NA,NA,NA,-0.00222450590043026,0,-0.00222450590043026,NA,NA,NA,NA,NA,-0.0846401971834724,0,-0.0846401971834724,NA,NA,NA,NA,NA
"126","Mouse_NewITPdata_UMHET3_Liver_C2016_UT_Est16_Male.UT09681","C2016","UT","Current","Mouse","UMHET3","Male","Liver","Liver","C2016_Male","17aE2_16m","Compound","GPL24247","RNAseq",660,1460,0.4520548,1355,1157.5,0.4870849,-3.172837,"C2016_UT",NA,0.476596051562256,-0.187159,0.663755051562256,NA,NA,NA,NA,NA,0.153603697057885,-0.187159,0.340762697057885,NA,NA,NA,NA,NA,-0.0041491443974222,-0.187159,0.183009855602578,NA,NA,NA,NA,NA,-0.0484724167776931,-0.40017,0.351697583222307,NA,NA,NA,NA,NA,-0.188956328775502,-0.40017,0.211213671224498,NA,NA,NA,NA,NA,-0.257423047430118,-0.40017,0.142746952569881,NA,NA,NA,NA,NA,0.303209527840567,-0.399419,0.702628527840568,NA,NA,NA,NA,NA,0.039327655716446,-0.399419,0.438746655716446,NA,NA,NA,NA,NA,-0.154999073435083,-0.399419,0.244419926564917,NA,NA,NA,NA,NA,-0.173503979044641,-0.399419,0.225915020955359,NA,NA,NA,NA,NA,-0.303278824211769,-0.399419,0.0961401757882308,NA,NA,NA,NA,NA,-0.409367458766349,-0.399419,-0.00994845876634926,NA,NA,NA,NA,NA
"127","Mouse_NewITPdata_UMHET3_Liver_C2016_UT_Est20_Male.UT09674","C2016","UT","Current","Mouse","UMHET3","Male","Liver","Liver","C2016_Male","17aE2_20m","Compound","GPL24247","RNAseq",660,1460,0.4520548,1332,1081.5,0.4954955,-3.089418,"C2016_UT",NA,0.43371383201656,-0.10374,0.537453832016561,NA,NA,NA,NA,NA,0.199409815876425,-0.10374,0.303149815876425,NA,NA,NA,NA,NA,0.0850679395403419,-0.10374,0.188807939540342,NA,NA,NA,NA,NA,-0.091354636323389,-0.316751,0.225396363676611,NA,NA,NA,NA,NA,-0.143150209956963,-0.316751,0.173600790043037,NA,NA,NA,NA,NA,-0.168205963492353,-0.316751,0.148545036507647,NA,NA,NA,NA,NA,0.260327308294872,-0.316,0.576327308294872,NA,NA,NA,NA,NA,0.0851337745349835,-0.316,0.401133774534984,NA,NA,NA,NA,NA,-0.0657819894973185,-0.316,0.250218010502682,NA,NA,NA,NA,NA,-0.216386198590336,-0.316,0.099613801409664,NA,NA,NA,NA,NA,-0.257472705393231,-0.316,0.0585272946067695,NA,NA,NA,NA,NA,-0.320150374828584,-0.316,-0.00415037482858355,NA,NA,NA,NA,NA
"128","Mouse_NewITPdata_UMHET3_Liver_C2016_UT_MIF098_Male.UT09744","C2016","UT","Current","Mouse","UMHET3","Male","Liver","Liver","C2016_Male","MIF098","Compound","GPL24247","RNAseq",660,1460,0.4520548,1254,1050,0.5263158,-2.806179,"C2016_UT",NA,0.480708103888121,0.179499,0.301209103888121,NA,NA,NA,NA,NA,0.228150281965504,0.179499,0.0486512819655046,NA,NA,NA,NA,NA,0.297774077105483,0.179499,0.118275077105483,NA,NA,NA,NA,NA,-0.0443603644518279,-0.033512,-0.0108483644518279,NA,NA,NA,NA,NA,-0.114409743867884,-0.033512,-0.080897743867884,NA,NA,NA,NA,NA,0.0445001740727858,-0.033512,0.0780121740727858,NA,NA,NA,NA,NA,0.307321580166433,-0.0327610000000003,0.340082580166433,NA,NA,NA,NA,NA,0.113874240624063,-0.0327610000000003,0.146635240624064,NA,NA,NA,NA,NA,0.146924148067821,-0.0327610000000003,0.179685148067821,NA,NA,NA,NA,NA,-0.169391926718775,-0.0327610000000003,-0.136630926718775,NA,NA,NA,NA,NA,-0.228732239304153,-0.0327610000000003,-0.195971239304152,NA,NA,NA,NA,NA,-0.107444237263446,-0.0327610000000003,-0.074683237263446,NA,NA,NA,NA,NA
"129","Mouse_NewITPdata_UMHET3_Liver_C2017_TJL_Capt_Male.JL16318","C2017","TJL","Current","Mouse","UMHET3","Male","Liver","Liver","C2017_Male","Capt","Compound","GPL24247","RNAseq",690,1460,0.4726027,1333.5,1092.5,0.5174353,-2.771724,"C2017_TJL",NA,0.533313662189888,0.213954,0.319359662189888,NA,NA,NA,NA,NA,0.431133346112849,0.213954,0.217179346112848,NA,NA,NA,NA,NA,0.374409215229738,0.213954,0.160455215229738,NA,NA,NA,NA,NA,0.264291373084926,-0.0377489999999998,0.302040373084925,NA,NA,NA,NA,NA,0.243791565448329,-0.0377489999999998,0.281540565448329,NA,NA,NA,NA,NA,0.211155135545133,-0.0377489999999998,0.248904135545132,NA,NA,NA,NA,NA,0.280480565290415,0.2168595,0.0636210652904147,NA,NA,NA,NA,NA,0.299114329318483,0.2168595,0.0822548293184831,NA,NA,NA,NA,NA,0.382345657414867,0.2168595,0.165486157414867,NA,NA,NA,NA,NA,0.65172144304263,0.555898,0.0958234430426297,NA,NA,NA,NA,NA,0.62923386072311,0.555898,0.0733358607231105,NA,NA,NA,NA,NA,0.78351551172386,0.555898,0.22761751172386,NA,NA,NA,NA,NA
"130","Mouse_NewITPdata_UMHET3_Liver_C2017_TJL_Control_Male.JL16270","C2017","TJL","Current","Mouse","UMHET3","Male","Liver","Liver","C2017_Male","Control","Control","GPL24247","RNAseq",660,1460,0.4520548,1318.5,1057,0.5005688,-2.736781,"C2017_TJL",NA,0.527842643328601,0.248897,0.278945643328601,NA,NA,NA,NA,NA,0.547115993340114,0.248897,0.298218993340114,NA,NA,NA,NA,NA,0.435666652812694,0.248897,0.186769652812695,NA,NA,NA,NA,NA,0.258820354223638,-0.00280600000000009,0.261626354223638,NA,NA,NA,NA,NA,0.359774212675597,-0.00280600000000009,0.362580212675597,NA,NA,NA,NA,NA,0.27241257312809,-0.00280600000000009,0.27521857312809,NA,NA,NA,NA,NA,0.275009546429126,0.2518025,0.0232070464291266,NA,NA,NA,NA,NA,0.415096976545751,0.2518025,0.163294476545752,NA,NA,NA,NA,NA,0.443603094997823,0.2518025,0.191800594997824,NA,NA,NA,NA,NA,0.646250424181341,0.590841,0.0554094241813414,NA,NA,NA,NA,NA,0.745216507950378,0.590841,0.154375507950378,NA,NA,NA,NA,NA,0.844772949306818,0.590841,0.253931949306818,NA,NA,NA,NA,NA
"131","Mouse_NewITPdata_UMHET3_Liver_C2017_TJL_Control_Male.JL16272","C2017","TJL","Current","Mouse","UMHET3","Male","Liver","Liver","C2017_Male","Control","Control","GPL24247","RNAseq",660,1460,0.4520548,1318.5,1057,0.5005688,-2.736781,"C2017_TJL",NA,0.887770870005332,0.248897,0.638873870005332,NA,NA,NA,NA,NA,0.658385430706851,0.248897,0.409488430706851,NA,NA,NA,NA,NA,0.4996225404486,0.248897,0.2507255404486,NA,NA,NA,NA,NA,0.618748580900368,-0.00280600000000009,0.621554580900368,NA,NA,NA,NA,NA,0.471043650042331,-0.00280600000000009,0.473849650042331,NA,NA,NA,NA,NA,0.336368460763993,-0.00280600000000009,0.339174460763993,NA,NA,NA,NA,NA,0.634937773105857,0.2518025,0.383135273105857,NA,NA,NA,NA,NA,0.526366413912485,0.2518025,0.274563913912485,NA,NA,NA,NA,NA,0.507558982633729,0.2518025,0.25575648263373,NA,NA,NA,NA,NA,1.00617865085807,0.590841,0.415337650858072,NA,NA,NA,NA,NA,0.856485945317116,0.590841,0.265644945317116,NA,NA,NA,NA,NA,0.908728836942722,0.590841,0.317887836942722,NA,NA,NA,NA,NA
"132","Mouse_NewITPdata_UMHET3_Liver_C2017_TJL_Control_Male.JLMale1","C2017","TJL","Current","Mouse","UMHET3","Male","Liver","Liver","C2017_Male","Control","Control","GPL24247","RNAseq",150,1460,0.1027397,1318.5,1057,0.1137656,-3.669566,"C2017_TJL",NA,-0.622087976152635,-0.683888,0.0618000238473652,NA,NA,NA,NA,NA,-0.649391528470387,-0.683888,0.034496471529613,NA,NA,NA,NA,NA,-0.588630945785406,-0.683888,0.0952570542145937,NA,NA,NA,NA,NA,-0.891110265257598,-0.935591,0.0444807347424023,NA,NA,NA,NA,NA,-0.836733309134907,-0.935591,0.0988576908650933,NA,NA,NA,NA,NA,-0.751885025470009,-0.935591,0.183705974529991,NA,NA,NA,NA,NA,-0.874921073052109,-0.6809825,-0.193938573052109,NA,NA,NA,NA,NA,-0.781410545264756,-0.6809825,-0.100428045264756,NA,NA,NA,NA,NA,-0.580694503600276,-0.6809825,0.100287996399724,NA,NA,NA,NA,NA,-0.503680195299894,-0.341944,-0.161736195299894,NA,NA,NA,NA,NA,-0.451291013860128,-0.341944,-0.109347013860128,NA,NA,NA,NA,NA,-0.17952464929128,-0.341944,0.16241935070872,NA,NA,NA,NA,NA
"133","Mouse_NewITPdata_UMHET3_Liver_C2017_TJL_Control_Male.JLMale2","C2017","TJL","Current","Mouse","UMHET3","Male","Liver","Liver","C2017_Male","Control","Control","GPL24247","RNAseq",150,1460,0.1027397,1318.5,1057,0.1137656,-3.669566,"C2017_TJL",NA,-0.101741958724063,-0.683888,0.582146041275937,NA,NA,NA,NA,NA,-0.281508641864982,-0.683888,0.402379358135018,NA,NA,NA,NA,NA,-0.39500789146723,-0.683888,0.28888010853277,NA,NA,NA,NA,NA,-0.370764247829025,-0.935591,0.564826752170975,NA,NA,NA,NA,NA,-0.468850422529502,-0.935591,0.466740577470498,NA,NA,NA,NA,NA,-0.558261971151827,-0.935591,0.377329028848173,NA,NA,NA,NA,NA,-0.354575055623537,-0.6809825,0.326407444376464,NA,NA,NA,NA,NA,-0.413527658659349,-0.6809825,0.267454841340652,NA,NA,NA,NA,NA,-0.387071449282097,-0.6809825,0.293911050717903,NA,NA,NA,NA,NA,0.0166658221286782,-0.341944,0.358609822128678,NA,NA,NA,NA,NA,-0.0834081272547205,-0.341944,0.25853587274528,NA,NA,NA,NA,NA,0.0140984050268973,-0.341944,0.356042405026898,NA,NA,NA,NA,NA
"134","Mouse_NewITPdata_UMHET3_Liver_C2017_TJL_Leu_Male.JL16357","C2017","TJL","Current","Mouse","UMHET3","Male","Liver","Liver","C2017_Male","Leu","Compound","GPL24247","RNAseq",660,1460,0.4520548,1314.5,1020,0.5020921,-2.635409,"C2017_TJL",NA,0.488412227451004,0.350269,0.138143227451004,NA,NA,NA,NA,NA,0.648485508881972,0.350269,0.298216508881972,NA,NA,NA,NA,NA,0.545736068872011,0.350269,0.195467068872011,NA,NA,NA,NA,NA,0.219389938346042,0.0985659999999999,0.120823938346042,NA,NA,NA,NA,NA,0.461143728217448,0.0985659999999999,0.362577728217448,NA,NA,NA,NA,NA,0.382481989187406,0.0985659999999999,0.283915989187407,NA,NA,NA,NA,NA,0.235579130551531,0.3531745,-0.117595369448469,NA,NA,NA,NA,NA,0.516466492087603,0.3531745,0.163291992087603,NA,NA,NA,NA,NA,0.553672511057139,0.3531745,0.200498011057139,NA,NA,NA,NA,NA,0.606820008303745,0.692213,-0.0853929916962544,NA,NA,NA,NA,NA,0.846586023492232,0.692213,0.154373023492232,NA,NA,NA,NA,NA,0.954842365366135,0.692213,0.262629365366135,NA,NA,NA,NA,NA
"135","Mouse_NewITPdata_UMHET3_Liver_C2017_TJL_PB125_Male.JL16253","C2017","TJL","Current","Mouse","UMHET3","Male","Liver","Liver","C2017_Male","PB125","Compound","GPL24247","RNAseq",660,1460,0.4520548,1348,1029,0.4896142,-2.639016,"C2017_TJL",NA,0.560757771276356,0.346662,0.214095771276356,NA,NA,NA,NA,NA,0.472544776361197,0.346662,0.125882776361196,NA,NA,NA,NA,NA,0.479645229674016,0.346662,0.132983229674016,NA,NA,NA,NA,NA,0.291735482171394,0.0949590000000002,0.196776482171394,NA,NA,NA,NA,NA,0.285202995696676,0.0949590000000002,0.190243995696675,NA,NA,NA,NA,NA,0.316391149989416,0.0949590000000002,0.221432149989415,NA,NA,NA,NA,NA,0.307924674376882,0.3495675,-0.0416428256231176,NA,NA,NA,NA,NA,0.340525759566831,0.3495675,-0.00904174043316941,NA,NA,NA,NA,NA,0.487581671859147,0.3495675,0.138014171859147,NA,NA,NA,NA,NA,0.679165552129097,0.688606,-0.00944044787090259,NA,NA,NA,NA,NA,0.67064529097146,0.688606,-0.0179607090285396,NA,NA,NA,NA,NA,0.888751526168145,0.688606,0.200145526168145,NA,NA,NA,NA,NA
"136","Mouse_NewITPdata_UMHET3_Liver_C2017_TJL_RaAc9_Male.JL16321","C2017","TJL","Current","Mouse","UMHET3","Male","Liver","Liver","C2017_Male","RaAc_9m","Compound","GPL24247","RNAseq",660,1460,0.4520548,1534.5,1246.5,0.4301075,-2.968804,"C2017_TJL",NA,0.493797008746359,0.0168740000000001,0.476923008746359,NA,NA,NA,NA,NA,0.314978988752308,0.0168740000000001,0.298104988752308,NA,NA,NA,NA,NA,0.208544507327707,0.0168740000000001,0.191670507327707,NA,NA,NA,NA,NA,0.224774719641396,-0.234829,0.459603719641396,NA,NA,NA,NA,NA,0.127637208087787,-0.234829,0.362466208087787,NA,NA,NA,NA,NA,0.0452904276431036,-0.234829,0.280119427643103,NA,NA,NA,NA,NA,0.240963911846885,0.0197794999999998,0.221184411846885,NA,NA,NA,NA,NA,0.182959971957941,0.0197794999999998,0.163180471957941,NA,NA,NA,NA,NA,0.216480949512836,0.0197794999999998,0.196701449512836,NA,NA,NA,NA,NA,0.6122047895991,0.358818,0.2533867895991,NA,NA,NA,NA,NA,0.513079503362571,0.358818,0.154261503362571,NA,NA,NA,NA,NA,0.617650803821828,0.358818,0.258832803821828,NA,NA,NA,NA,NA
"137","Mouse_NewITPdata_UMHET3_Liver_C2017_TJL_RaAc16_Male.JL16325","C2017","TJL","Current","Mouse","UMHET3","Male","Liver","Liver","C2017_Male","RaAc_16m","Compound","GPL24247","RNAseq",660,1460,0.4520548,1502,1159,0.4394141,-2.790686,"C2017_TJL",NA,0.670131619705751,0.194992,0.475139619705751,NA,NA,NA,NA,NA,0.3328281785826,0.194992,0.1378361785826,NA,NA,NA,NA,NA,0.297761256213209,0.194992,0.102769256213209,NA,NA,NA,NA,NA,0.401109330600788,-0.056711,0.457820330600788,NA,NA,NA,NA,NA,0.145486397918079,-0.056711,0.202197397918079,NA,NA,NA,NA,NA,0.134507176528606,-0.056711,0.191218176528606,NA,NA,NA,NA,NA,0.417298522806276,0.1978975,0.219401022806277,NA,NA,NA,NA,NA,0.200809161788231,0.1978975,0.00291166178823105,NA,NA,NA,NA,NA,0.305697698398339,0.1978975,0.107800198398339,NA,NA,NA,NA,NA,0.788539400558492,0.536936,0.251603400558492,NA,NA,NA,NA,NA,0.530928693192856,0.536936,-0.00600730680714368,NA,NA,NA,NA,NA,0.706867552707336,0.536936,0.169931552707337,NA,NA,NA,NA,NA
"138","Mouse_NewITPdata_UMHET3_Liver_C2017_TJL_Syr_Male.JL16328","C2017","TJL","Current","Mouse","UMHET3","Male","Liver","Liver","C2017_Male","Syr","Compound","GPL24247","RNAseq",660,1460,0.4520548,1246,1002.5,0.529695,-2.649198,"C2017_TJL",NA,0.526928116142321,0.33648,0.190448116142321,NA,NA,NA,NA,NA,0.474598817798224,0.33648,0.138118817798224,NA,NA,NA,NA,NA,0.484739914013405,0.33648,0.148259914013405,NA,NA,NA,NA,NA,0.257905827037358,0.0847769999999999,0.173128827037358,NA,NA,NA,NA,NA,0.287257037133702,0.0847769999999999,0.202480037133702,NA,NA,NA,NA,NA,0.321485834328801,0.0847769999999999,0.236708834328801,NA,NA,NA,NA,NA,0.274095019242847,0.3393855,-0.065290480757153,NA,NA,NA,NA,NA,0.342579801003856,0.3393855,0.00319430100385609,NA,NA,NA,NA,NA,0.492676356198532,0.3393855,0.153290856198532,NA,NA,NA,NA,NA,0.645335896995062,0.678424,-0.0330881030049378,NA,NA,NA,NA,NA,0.672699332408484,0.678424,-0.00572466759151524,NA,NA,NA,NA,NA,0.893846210507527,0.678424,0.215422210507528,NA,NA,NA,NA,NA
"139","Mouse_NewITPdata_UMHET3_Liver_C2017_UM_BD_Male.UM78617","C2017","UM","Current","Mouse","UMHET3","Male","Liver","Liver","C2017_Male","BD","Compound","GPL24247","RNAseq",660,1460,0.4520548,1315.5,1054.5,0.5017104,-2.728583,"C2017_UM",NA,0.512881552067984,0.257095,0.255786552067984,NA,NA,NA,NA,NA,0.442091580956192,0.257095,0.184996580956192,NA,NA,NA,NA,NA,0.441845400872813,0.257095,0.184750400872813,NA,NA,NA,NA,NA,0.243859262963021,0.00539200000000006,0.238467262963021,NA,NA,NA,NA,NA,0.25474980029167,0.00539200000000006,0.24935780029167,NA,NA,NA,NA,NA,0.278591321188208,0.00539200000000006,0.273199321188208,NA,NA,NA,NA,NA,0.49712375152204,0.278476,0.21864775152204,NA,NA,NA,NA,NA,0.538272657554503,0.278476,0.259796657554503,NA,NA,NA,NA,NA,0.548049034430308,0.278476,0.269573034430308,NA,NA,NA,NA,NA,0.500119334160506,0.328566,0.171553334160506,NA,NA,NA,NA,NA,0.700032741938559,0.328566,0.371466741938559,NA,NA,NA,NA,NA,0.819879577310385,0.328566,0.491313577310385,NA,NA,NA,NA,NA
"140","Mouse_NewITPdata_UMHET3_Liver_C2017_UM_Capt_Male.UM79394","C2017","UM","Current","Mouse","UMHET3","Male","Liver","Liver","C2017_Male","Capt","Compound","GPL24247","RNAseq",660,1460,0.4520548,1364.5,1086.5,0.4836937,-2.768182,"C2017_UM",NA,0.373486781905306,0.217496,0.155990781905306,NA,NA,NA,NA,NA,0.45868680237541,0.217496,0.24119080237541,NA,NA,NA,NA,NA,0.384065545314524,0.217496,0.166569545314523,NA,NA,NA,NA,NA,0.104464492800343,-0.0342069999999999,0.138671492800343,NA,NA,NA,NA,NA,0.27134502171089,-0.0342069999999999,0.30555202171089,NA,NA,NA,NA,NA,0.220811465629923,-0.0342069999999999,0.255018465629922,NA,NA,NA,NA,NA,0.357728981359362,0.238877,0.118851981359362,NA,NA,NA,NA,NA,0.554867878973726,0.238877,0.315990878973726,NA,NA,NA,NA,NA,0.490269178872022,0.238877,0.251392178872022,NA,NA,NA,NA,NA,0.360724563997828,0.288967,0.0717575639978283,NA,NA,NA,NA,NA,0.716627963357775,0.288967,0.427660963357775,NA,NA,NA,NA,NA,0.7620997217521,0.288967,0.4731327217521,NA,NA,NA,NA,NA
"141","Mouse_NewITPdata_UMHET3_Liver_C2017_UM_Control_Male.UM78498","C2017","UM","Current","Mouse","UMHET3","Male","Liver","Liver","C2017_Male","Control","Control","GPL24247","RNAseq",660,1460,0.4520548,1296.5,1048,0.5090629,-2.733975,"C2017_UM",NA,0.741246955757275,0.251703,0.489543955757275,NA,NA,NA,NA,NA,0.626684785857451,0.251703,0.374981785857451,NA,NA,NA,NA,NA,0.491206971392157,0.251703,0.239503971392157,NA,NA,NA,NA,NA,0.472224666652313,0,0.472224666652313,NA,NA,NA,NA,NA,0.439343005192932,0,0.439343005192932,NA,NA,NA,NA,NA,0.327952891707552,0,0.327952891707552,NA,NA,NA,NA,NA,0.72548915521133,0.273084,0.45240515521133,NA,NA,NA,NA,NA,0.722865862455767,0.273084,0.449781862455767,NA,NA,NA,NA,NA,0.59741060494965,0.273084,0.32432660494965,NA,NA,NA,NA,NA,0.728484737849798,0.323174,0.405310737849798,NA,NA,NA,NA,NA,0.884625946839815,0.323174,0.561451946839815,NA,NA,NA,NA,NA,0.869241147829725,0.323174,0.546067147829725,NA,NA,NA,NA,NA
"142","Mouse_NewITPdata_UMHET3_Liver_C2017_UM_Control_Male.UM78505","C2017","UM","Current","Mouse","UMHET3","Male","Liver","Liver","C2017_Male","Control","Control","GPL24247","RNAseq",660,1460,0.4520548,1296.5,1048,0.5090629,-2.733975,"C2017_UM",NA,0.407036796649539,0.251703,0.155333796649539,NA,NA,NA,NA,NA,0.370872220396655,0.251703,0.119169220396655,NA,NA,NA,NA,NA,0.350461899800188,0.251703,0.0987588998001881,NA,NA,NA,NA,NA,0.138014507544577,0,0.138014507544577,NA,NA,NA,NA,NA,0.183530439732133,0,0.183530439732133,NA,NA,NA,NA,NA,0.187207820115583,0,0.187207820115583,NA,NA,NA,NA,NA,0.391278996103596,0.273084,0.118194996103596,NA,NA,NA,NA,NA,0.467053296994972,0.273084,0.193969296994972,NA,NA,NA,NA,NA,0.456665533357682,0.273084,0.183581533357682,NA,NA,NA,NA,NA,0.394274578742061,0.323174,0.0711005787420612,NA,NA,NA,NA,NA,0.628813381379022,0.323174,0.305639381379022,NA,NA,NA,NA,NA,0.72849607623776,0.323174,0.40532207623776,NA,NA,NA,NA,NA
"143","Mouse_NewITPdata_UMHET3_Liver_C2017_UM_Control_Male.YC05","C2017","UM","Current","Mouse","UMHET3","Male","Liver","Liver","C2017_Male","Control","Control","GPL24247","RNAseq",180,1460,0.1232877,1296.5,1048,0.1388353,-3.652081,"C2017_UM",NA,-0.383143245018636,-0.666403,0.283259754981364,NA,NA,NA,NA,NA,-0.509486180152337,-0.666403,0.156916819847663,NA,NA,NA,NA,NA,-0.567577927384268,-0.666403,0.0988250726157321,NA,NA,NA,NA,NA,-0.652165534123598,-0.918106,0.265940465876402,NA,NA,NA,NA,NA,-0.696827960816859,-0.918106,0.221278039183141,NA,NA,NA,NA,NA,-0.730832007068867,-0.918106,0.187273992931133,NA,NA,NA,NA,NA,-0.398901045564581,-0.645022,0.246120954435419,NA,NA,NA,NA,NA,-0.413305103554018,-0.645022,0.231716896445982,NA,NA,NA,NA,NA,-0.461374293826774,-0.645022,0.183647706173226,NA,NA,NA,NA,NA,-0.395905462926114,-0.594932,0.199026537073886,NA,NA,NA,NA,NA,-0.251545019169973,-0.594932,0.343386980830027,NA,NA,NA,NA,NA,-0.189543750946698,-0.594932,0.405388249053302,NA,NA,NA,NA,NA
"144","Mouse_NewITPdata_UMHET3_Liver_C2017_UM_Leu_Male.UM79856","C2017","UM","Current","Mouse","UMHET3","Male","Liver","Liver","C2017_Male","Leu","Compound","GPL24247","RNAseq",660,1460,0.4520548,1265.5,989,0.521533,-2.595131,"C2017_UM",NA,0.537447950302685,0.390547,0.146900950302685,NA,NA,NA,NA,NA,0.409476067387638,0.390547,0.0189290673876373,NA,NA,NA,NA,NA,0.49194062844491,0.390547,0.10139362844491,NA,NA,NA,NA,NA,0.268425661197723,0.138844,0.129581661197723,NA,NA,NA,NA,NA,0.222134286723116,0.138844,0.0832902867231162,NA,NA,NA,NA,NA,0.328686548760303,0.138844,0.189842548760303,NA,NA,NA,NA,NA,0.521690149756741,0.411928,0.109762149756741,NA,NA,NA,NA,NA,0.505657143985957,0.411928,0.0937291439859569,NA,NA,NA,NA,NA,0.598144262002403,0.411928,0.186216262002403,NA,NA,NA,NA,NA,0.524685732395207,0.462018,0.0626677323952073,NA,NA,NA,NA,NA,0.667417228370008,0.462018,0.205399228370008,NA,NA,NA,NA,NA,0.869974804882482,0.462018,0.407956804882482,NA,NA,NA,NA,NA
"145","Mouse_NewITPdata_UMHET3_Liver_C2017_UM_PB125_Male.UM78883","C2017","UM","Current","Mouse","UMHET3","Male","Liver","Liver","C2017_Male","PB125","Compound","GPL24247","RNAseq",660,1460,0.4520548,1320,1037.5,0.5,-2.676121,"C2017_UM",NA,0.50223757509209,0.309557,0.19268057509209,NA,NA,NA,NA,NA,0.554819165129254,0.309557,0.245262165129254,NA,NA,NA,NA,NA,0.470938805542762,0.309557,0.161381805542762,NA,NA,NA,NA,NA,0.233215285987128,0.0578539999999998,0.175361285987128,NA,NA,NA,NA,NA,0.367477384464736,0.0578539999999998,0.309623384464737,NA,NA,NA,NA,NA,0.307684725858159,0.0578539999999998,0.249830725858159,NA,NA,NA,NA,NA,0.486479774546146,0.330938,0.155541774546147,NA,NA,NA,NA,NA,0.651000241727574,0.330938,0.320062241727575,NA,NA,NA,NA,NA,0.577142439100253,0.330938,0.246204439100253,NA,NA,NA,NA,NA,0.489475357184613,0.381028,0.108447357184613,NA,NA,NA,NA,NA,0.812760326111629,0.381028,0.431732326111629,NA,NA,NA,NA,NA,0.84897298198033,0.381028,0.46794498198033,NA,NA,NA,NA,NA
"146","Mouse_NewITPdata_UMHET3_Liver_C2017_UM_RaAc9_Male.UM78449","C2017","UM","Current","Mouse","UMHET3","Male","Liver","Liver","C2017_Male","RaAc_9m","Compound","GPL24247","RNAseq",660,1460,0.4520548,1476,1254.5,0.4471545,-3.03778,"C2017_UM",NA,0.330176127452372,-0.0521020000000001,0.382278127452372,NA,NA,NA,NA,NA,0.147892518309889,-0.0521020000000001,0.19999451830989,NA,NA,NA,NA,NA,0.0994629706441898,-0.0521020000000001,0.15156497064419,NA,NA,NA,NA,NA,0.0611538383474097,-0.303805,0.36495883834741,NA,NA,NA,NA,NA,-0.0394492623546318,-0.303805,0.264355737645368,NA,NA,NA,NA,NA,-0.0637911090404158,-0.303805,0.240013890959584,NA,NA,NA,NA,NA,0.314418326906428,-0.0307210000000002,0.345139326906428,NA,NA,NA,NA,NA,0.24407359490821,-0.0307210000000002,0.274794594908211,NA,NA,NA,NA,NA,0.205666604201685,-0.0307210000000002,0.236387604201685,NA,NA,NA,NA,NA,0.317413909544895,0.0193689999999997,0.298044909544895,NA,NA,NA,NA,NA,0.405833679292254,0.0193689999999997,0.386464679292255,NA,NA,NA,NA,NA,0.477497147081756,0.0193689999999997,0.458128147081756,NA,NA,NA,NA,NA
"147","Mouse_NewITPdata_UMHET3_Liver_C2017_UM_RaAc16_Male.UM78519","C2017","UM","Current","Mouse","UMHET3","Male","Liver","Liver","C2017_Male","RaAc_16m","Compound","GPL24247","RNAseq",660,1460,0.4520548,1505.5,1166.5,0.4383926,-2.871529,"C2017_UM",NA,0.2182762661711,0.114149,0.1041272661711,NA,NA,NA,NA,NA,0.233158678956448,0.114149,0.119009678956448,NA,NA,NA,NA,NA,0.236986637637037,0.114149,0.122837637637037,NA,NA,NA,NA,NA,-0.0507460229338623,-0.137554,0.0868079770661379,NA,NA,NA,NA,NA,0.0458168982919242,-0.137554,0.183370898291924,NA,NA,NA,NA,NA,0.0737325579524313,-0.137554,0.211286557952432,NA,NA,NA,NA,NA,0.202518465625156,0.13553,0.0669884656251564,NA,NA,NA,NA,NA,0.329339755554767,0.13553,0.193809755554768,NA,NA,NA,NA,NA,0.34319027119453,0.13553,0.20766027119453,NA,NA,NA,NA,NA,0.205514048263623,0.18562,0.0198940482636233,NA,NA,NA,NA,NA,0.491099839938812,0.18562,0.305479839938813,NA,NA,NA,NA,NA,0.615020814074608,0.18562,0.429400814074608,NA,NA,NA,NA,NA
"148","Mouse_NewITPdata_UMHET3_Liver_C2017_UM_Sul_Male.UM79702","C2017","UM","Current","Mouse","UMHET3","Male","Liver","Liver","C2017_Male","Sul","Compound","GPL24247","RNAseq",660,1460,0.4520548,1332,1042,0.4954955,-2.676976,"C2017_UM",NA,0.473930547933597,0.308702,0.165228547933597,NA,NA,NA,NA,NA,0.428807763040123,0.308702,0.120105763040123,NA,NA,NA,NA,NA,0.442439227398217,0.308702,0.133737227398217,NA,NA,NA,NA,NA,0.204908258828634,0.0569990000000002,0.147909258828634,NA,NA,NA,NA,NA,0.241465982375599,0.0569990000000002,0.184466982375599,NA,NA,NA,NA,NA,0.279185147713615,0.0569990000000002,0.222186147713614,NA,NA,NA,NA,NA,0.458172747387653,0.330083,0.128089747387653,NA,NA,NA,NA,NA,0.52498883963844,0.330083,0.19490583963844,NA,NA,NA,NA,NA,0.548642860955714,0.330083,0.218559860955714,NA,NA,NA,NA,NA,0.461168330026119,0.380173,0.080995330026119,NA,NA,NA,NA,NA,0.686748924022486,0.380173,0.306575924022486,NA,NA,NA,NA,NA,0.820473403835786,0.380173,0.440300403835786,NA,NA,NA,NA,NA
"149","Mouse_NewITPdata_UMHET3_Liver_C2017_UM_Syr_Male.UM78645","C2017","UM","Current","Mouse","UMHET3","Male","Liver","Liver","C2017_Male","Syr","Compound","GPL24247","RNAseq",660,1460,0.4520548,1232,997,0.5357143,-2.647577,"C2017_UM",NA,0.0980558011253785,0.338101,-0.240045198874622,NA,NA,NA,NA,NA,0.414317565897507,0.338101,0.076216565897507,NA,NA,NA,NA,NA,0.487249190946724,0.338101,0.149148190946724,NA,NA,NA,NA,NA,-0.170966487979585,0.086398,-0.257364487979585,NA,NA,NA,NA,NA,0.226975785232984,0.086398,0.140577785232984,NA,NA,NA,NA,NA,0.323995111262117,0.086398,0.237597111262117,NA,NA,NA,NA,NA,0.0822980005794338,0.359482,-0.277183999420566,NA,NA,NA,NA,NA,0.510498642495823,0.359482,0.151016642495823,NA,NA,NA,NA,NA,0.593452824504212,0.359482,0.233970824504212,NA,NA,NA,NA,NA,0.0852935832179003,0.409572,-0.3242784167821,NA,NA,NA,NA,NA,0.672258726879874,0.409572,0.262686726879874,NA,NA,NA,NA,NA,0.865283367384292,0.409572,0.455711367384293,NA,NA,NA,NA,NA
"150","Mouse_NewITPdata_UMHET3_Liver_C2017_UT_BD_Male.UT11032","C2017","UT","Current","Mouse","UMHET3","Male","Liver","Liver","C2017_Male","BD","Compound","GPL24247","RNAseq",660,1460,0.4520548,1272.5,1047.5,0.518664,-2.772509,"C2017_UT",NA,0.465626423493251,0.213169,0.252457423493251,NA,NA,NA,NA,NA,0.471614105941223,0.213169,0.258445105941223,NA,NA,NA,NA,NA,0.377636052774286,0.213169,0.164467052774286,NA,NA,NA,NA,NA,0.196604134388289,-0.0385339999999998,0.235138134388288,NA,NA,NA,NA,NA,0.2842723252767,-0.0385339999999998,0.3228063252767,NA,NA,NA,NA,NA,0.214381973089691,-0.0385339999999998,0.252915973089691,NA,NA,NA,NA,NA,0.292239899771562,0.000909000000000049,0.291330899771562,NA,NA,NA,NA,NA,0.357338064599779,0.000909000000000049,0.356429064599779,NA,NA,NA,NA,NA,0.226786123736627,0.000909000000000049,0.225877123736627,NA,NA,NA,NA,NA,0.547025961344707,0.0149710000000001,0.532054961344707,NA,NA,NA,NA,NA,0.498930269029532,0.0149710000000001,0.483959269029532,NA,NA,NA,NA,NA,0.272940807343715,0.0149710000000001,0.257969807343715,NA,NA,NA,NA,NA
"151","Mouse_NewITPdata_UMHET3_Liver_C2017_UT_Capt_Male.UT11143","C2017","UT","Current","Mouse","UMHET3","Male","Liver","Liver","C2017_Male","Capt","Compound","GPL24247","RNAseq",690,1460,0.4726027,1378.5,1127,0.5005441,-2.821179,"C2017_UT",NA,0.450706601218153,0.164499,0.286207601218152,NA,NA,NA,NA,NA,0.412962648098413,0.164499,0.248463648098413,NA,NA,NA,NA,NA,0.307671760388293,0.164499,0.143172760388293,NA,NA,NA,NA,NA,0.18168431211319,-0.0872039999999998,0.26888831211319,NA,NA,NA,NA,NA,0.225620867433891,-0.0872039999999998,0.312824867433891,NA,NA,NA,NA,NA,0.144417680703687,-0.0872039999999998,0.231621680703686,NA,NA,NA,NA,NA,0.277320077496464,-0.0477609999999999,0.325081077496464,NA,NA,NA,NA,NA,0.298686606756974,-0.0477609999999999,0.346447606756974,NA,NA,NA,NA,NA,0.156821831350629,-0.0477609999999999,0.204582831350629,NA,NA,NA,NA,NA,0.532106139069609,-0.0336989999999999,0.565805139069609,NA,NA,NA,NA,NA,0.440278811186726,-0.0336989999999999,0.473977811186726,NA,NA,NA,NA,NA,0.202976514957714,-0.0336989999999999,0.236675514957714,NA,NA,NA,NA,NA
"152","Mouse_NewITPdata_UMHET3_Liver_C2017_UT_Control_Male.UT11012","C2017","UT","Current","Mouse","UMHET3","Male","Liver","Liver","C2017_Male","Control","Control","GPL24247","RNAseq",660,1460,0.4520548,1288.5,1017,0.5122235,-2.665371,"C2017_UT",NA,0.574154346724121,0.320307,0.253847346724121,NA,NA,NA,NA,NA,0.661637707575619,0.320307,0.341330707575619,NA,NA,NA,NA,NA,0.575229498330754,0.320307,0.254922498330754,NA,NA,NA,NA,NA,0.305132057619158,0.0686040000000001,0.236528057619158,NA,NA,NA,NA,NA,0.4742959269111,0.0686040000000001,0.4056919269111,NA,NA,NA,NA,NA,0.411975418646149,0.0686040000000001,0.343371418646149,NA,NA,NA,NA,NA,0.400767823002432,0.108047,0.292720823002432,NA,NA,NA,NA,NA,0.54736166623418,0.108047,0.43931466623418,NA,NA,NA,NA,NA,0.424379569293094,0.108047,0.316332569293094,NA,NA,NA,NA,NA,0.655553884575577,0.122109,0.533444884575577,NA,NA,NA,NA,NA,0.688953870663934,0.122109,0.566844870663934,NA,NA,NA,NA,NA,0.470534252900177,0.122109,0.348425252900177,NA,NA,NA,NA,NA
"153","Mouse_NewITPdata_UMHET3_Liver_C2017_UT_Control_Male.UT11134","C2017","UT","Current","Mouse","UMHET3","Male","Liver","Liver","C2017_Male","Control","Control","GPL24247","RNAseq",660,1460,0.4520548,1288.5,1017,0.5122235,-2.665371,"C2017_UT",NA,0.5250884743071,0.320307,0.2047814743071,NA,NA,NA,NA,NA,0.469411024386669,0.320307,0.149104024386669,NA,NA,NA,NA,NA,0.452421175997868,0.320307,0.132114175997868,NA,NA,NA,NA,NA,0.256066185202137,0.0686040000000001,0.187462185202137,NA,NA,NA,NA,NA,0.282069243722147,0.0686040000000001,0.213465243722147,NA,NA,NA,NA,NA,0.289167096313264,0.0686040000000001,0.220563096313264,NA,NA,NA,NA,NA,0.351701950585411,0.108047,0.243654950585411,NA,NA,NA,NA,NA,0.355134983045227,0.108047,0.247087983045227,NA,NA,NA,NA,NA,0.301571246960207,0.108047,0.193524246960207,NA,NA,NA,NA,NA,0.606488012158557,0.122109,0.484379012158556,NA,NA,NA,NA,NA,0.496727187474981,0.122109,0.374618187474981,NA,NA,NA,NA,NA,0.347725930567288,0.122109,0.225616930567288,NA,NA,NA,NA,NA
"154","Mouse_NewITPdata_UMHET3_Liver_C2017_UT_Control_Male.UTC19X.164","C2017","UT","Current","Mouse","UMHET3","Male","Liver","Liver","C2017_Male","Control","Control","GPL24247","RNAseq",660,1460,0.4520548,1288.5,1017,0.5122235,-2.665371,"C2017_UT",NA,-0.169872998521953,0.320307,-0.490179998521953,NA,NA,NA,NA,NA,-0.00333358435945275,0.320307,-0.323640584359453,NA,NA,NA,NA,NA,0.275701885491299,0.320307,-0.0446051145087014,NA,NA,NA,NA,NA,-0.438895287626915,0.0686040000000001,-0.507499287626915,NA,NA,NA,NA,NA,-0.190675365023974,0.0686040000000001,-0.259279365023974,NA,NA,NA,NA,NA,0.112447805806696,0.0686040000000001,0.0438438058066958,NA,NA,NA,NA,NA,-0.343259522243642,0.108047,-0.451306522243642,NA,NA,NA,NA,NA,-0.117609625700893,0.108047,-0.225656625700893,NA,NA,NA,NA,NA,0.124851956453639,0.108047,0.0168049564536393,NA,NA,NA,NA,NA,-0.0884734606704969,0.122109,-0.210582460670497,NA,NA,NA,NA,NA,0.0239825787288604,0.122109,-0.0981264212711397,NA,NA,NA,NA,NA,0.171006640060725,0.122109,0.0488976400607247,NA,NA,NA,NA,NA
"155","Mouse_NewITPdata_UMHET3_Liver_C2017_UT_Control_Male.UTC19X.165","C2017","UT","Current","Mouse","UMHET3","Male","Liver","Liver","C2017_Male","Control","Control","GPL24247","RNAseq",660,1460,0.4520548,1288.5,1017,0.5122235,-2.665371,"C2017_UT",NA,-0.252544517765914,0.320307,-0.572851517765914,NA,NA,NA,NA,NA,-0.107803132807724,0.320307,-0.428110132807724,NA,NA,NA,NA,NA,0.198121835192395,0.320307,-0.122185164807605,NA,NA,NA,NA,NA,-0.521566806870876,0.0686040000000001,-0.590170806870876,NA,NA,NA,NA,NA,-0.295144913472247,0.0686040000000001,-0.363748913472247,NA,NA,NA,NA,NA,0.0348677555077927,0.0686040000000001,-0.0337362444922074,NA,NA,NA,NA,NA,-0.425931041487602,0.108047,-0.533978041487602,NA,NA,NA,NA,NA,-0.222079174149168,0.108047,-0.330126174149168,NA,NA,NA,NA,NA,0.0472719061547362,0.108047,-0.0607750938452638,NA,NA,NA,NA,NA,-0.171144979914457,0.122109,-0.293253979914457,NA,NA,NA,NA,NA,-0.080486969719414,0.122109,-0.202595969719414,NA,NA,NA,NA,NA,0.0934265897618194,0.122109,-0.0286824102381806,NA,NA,NA,NA,NA
"156","Mouse_NewITPdata_UMHET3_Liver_C2017_UT_Leu_Male.UT11101","C2017","UT","Current","Mouse","UMHET3","Male","Liver","Liver","C2017_Male","Leu","Compound","GPL24247","RNAseq",660,1460,0.4520548,1242.5,983,0.5311871,-2.596488,"C2017_UT",NA,0.384873893266983,0.38919,-0.00431610673301752,NA,NA,NA,NA,NA,0.464072830972984,0.38919,0.0748828309729837,NA,NA,NA,NA,NA,0.5346448907968,0.38919,0.1454548907968,NA,NA,NA,NA,NA,0.11585160416202,0.137487,-0.0216353958379801,NA,NA,NA,NA,NA,0.276731050308462,0.137487,0.139244050308461,NA,NA,NA,NA,NA,0.371390811112197,0.137487,0.233903811112197,NA,NA,NA,NA,NA,0.211487369545294,0.17693,0.0345573695452937,NA,NA,NA,NA,NA,0.349796789631543,0.17693,0.172866789631543,NA,NA,NA,NA,NA,0.383794961759139,0.17693,0.206864961759139,NA,NA,NA,NA,NA,0.466273431118439,0.190992,0.275281431118439,NA,NA,NA,NA,NA,0.491388994061297,0.190992,0.300396994061297,NA,NA,NA,NA,NA,0.429949645366227,0.190992,0.238957645366227,NA,NA,NA,NA,NA
"157","Mouse_NewITPdata_UMHET3_Liver_C2017_UT_PB125_Male.UT10974","C2017","UT","Current","Mouse","UMHET3","Male","Liver","Liver","C2017_Male","PB125","Compound","GPL24247","RNAseq",660,1460,0.4520548,1335,1044.5,0.494382,-2.680348,"C2017_UT",NA,0.727905851373651,0.30533,0.422575851373651,NA,NA,NA,NA,NA,0.520037130313802,0.30533,0.214707130313802,NA,NA,NA,NA,NA,0.451429358986878,0.30533,0.146099358986878,NA,NA,NA,NA,NA,0.458883562268688,0.0536270000000001,0.405256562268688,NA,NA,NA,NA,NA,0.332695349649282,0.0536270000000001,0.279068349649282,NA,NA,NA,NA,NA,0.288175279302274,0.0536270000000001,0.234548279302274,NA,NA,NA,NA,NA,0.554519327651962,0.09307,0.461449327651962,NA,NA,NA,NA,NA,0.405761088972362,0.09307,0.312691088972362,NA,NA,NA,NA,NA,0.300579429949217,0.09307,0.207509429949217,NA,NA,NA,NA,NA,0.809305389225107,0.107132,0.702173389225107,NA,NA,NA,NA,NA,0.547353293402113,0.107132,0.440221293402113,NA,NA,NA,NA,NA,0.346734113556301,0.107132,0.239602113556301,NA,NA,NA,NA,NA
"158","Mouse_NewITPdata_UMHET3_Liver_C2017_UT_RaAc9_Male.UT10944","C2017","UT","Current","Mouse","UMHET3","Male","Liver","Liver","C2017_Male","RaAc_9m","Compound","GPL24247","RNAseq",660,1460,0.4520548,1521,1275,0.433925,-3.001439,"C2017_UT",NA,0.673870293276213,-0.0157609999999999,0.689631293276213,NA,NA,NA,NA,NA,0.26698683595186,-0.0157609999999999,0.28274783595186,NA,NA,NA,NA,NA,0.162251386607752,-0.0157609999999999,0.178012386607752,NA,NA,NA,NA,NA,0.404848004171249,-0.267464,0.672312004171249,NA,NA,NA,NA,NA,0.0796450552873394,-0.267464,0.347109055287339,NA,NA,NA,NA,NA,-0.00100269307685293,-0.267464,0.266461306923147,NA,NA,NA,NA,NA,0.500483769554523,-0.228021,0.728504769554523,NA,NA,NA,NA,NA,0.152710794610421,-0.228021,0.380731794610421,NA,NA,NA,NA,NA,0.0114014575700906,-0.228021,0.239422457570091,NA,NA,NA,NA,NA,0.755269831127669,-0.213959,0.969228831127669,NA,NA,NA,NA,NA,0.294302999040173,-0.213959,0.508261999040173,NA,NA,NA,NA,NA,0.0575561411771738,-0.213959,0.271515141177174,NA,NA,NA,NA,NA
"159","Mouse_NewITPdata_UMHET3_Liver_C2017_UT_RaAc16_Male.UT11057","C2017","UT","Current","Mouse","UMHET3","Male","Liver","Liver","C2017_Male","RaAc_16m","Compound","GPL24247","RNAseq",660,1460,0.4520548,1465,1176.5,0.4505119,-2.901455,"C2017_UT",NA,0.652928046089503,0.0842230000000002,0.568705046089502,NA,NA,NA,NA,NA,0.270461468312773,0.0842230000000002,0.186238468312773,NA,NA,NA,NA,NA,0.226700009480097,0.0842230000000002,0.142477009480097,NA,NA,NA,NA,NA,0.383905756984538,-0.16748,0.551385756984538,NA,NA,NA,NA,NA,0.083119687648251,-0.16748,0.250599687648251,NA,NA,NA,NA,NA,0.0634459297954929,-0.16748,0.230925929795493,NA,NA,NA,NA,NA,0.479541522367812,-0.128037,0.607578522367812,NA,NA,NA,NA,NA,0.156185426971331,-0.128037,0.284222426971331,NA,NA,NA,NA,NA,0.0758500804424367,-0.128037,0.203887080442437,NA,NA,NA,NA,NA,0.734327583940957,-0.113975,0.848302583940957,NA,NA,NA,NA,NA,0.297777631401088,-0.113975,0.411752631401088,NA,NA,NA,NA,NA,0.12200476404952,-0.113975,0.23597976404952,NA,NA,NA,NA,NA
"160","Mouse_NewITPdata_UMHET3_Liver_C2017_UT_Sul_Male.UT10960","C2017","UT","Current","Mouse","UMHET3","Male","Liver","Liver","C2017_Male","Sul","Compound","GPL24247","RNAseq",660,1460,0.4520548,1256,994.5,0.5254777,-2.612925,"C2017_UT",NA,0.471962383883892,0.372753,0.0992093838838918,NA,NA,NA,NA,NA,0.450481227191093,0.372753,0.0777282271910932,NA,NA,NA,NA,NA,0.51742657807776,0.372753,0.14467357807776,NA,NA,NA,NA,NA,0.20294009477893,0.12105,0.0818900947789298,NA,NA,NA,NA,NA,0.263139446526573,0.12105,0.142089446526573,NA,NA,NA,NA,NA,0.354172498393154,0.12105,0.233122498393154,NA,NA,NA,NA,NA,0.298575860162203,0.160493,0.138082860162204,NA,NA,NA,NA,NA,0.336205185849654,0.160493,0.175712185849654,NA,NA,NA,NA,NA,0.366576649040094,0.160493,0.206083649040094,NA,NA,NA,NA,NA,0.553361921735349,0.174555,0.378806921735349,NA,NA,NA,NA,NA,0.477797390279409,0.174555,0.30324239027941,NA,NA,NA,NA,NA,0.412731332647181,0.174555,0.238176332647181,NA,NA,NA,NA,NA
"161","Mouse_NewITPdata_UMHET3_Liver_C2017_UT_Syr_Male.UT11125","C2017","UT","Current","Mouse","UMHET3","Male","Liver","Liver","C2017_Male","Syr","Compound","GPL24247","RNAseq",660,1460,0.4520548,1242.5,1018,0.5311871,-2.706654,"C2017_UT",NA,0.641371357808135,0.279024,0.362347357808135,NA,NA,NA,NA,NA,0.608231116884114,0.279024,0.329207116884114,NA,NA,NA,NA,NA,0.463010305675347,0.279024,0.183986305675347,NA,NA,NA,NA,NA,0.372349068703172,0.0273210000000002,0.345028068703172,NA,NA,NA,NA,NA,0.420889336219587,0.0273210000000002,0.393568336219587,NA,NA,NA,NA,NA,0.299756225990747,0.0273210000000002,0.272435225990747,NA,NA,NA,NA,NA,0.467984834086446,0.066764,0.401220834086446,NA,NA,NA,NA,NA,0.493955075542666,0.066764,0.427191075542666,NA,NA,NA,NA,NA,0.312160376637686,0.066764,0.245396376637686,NA,NA,NA,NA,NA,0.722770895659592,0.0808260000000001,0.641944895659592,NA,NA,NA,NA,NA,0.63554727997242,0.0808260000000001,0.55472127997242,NA,NA,NA,NA,NA,0.358315060244777,0.0808260000000001,0.277489060244777,NA,NA,NA,NA,NA
