cohort,site,sex,id,group,age,flag_censura
C2011,TJL,f,JL07016,17aE2,830,1
C2011,TJL,f,JL07017,17aE2,924,1
C2011,TJL,f,JL07018,17aE2,601,1
C2011,TJL,f,JL07019,17aE2,1124,1
C2011,TJL,f,JL07045,17aE2,1030,1
C2011,TJL,f,JL07046,17aE2,778,1
C2011,TJL,f,JL07047,17aE2,548,1
C2011,TJL,f,JL07048,17aE2,1065,1
C2011,TJL,f,JL07078,17aE2,767,1
C2011,TJL,f,JL07079,17aE2,1054,1
C2011,TJL,f,JL07080,17aE2,858,1
C2011,TJL,f,JL07081,17aE2,767,1
C2011,TJL,f,JL07095,17aE2,1044,1
C2011,TJL,f,JL07096,17aE2,841,1
C2011,TJL,f,JL07097,17aE2,826,1
C2011,TJL,f,JL07098,17aE2,828,1
C2011,TJL,f,JL07145,17aE2,937,1
C2011,TJL,f,JL07146,17aE2,1008,1
C2011,TJL,f,JL07147,17aE2,854,1
C2011,TJL,f,JL07148,17aE2,983,1
C2011,TJL,f,JL07182,17aE2,1159,1
C2011,TJL,f,JL07183,17aE2,983,1
C2011,TJL,f,JL07184,17aE2,795,1
C2011,TJL,f,JL07185,17aE2,606,1
C2011,TJL,f,JL07251,17aE2,881,1
C2011,TJL,f,JL07252,17aE2,844,1
C2011,TJL,f,JL07253,17aE2,851,1
C2011,TJL,f,JL07254,17aE2,854,1
C2011,TJL,f,JL07439,17aE2,910,1
C2011,TJL,f,JL07440,17aE2,903,1
C2011,TJL,f,JL07441,17aE2,715,1
C2011,TJL,f,JL07442,17aE2,686,1
C2011,TJL,f,JL07591,17aE2,1097,1
C2011,TJL,f,JL07592,17aE2,887,1
C2011,TJL,f,JL07593,17aE2,929,1
C2011,TJL,f,JL07594,17aE2,1018,1
C2011,TJL,f,JL07603,17aE2,847,1
C2011,TJL,f,JL07604,17aE2,974,1
C2011,TJL,f,JL07605,17aE2,862,1
C2011,TJL,f,JL07606,17aE2,959,1
C2011,TJL,f,JL07709,17aE2,990,1
C2011,TJL,f,JL07710,17aE2,830,1
C2011,TJL,f,JL07711,17aE2,972,1
C2011,TJL,f,JL07712,17aE2,724,1
C2011,TJL,f,JL07814,17aE2,1086,1
C2011,TJL,f,JL07815,17aE2,1022,1
C2011,TJL,f,JL07816,17aE2,847,1
C2011,TJL,f,JL07817,17aE2,862,1
C2011,TJL,m,JL07118,17aE2,1057,1
C2011,TJL,m,JL07119,17aE2,560,1
C2011,TJL,m,JL07120,17aE2,1274,1
C2011,TJL,m,JL07121,17aE2,311,1
C2011,TJL,m,JL07122,17aE2,805,1
C2011,TJL,m,JL07123,17aE2,952,1
C2011,TJL,m,JL07133,17aE2,720,1
C2011,TJL,m,JL07134,17aE2,720,1
C2011,TJL,m,JL07135,17aE2,819,1
C2011,TJL,m,JL07139,17aE2,966,1
C2011,TJL,m,JL07140,17aE2,1190,1
C2011,TJL,m,JL07141,17aE2,1190,1
C2011,TJL,m,JL07206,17aE2,963,1
C2011,TJL,m,JL07207,17aE2,305,1
C2011,TJL,m,JL07208,17aE2,563,1
C2011,TJL,m,JL07212,17aE2,739,1
C2011,TJL,m,JL07213,17aE2,1187,1
C2011,TJL,m,JL07214,17aE2,1288,1
C2011,TJL,m,JL07221,17aE2,1117,1
C2011,TJL,m,JL07222,17aE2,985,1
C2011,TJL,m,JL07223,17aE2,844,1
C2011,TJL,m,JL07272,17aE2,1156,1
C2011,TJL,m,JL07273,17aE2,966,1
C2011,TJL,m,JL07274,17aE2,756,1
C2011,TJL,m,JL07278,17aE2,826,1
C2011,TJL,m,JL07279,17aE2,287,1
C2011,TJL,m,JL07280,17aE2,769,1
C2011,TJL,m,JL07314,17aE2,1034,1
C2011,TJL,m,JL07315,17aE2,823,1
C2011,TJL,m,JL07316,17aE2,1152,1
C2011,TJL,m,JL07367,17aE2,1322,1
C2011,TJL,m,JL07368,17aE2,874,1
C2011,TJL,m,JL07369,17aE2,1212,1
C2011,TJL,m,JL07373,17aE2,785,1
C2011,TJL,m,JL07374,17aE2,427,1
C2011,TJL,m,JL07375,17aE2,791,1
C2011,TJL,m,JL07406,17aE2,973,1
C2011,TJL,m,JL07407,17aE2,1004,1
C2011,TJL,m,JL07408,17aE2,706,1
C2011,TJL,m,JL07700,17aE2,1184,1
C2011,TJL,m,JL07701,17aE2,553,1
C2011,TJL,m,JL07702,17aE2,890,1
C2011,TJL,m,JL07703,17aE2,833,1
C2011,TJL,m,JL07704,17aE2,700,1
C2011,TJL,m,JL07705,17aE2,1162,1
C2011,TJL,m,JL07734,17aE2,1242,1
C2011,TJL,m,JL07735,17aE2,949,1
C2011,TJL,m,JL07736,17aE2,957,1
C2011,TJL,m,JL07789,17aE2,1281,1
C2011,TJL,m,JL07790,17aE2,1242,1
C2011,TJL,m,JL07791,17aE2,1055,1
C2011,TJL,m,JL07804,17aE2,1320,1
C2011,TJL,m,JL07805,17aE2,964,1
C2011,TJL,m,JL07806,17aE2,1214,1
C2011,UM,f,UM33887,17aE2,728,1
C2011,UM,f,UM33894,17aE2,835,1
C2011,UM,f,UM33901,17aE2,1138,1
C2011,UM,f,UM33908,17aE2,1011,1
C2011,UM,f,UM34181,17aE2,831,1
C2011,UM,f,UM34188,17aE2,893,1
C2011,UM,f,UM34195,17aE2,627,1
C2011,UM,f,UM34202,17aE2,740,1
C2011,UM,f,UM34790,17aE2,713,1
C2011,UM,f,UM34797,17aE2,1015,1
C2011,UM,f,UM34804,17aE2,869,1
C2011,UM,f,UM34811,17aE2,612,1
C2011,UM,f,UM35084,17aE2,724,1
C2011,UM,f,UM35091,17aE2,897,1
C2011,UM,f,UM35098,17aE2,632,1
C2011,UM,f,UM35105,17aE2,1022,1
C2011,UM,f,UM35497,17aE2,716,1
C2011,UM,f,UM35504,17aE2,561,1
C2011,UM,f,UM35511,17aE2,1122,1
C2011,UM,f,UM35518,17aE2,908,1
C2011,UM,f,UM35903,17aE2,577,1
C2011,UM,f,UM35910,17aE2,877,1
C2011,UM,f,UM35917,17aE2,1118,1
C2011,UM,f,UM35924,17aE2,644,1
C2011,UM,f,UM35973,17aE2,1151,1
C2011,UM,f,UM35980,17aE2,966,1
C2011,UM,f,UM35987,17aE2,904,1
C2011,UM,f,UM35994,17aE2,805,1
C2011,UM,f,UM36897,17aE2,930,1
C2011,UM,f,UM36904,17aE2,731,1
C2011,UM,f,UM36911,17aE2,1091,1
C2011,UM,f,UM36918,17aE2,797,0
C2011,UM,f,UM37044,17aE2,561,1
C2011,UM,f,UM37051,17aE2,873,1
C2011,UM,f,UM37058,17aE2,674,1
C2011,UM,f,UM37065,17aE2,1064,1
C2011,UM,f,UM37219,17aE2,817,1
C2011,UM,f,UM37226,17aE2,735,1
C2011,UM,f,UM37233,17aE2,1252,1
C2011,UM,f,UM37240,17aE2,735,1
C2011,UM,f,UM37961,17aE2,807,1
C2011,UM,f,UM37968,17aE2,1122,1
C2011,UM,f,UM37975,17aE2,931,1
C2011,UM,f,UM37982,17aE2,638,1
C2011,UM,m,UM33964,17aE2,1211,1
C2011,UM,m,UM33971,17aE2,753,1
C2011,UM,m,UM33978,17aE2,1070,1
C2011,UM,m,UM35154,17aE2,1120,1
C2011,UM,m,UM35161,17aE2,1097,1
C2011,UM,m,UM35168,17aE2,904,1
C2011,UM,m,UM35238,17aE2,1073,1
C2011,UM,m,UM35245,17aE2,497,1
C2011,UM,m,UM35252,17aE2,904,1
C2011,UM,m,UM35525,17aE2,807,1
C2011,UM,m,UM35532,17aE2,632,1
C2011,UM,m,UM35539,17aE2,1204,1
C2011,UM,m,UM35952,17aE2,867,1
C2011,UM,m,UM35959,17aE2,940,1
C2011,UM,m,UM35966,17aE2,684,1
C2011,UM,m,UM36043,17aE2,891,1
C2011,UM,m,UM36050,17aE2,1193,1
C2011,UM,m,UM36057,17aE2,36,0
C2011,UM,m,UM36295,17aE2,984,1
C2011,UM,m,UM36302,17aE2,754,1
C2011,UM,m,UM36309,17aE2,1363,1
C2011,UM,m,UM36316,17aE2,1164,1
C2011,UM,m,UM36323,17aE2,42,0
C2011,UM,m,UM36330,17aE2,1212,1
C2011,UM,m,UM36435,17aE2,509,0
C2011,UM,m,UM36442,17aE2,509,0
C2011,UM,m,UM36449,17aE2,509,0
C2011,UM,m,UM36498,17aE2,269,0
C2011,UM,m,UM36505,17aE2,269,0
C2011,UM,m,UM36512,17aE2,269,0
C2011,UM,m,UM36764,17aE2,713,1
C2011,UM,m,UM36771,17aE2,717,1
C2011,UM,m,UM36778,17aE2,979,1
C2011,UM,m,UM37177,17aE2,1230,1
C2011,UM,m,UM37184,17aE2,1211,1
C2011,UM,m,UM37191,17aE2,931,1
C2011,UM,m,UM37667,17aE2,1310,1
C2011,UM,m,UM37674,17aE2,700,1
C2011,UM,m,UM37681,17aE2,211,1
C2011,UM,m,UM37835,17aE2,847,1
C2011,UM,m,UM37842,17aE2,1110,1
C2011,UM,m,UM37849,17aE2,851,1
C2011,UM,m,UM37856,17aE2,945,1
C2011,UM,m,UM37863,17aE2,853,1
C2011,UM,m,UM37870,17aE2,1150,1
C2011,UM,m,UM38087,17aE2,1031,1
C2011,UM,m,UM38094,17aE2,713,1
C2011,UM,m,UM38101,17aE2,797,1
C2011,UM,m,UM38234,17aE2,1161,1
C2011,UM,m,UM38241,17aE2,1075,1
C2011,UM,m,UM38248,17aE2,843,1
C2011,UT,f,UT04884,17aE2,839,1
C2011,UT,f,UT04885,17aE2,1145,1
C2011,UT,f,UT04886,17aE2,1087,1
C2011,UT,f,UT04887,17aE2,1020,1
C2011,UT,f,UT05011,17aE2,1190,1
C2011,UT,f,UT05012,17aE2,933,1
C2011,UT,f,UT05013,17aE2,958,1
C2011,UT,f,UT05014,17aE2,1154,1
C2011,UT,f,UT05047,17aE2,432,1
C2011,UT,f,UT05048,17aE2,1052,1
C2011,UT,f,UT05049,17aE2,1034,1
C2011,UT,f,UT05050,17aE2,773,1
C2011,UT,f,UT05102,17aE2,794,1
C2011,UT,f,UT05103,17aE2,924,1
C2011,UT,f,UT05104,17aE2,914,1
C2011,UT,f,UT05105,17aE2,840,1
C2011,UT,f,UT05173,17aE2,895,1
C2011,UT,f,UT05174,17aE2,617,1
C2011,UT,f,UT05175,17aE2,943,1
C2011,UT,f,UT05176,17aE2,698,1
C2011,UT,f,UT05218,17aE2,998,1
C2011,UT,f,UT05219,17aE2,615,1
C2011,UT,f,UT05220,17aE2,1007,1
C2011,UT,f,UT05221,17aE2,853,1
C2011,UT,f,UT05225,17aE2,895,1
C2011,UT,f,UT05226,17aE2,718,1
C2011,UT,f,UT05227,17aE2,1053,1
C2011,UT,f,UT05228,17aE2,891,1
C2011,UT,f,UT05310,17aE2,847,1
C2011,UT,f,UT05311,17aE2,997,1
C2011,UT,f,UT05312,17aE2,982,1
C2011,UT,f,UT05313,17aE2,886,1
C2011,UT,f,UT05336,17aE2,962,1
C2011,UT,f,UT05337,17aE2,942,1
C2011,UT,f,UT05338,17aE2,764,1
C2011,UT,f,UT05339,17aE2,994,1
C2011,UT,f,UT05401,17aE2,943,1
C2011,UT,f,UT05402,17aE2,972,1
C2011,UT,f,UT05403,17aE2,1013,1
C2011,UT,f,UT05404,17aE2,707,1
C2011,UT,f,UT05475,17aE2,1060,1
C2011,UT,f,UT05476,17aE2,978,1
C2011,UT,f,UT05477,17aE2,763,1
C2011,UT,f,UT05478,17aE2,1157,1
C2011,UT,m,UT04895,17aE2,217,0
C2011,UT,m,UT04896,17aE2,217,0
C2011,UT,m,UT04897,17aE2,217,0
C2011,UT,m,UT04926,17aE2,1000,1
C2011,UT,m,UT04927,17aE2,881,1
C2011,UT,m,UT04928,17aE2,1066,1
C2011,UT,m,UT04939,17aE2,783,1
C2011,UT,m,UT04940,17aE2,295,1
C2011,UT,m,UT04941,17aE2,762,1
C2011,UT,m,UT04959,17aE2,835,1
C2011,UT,m,UT04960,17aE2,271,1
C2011,UT,m,UT04961,17aE2,1095,1
C2011,UT,m,UT05089,17aE2,581,1
C2011,UT,m,UT05090,17aE2,935,1
C2011,UT,m,UT05091,17aE2,596,0
C2011,UT,m,UT05129,17aE2,469,1
C2011,UT,m,UT05130,17aE2,743,1
C2011,UT,m,UT05131,17aE2,305,1
C2011,UT,m,UT05160,17aE2,271,1
C2011,UT,m,UT05161,17aE2,1103,1
C2011,UT,m,UT05162,17aE2,766,1
C2011,UT,m,UT05163,17aE2,790,1
C2011,UT,m,UT05164,17aE2,1032,1
C2011,UT,m,UT05165,17aE2,948,1
C2011,UT,m,UT05208,17aE2,966,1
C2011,UT,m,UT05209,17aE2,1375,1
C2011,UT,m,UT05210,17aE2,661,1
C2011,UT,m,UT05235,17aE2,1008,1
C2011,UT,m,UT05236,17aE2,888,1
C2011,UT,m,UT05237,17aE2,721,1
C2011,UT,m,UT05327,17aE2,807,1
C2011,UT,m,UT05328,17aE2,1077,1
C2011,UT,m,UT05329,17aE2,1027,1
C2011,UT,m,UT05353,17aE2,976,1
C2011,UT,m,UT05354,17aE2,900,1
C2011,UT,m,UT05355,17aE2,876,1
C2011,UT,m,UT05391,17aE2,1094,1
C2011,UT,m,UT05392,17aE2,673,1
C2011,UT,m,UT05393,17aE2,903,1
C2011,UT,m,UT05422,17aE2,777,1
C2011,UT,m,UT05423,17aE2,274,1
C2011,UT,m,UT05424,17aE2,1005,1
C2011,UT,m,UT05466,17aE2,1180,1
C2011,UT,m,UT05467,17aE2,768,1
C2011,UT,m,UT05468,17aE2,963,1
C2011,UT,m,UT05469,17aE2,1002,1
C2011,UT,m,UT05470,17aE2,689,1
C2011,UT,m,UT05471,17aE2,450,1
C2011,UT,m,UT05486,17aE2,770,1
C2011,UT,m,UT05487,17aE2,979,1
C2011,UT,m,UT05488,17aE2,666,1
C2011,TJL,f,JL07009,Control,898,1
C2011,TJL,f,JL07010,Control,1170,1
C2011,TJL,f,JL07011,Control,900,1
C2011,TJL,f,JL07012,Control,1015,1
C2011,TJL,f,JL07033,Control,800,1
C2011,TJL,f,JL07034,Control,785,1
C2011,TJL,f,JL07035,Control,751,1
C2011,TJL,f,JL07036,Control,673,1
C2011,TJL,f,JL07103,Control,1087,1
C2011,TJL,f,JL07104,Control,805,1
C2011,TJL,f,JL07105,Control,1106,1
C2011,TJL,f,JL07106,Control,861,1
C2011,TJL,f,JL07107,Control,958,1
C2011,TJL,f,JL07108,Control,1017,1
C2011,TJL,f,JL07109,Control,896,1
C2011,TJL,f,JL07110,Control,702,1
C2011,TJL,f,JL07111,Control,888,1
C2011,TJL,f,JL07112,Control,888,1
C2011,TJL,f,JL07113,Control,910,1
C2011,TJL,f,JL07114,Control,1057,1
C2011,TJL,f,JL07178,Control,775,1
C2011,TJL,f,JL07179,Control,978,1
C2011,TJL,f,JL07180,Control,746,1
C2011,TJL,f,JL07181,Control,875,1
C2011,TJL,f,JL07186,Control,1120,1
C2011,TJL,f,JL07187,Control,935,1
C2011,TJL,f,JL07188,Control,861,1
C2011,TJL,f,JL07189,Control,1006,1
C2011,TJL,f,JL07243,Control,1036,1
C2011,TJL,f,JL07244,Control,757,1
C2011,TJL,f,JL07245,Control,1085,1
C2011,TJL,f,JL07246,Control,798,1
C2011,TJL,f,JL07292,Control,788,1
C2011,TJL,f,JL07293,Control,892,1
C2011,TJL,f,JL07294,Control,832,1
C2011,TJL,f,JL07295,Control,1040,1
C2011,TJL,f,JL07419,Control,1249,1
C2011,TJL,f,JL07420,Control,818,1
C2011,TJL,f,JL07421,Control,725,1
C2011,TJL,f,JL07422,Control,886,1
C2011,TJL,f,JL07443,Control,917,1
C2011,TJL,f,JL07444,Control,798,1
C2011,TJL,f,JL07445,Control,735,1
C2011,TJL,f,JL07446,Control,742,1
C2011,TJL,f,JL07451,Control,708,1
C2011,TJL,f,JL07452,Control,819,1
C2011,TJL,f,JL07453,Control,805,1
C2011,TJL,f,JL07454,Control,644,1
C2011,TJL,f,JL07455,Control,895,1
C2011,TJL,f,JL07456,Control,861,1
C2011,TJL,f,JL07457,Control,752,1
C2011,TJL,f,JL07458,Control,650,0
C2011,TJL,f,JL07544,Control,379,1
C2011,TJL,f,JL07545,Control,875,1
C2011,TJL,f,JL07546,Control,1057,1
C2011,TJL,f,JL07547,Control,749,1
C2011,TJL,f,JL07587,Control,1207,1
C2011,TJL,f,JL07588,Control,1152,1
C2011,TJL,f,JL07589,Control,1195,1
C2011,TJL,f,JL07590,Control,837,1
C2011,TJL,f,JL07595,Control,1267,1
C2011,TJL,f,JL07596,Control,805,1
C2011,TJL,f,JL07597,Control,1003,1
C2011,TJL,f,JL07598,Control,304,1
C2011,TJL,f,JL07599,Control,855,1
C2011,TJL,f,JL07600,Control,896,1
C2011,TJL,f,JL07601,Control,756,1
C2011,TJL,f,JL07602,Control,1170,1
C2011,TJL,f,JL07615,Control,794,1
C2011,TJL,f,JL07616,Control,865,1
C2011,TJL,f,JL07617,Control,907,1
C2011,TJL,f,JL07618,Control,634,1
C2011,TJL,f,JL07619,Control,594,1
C2011,TJL,f,JL07620,Control,1019,1
C2011,TJL,f,JL07621,Control,1062,1
C2011,TJL,f,JL07622,Control,746,1
C2011,TJL,f,JL07623,Control,894,1
C2011,TJL,f,JL07624,Control,1077,1
C2011,TJL,f,JL07625,Control,907,1
C2011,TJL,f,JL07626,Control,613,1
C2011,TJL,f,JL07635,Control,1142,1
C2011,TJL,f,JL07636,Control,975,1
C2011,TJL,f,JL07637,Control,1086,1
C2011,TJL,f,JL07638,Control,975,1
C2011,TJL,f,JL07717,Control,991,1
C2011,TJL,f,JL07718,Control,997,1
C2011,TJL,f,JL07719,Control,924,1
C2011,TJL,f,JL07720,Control,620,1
C2011,TJL,f,JL07743,Control,964,1
C2011,TJL,f,JL07744,Control,731,1
C2011,TJL,f,JL07745,Control,906,1
C2011,TJL,f,JL07746,Control,1091,1
C2011,TJL,f,JL07769,Control,829,1
C2011,TJL,f,JL07770,Control,928,1
C2011,TJL,f,JL07771,Control,1028,1
C2011,TJL,f,JL07772,Control,879,1
C2011,TJL,m,JL07023,Control,1049,1
C2011,TJL,m,JL07024,Control,494,1
C2011,TJL,m,JL07025,Control,853,1
C2011,TJL,m,JL07053,Control,1101,1
C2011,TJL,m,JL07054,Control,534,1
C2011,TJL,m,JL07055,Control,1008,1
C2011,TJL,m,JL07056,Control,266,1
C2011,TJL,m,JL07057,Control,886,1
C2011,TJL,m,JL07058,Control,792,1
C2011,TJL,m,JL07059,Control,645,1
C2011,TJL,m,JL07060,Control,954,1
C2011,TJL,m,JL07061,Control,792,1
C2011,TJL,m,JL07065,Control,464,1
C2011,TJL,m,JL07066,Control,603,1
C2011,TJL,m,JL07067,Control,380,1
C2011,TJL,m,JL07071,Control,848,1
C2011,TJL,m,JL07072,Control,387,1
C2011,TJL,m,JL07073,Control,268,1
C2011,TJL,m,JL07124,Control,665,1
C2011,TJL,m,JL07125,Control,554,1
C2011,TJL,m,JL07126,Control,749,1
C2011,TJL,m,JL07130,Control,1178,1
C2011,TJL,m,JL07131,Control,771,1
C2011,TJL,m,JL07132,Control,861,1
C2011,TJL,m,JL07136,Control,1144,1
C2011,TJL,m,JL07137,Control,826,1
C2011,TJL,m,JL07138,Control,752,1
C2011,TJL,m,JL07166,Control,812,1
C2011,TJL,m,JL07167,Control,1084,1
C2011,TJL,m,JL07168,Control,616,1
C2011,TJL,m,JL07175,Control,995,1
C2011,TJL,m,JL07176,Control,995,0
C2011,TJL,m,JL07177,Control,1002,1
C2011,TJL,m,JL07209,Control,889,1
C2011,TJL,m,JL07210,Control,446,1
C2011,TJL,m,JL07211,Control,697,1
C2011,TJL,m,JL07218,Control,781,1
C2011,TJL,m,JL07219,Control,301,1
C2011,TJL,m,JL07220,Control,243,1
C2011,TJL,m,JL07263,Control,711,1
C2011,TJL,m,JL07264,Control,543,1
C2011,TJL,m,JL07265,Control,377,1
C2011,TJL,m,JL07266,Control,872,1
C2011,TJL,m,JL07267,Control,795,1
C2011,TJL,m,JL07268,Control,886,1
C2011,TJL,m,JL07308,Control,1082,1
C2011,TJL,m,JL07309,Control,587,1
C2011,TJL,m,JL07310,Control,676,1
C2011,TJL,m,JL07311,Control,613,1
C2011,TJL,m,JL07312,Control,657,1
C2011,TJL,m,JL07313,Control,587,1
C2011,TJL,m,JL07364,Control,791,1
C2011,TJL,m,JL07365,Control,805,1
C2011,TJL,m,JL07366,Control,763,1
C2011,TJL,m,JL07370,Control,498,1
C2011,TJL,m,JL07371,Control,972,1
C2011,TJL,m,JL07372,Control,874,1
C2011,TJL,m,JL07403,Control,616,1
C2011,TJL,m,JL07404,Control,842,1
C2011,TJL,m,JL07405,Control,731,1
C2011,TJL,m,JL07430,Control,1057,1
C2011,TJL,m,JL07431,Control,763,1
C2011,TJL,m,JL07432,Control,932,1
C2011,TJL,m,JL07468,Control,296,1
C2011,TJL,m,JL07469,Control,1085,1
C2011,TJL,m,JL07470,Control,995,1
C2011,TJL,m,JL07572,Control,875,1
C2011,TJL,m,JL07573,Control,959,1
C2011,TJL,m,JL07574,Control,644,1
C2011,TJL,m,JL07670,Control,607,1
C2011,TJL,m,JL07671,Control,557,1
C2011,TJL,m,JL07672,Control,1041,1
C2011,TJL,m,JL07685,Control,637,1
C2011,TJL,m,JL07686,Control,813,1
C2011,TJL,m,JL07687,Control,798,1
C2011,TJL,m,JL07688,Control,619,1
C2011,TJL,m,JL07689,Control,925,1
C2011,TJL,m,JL07690,Control,847,1
C2011,TJL,m,JL07728,Control,388,1
C2011,TJL,m,JL07729,Control,830,1
C2011,TJL,m,JL07730,Control,564,1
C2011,TJL,m,JL07731,Control,221,1
C2011,TJL,m,JL07732,Control,620,1
C2011,TJL,m,JL07733,Control,648,1
C2011,TJL,m,JL07737,Control,319,1
C2011,TJL,m,JL07738,Control,660,1
C2011,TJL,m,JL07739,Control,634,1
C2011,TJL,m,JL07751,Control,371,1
C2011,TJL,m,JL07752,Control,1127,1
C2011,TJL,m,JL07753,Control,602,1
C2011,TJL,m,JL07777,Control,1256,1
C2011,TJL,m,JL07778,Control,776,1
C2011,TJL,m,JL07779,Control,438,1
C2011,TJL,m,JL07786,Control,718,1
C2011,TJL,m,JL07787,Control,397,1
C2011,TJL,m,JL07788,Control,1258,1
C2011,TJL,m,JL07795,Control,1043,1
C2011,TJL,m,JL07796,Control,1076,1
C2011,TJL,m,JL07797,Control,773,1
C2011,TJL,m,JL07822,Control,937,1
C2011,TJL,m,JL07823,Control,812,1
C2011,TJL,m,JL07824,Control,435,1
C2011,UM,f,UM34062,Control,486,1
C2011,UM,f,UM34069,Control,893,0
C2011,UM,f,UM34076,Control,904,1
C2011,UM,f,UM34083,Control,806,1
C2011,UM,f,UM34412,Control,960,1
C2011,UM,f,UM34419,Control,953,1
C2011,UM,f,UM34426,Control,771,1
C2011,UM,f,UM34433,Control,896,1
C2011,UM,f,UM34482,Control,689,1
C2011,UM,f,UM34489,Control,743,1
C2011,UM,f,UM34496,Control,841,1
C2011,UM,f,UM34503,Control,821,1
C2011,UM,f,UM34622,Control,1023,1
C2011,UM,f,UM34629,Control,900,1
C2011,UM,f,UM34636,Control,833,1
C2011,UM,f,UM34643,Control,795,0
C2011,UM,f,UM34937,Control,1190,1
C2011,UM,f,UM34944,Control,931,1
C2011,UM,f,UM34951,Control,1068,1
C2011,UM,f,UM34958,Control,871,1
C2011,UM,f,UM34986,Control,1039,1
C2011,UM,f,UM34993,Control,866,1
C2011,UM,f,UM35000,Control,971,1
C2011,UM,f,UM35007,Control,870,1
C2011,UM,f,UM35378,Control,873,1
C2011,UM,f,UM35385,Control,801,1
C2011,UM,f,UM35392,Control,719,1
C2011,UM,f,UM35399,Control,823,1
C2011,UM,f,UM35756,Control,1165,1
C2011,UM,f,UM35763,Control,921,1
C2011,UM,f,UM35770,Control,1022,1
C2011,UM,f,UM35777,Control,895,1
C2011,UM,f,UM36190,Control,597,1
C2011,UM,f,UM36197,Control,997,1
C2011,UM,f,UM36204,Control,888,1
C2011,UM,f,UM36211,Control,555,1
C2011,UM,f,UM36379,Control,1120,1
C2011,UM,f,UM36386,Control,884,1
C2011,UM,f,UM36393,Control,561,1
C2011,UM,f,UM36400,Control,933,1
C2011,UM,f,UM36631,Control,848,1
C2011,UM,f,UM36638,Control,902,1
C2011,UM,f,UM36645,Control,930,1
C2011,UM,f,UM36652,Control,731,1
C2011,UM,f,UM36708,Control,722,1
C2011,UM,f,UM36715,Control,1007,1
C2011,UM,f,UM36722,Control,1020,1
C2011,UM,f,UM36729,Control,1021,1
C2011,UM,f,UM36736,Control,1034,1
C2011,UM,f,UM36743,Control,788,1
C2011,UM,f,UM36750,Control,954,1
C2011,UM,f,UM36757,Control,863,1
C2011,UM,f,UM37121,Control,960,1
C2011,UM,f,UM37128,Control,914,1
C2011,UM,f,UM37135,Control,800,1
C2011,UM,f,UM37142,Control,638,1
C2011,UM,f,UM37149,Control,996,1
C2011,UM,f,UM37156,Control,865,1
C2011,UM,f,UM37163,Control,623,1
C2011,UM,f,UM37170,Control,996,1
C2011,UM,f,UM37359,Control,1179,1
C2011,UM,f,UM37366,Control,649,1
C2011,UM,f,UM37373,Control,1152,1
C2011,UM,f,UM37380,Control,667,1
C2011,UM,f,UM37709,Control,689,1
C2011,UM,f,UM37716,Control,872,1
C2011,UM,f,UM37723,Control,923,1
C2011,UM,f,UM37730,Control,866,1
C2011,UM,f,UM37758,Control,748,1
C2011,UM,f,UM37765,Control,672,1
C2011,UM,f,UM37772,Control,1105,1
C2011,UM,f,UM37779,Control,976,1
C2011,UM,f,UM38017,Control,579,1
C2011,UM,f,UM38024,Control,827,1
C2011,UM,f,UM38031,Control,849,1
C2011,UM,f,UM38038,Control,906,1
C2011,UM,f,UM38178,Control,956,1
C2011,UM,f,UM38185,Control,746,1
C2011,UM,f,UM38192,Control,750,1
C2011,UM,f,UM38199,Control,1188,1
C2011,UM,f,UM38353,Control,979,1
C2011,UM,f,UM38360,Control,689,1
C2011,UM,f,UM38367,Control,870,1
C2011,UM,f,UM38374,Control,822,1
C2011,UM,f,UM38402,Control,1065,1
C2011,UM,f,UM38409,Control,1130,1
C2011,UM,f,UM38416,Control,1081,1
C2011,UM,f,UM38423,Control,644,1
C2011,UM,f,UM38472,Control,852,1
C2011,UM,f,UM38479,Control,988,1
C2011,UM,f,UM38486,Control,784,1
C2011,UM,f,UM38493,Control,807,1
C2011,UM,f,UM38647,Control,875,1
C2011,UM,f,UM38654,Control,633,1
C2011,UM,f,UM38661,Control,625,1
C2011,UM,f,UM38668,Control,693,1
C2011,UM,f,UM38745,Control,1456,1
C2011,UM,f,UM38752,Control,565,0
C2011,UM,f,UM38759,Control,565,0
C2011,UM,f,UM38766,Control,565,0
C2011,UM,m,UM33915,Control,927,1
C2011,UM,m,UM33922,Control,847,1
C2011,UM,m,UM33929,Control,587,1
C2011,UM,m,UM34258,Control,659,1
C2011,UM,m,UM34265,Control,458,1
C2011,UM,m,UM34272,Control,810,1
C2011,UM,m,UM34461,Control,850,1
C2011,UM,m,UM34468,Control,938,1
C2011,UM,m,UM34475,Control,853,1
C2011,UM,m,UM34510,Control,233,0
C2011,UM,m,UM34517,Control,233,0
C2011,UM,m,UM34524,Control,233,0
C2011,UM,m,UM34650,Control,446,1
C2011,UM,m,UM34657,Control,1228,1
C2011,UM,m,UM34664,Control,938,1
C2011,UM,m,UM34839,Control,1117,1
C2011,UM,m,UM34846,Control,471,1
C2011,UM,m,UM34853,Control,930,1
C2011,UM,m,UM35014,Control,584,0
C2011,UM,m,UM35021,Control,584,0
C2011,UM,m,UM35028,Control,551,1
C2011,UM,m,UM35133,Control,1034,1
C2011,UM,m,UM35140,Control,1103,1
C2011,UM,m,UM35147,Control,1198,1
C2011,UM,m,UM35196,Control,355,0
C2011,UM,m,UM35203,Control,355,0
C2011,UM,m,UM35210,Control,355,0
C2011,UM,m,UM35357,Control,1177,1
C2011,UM,m,UM35364,Control,898,1
C2011,UM,m,UM35371,Control,1127,1
C2011,UM,m,UM35476,Control,1006,1
C2011,UM,m,UM35483,Control,948,1
C2011,UM,m,UM35490,Control,1121,1
C2011,UM,m,UM35546,Control,936,1
C2011,UM,m,UM35553,Control,554,1
C2011,UM,m,UM35560,Control,42,0
C2011,UM,m,UM35616,Control,807,1
C2011,UM,m,UM35623,Control,829,1
C2011,UM,m,UM35630,Control,823,1
C2011,UM,m,UM35805,Control,1182,1
C2011,UM,m,UM35812,Control,868,1
C2011,UM,m,UM35819,Control,907,1
C2011,UM,m,UM35854,Control,810,1
C2011,UM,m,UM35861,Control,1199,1
C2011,UM,m,UM35868,Control,946,1
C2011,UM,m,UM36022,Control,921,1
C2011,UM,m,UM36029,Control,917,1
C2011,UM,m,UM36036,Control,936,1
C2011,UM,m,UM36092,Control,1024,1
C2011,UM,m,UM36099,Control,750,1
C2011,UM,m,UM36106,Control,921,1
C2011,UM,m,UM36519,Control,1180,1
C2011,UM,m,UM36526,Control,804,1
C2011,UM,m,UM36533,Control,1054,1
C2011,UM,m,UM36540,Control,997,1
C2011,UM,m,UM36547,Control,1033,1
C2011,UM,m,UM36554,Control,754,1
C2011,UM,m,UM36610,Control,897,1
C2011,UM,m,UM36617,Control,845,1
C2011,UM,m,UM36624,Control,43,0
C2011,UM,m,UM36659,Control,712,1
C2011,UM,m,UM36666,Control,183,1
C2011,UM,m,UM36673,Control,896,1
C2011,UM,m,UM36827,Control,1066,1
C2011,UM,m,UM36834,Control,40,0
C2011,UM,m,UM36841,Control,712,1
C2011,UM,m,UM37072,Control,747,1
C2011,UM,m,UM37079,Control,1156,1
C2011,UM,m,UM37086,Control,537,1
C2011,UM,m,UM37247,Control,1251,1
C2011,UM,m,UM37254,Control,888,1
C2011,UM,m,UM37261,Control,615,1
C2011,UM,m,UM37289,Control,708,1
C2011,UM,m,UM37296,Control,891,1
C2011,UM,m,UM37303,Control,869,1
C2011,UM,m,UM37646,Control,741,1
C2011,UM,m,UM37653,Control,516,1
C2011,UM,m,UM37660,Control,798,1
C2011,UM,m,UM37919,Control,804,1
C2011,UM,m,UM37926,Control,989,1
C2011,UM,m,UM37933,Control,628,1
C2011,UM,m,UM37940,Control,714,1
C2011,UM,m,UM37947,Control,376,1
C2011,UM,m,UM37954,Control,983,1
C2011,UM,m,UM38066,Control,1043,1
C2011,UM,m,UM38073,Control,743,1
C2011,UM,m,UM38080,Control,326,1
C2011,UM,m,UM38108,Control,528,1
C2011,UM,m,UM38115,Control,880,1
C2011,UM,m,UM38122,Control,671,1
C2011,UM,m,UM38157,Control,677,1
C2011,UM,m,UM38164,Control,788,1
C2011,UM,m,UM38171,Control,760,1
C2011,UM,m,UM38276,Control,728,1
C2011,UM,m,UM38283,Control,552,1
C2011,UM,m,UM38290,Control,954,1
C2011,UM,m,UM38451,Control,1116,1
C2011,UM,m,UM38458,Control,909,1
C2011,UM,m,UM38465,Control,838,1
C2011,UM,m,UM38500,Control,1048,1
C2011,UM,m,UM38507,Control,934,1
C2011,UM,m,UM38514,Control,688,1
C2011,UM,m,UM38570,Control,457,1
C2011,UM,m,UM38577,Control,281,1
C2011,UM,m,UM38584,Control,410,1
C2011,UT,f,UT04880,Control,1048,1
C2011,UT,f,UT04881,Control,857,1
C2011,UT,f,UT04882,Control,889,1
C2011,UT,f,UT04883,Control,808,1
C2011,UT,f,UT04955,Control,713,1
C2011,UT,f,UT04956,Control,668,1
C2011,UT,f,UT04957,Control,665,1
C2011,UT,f,UT04958,Control,654,1
C2011,UT,f,UT04965,Control,754,1
C2011,UT,f,UT04966,Control,1114,1
C2011,UT,f,UT04967,Control,844,1
C2011,UT,f,UT04968,Control,1089,1
C2011,UT,f,UT05030,Control,803,1
C2011,UT,f,UT05031,Control,1193,1
C2011,UT,f,UT05032,Control,962,1
C2011,UT,f,UT05033,Control,717,1
C2011,UT,f,UT05040,Control,1097,1
C2011,UT,f,UT05041,Control,918,1
C2011,UT,f,UT05042,Control,834,1
C2011,UT,f,UT05043,Control,892,1
C2011,UT,f,UT05082,Control,680,1
C2011,UT,f,UT05083,Control,1089,1
C2011,UT,f,UT05084,Control,1011,1
C2011,UT,f,UT05085,Control,1047,1
C2011,UT,f,UT05092,Control,780,1
C2011,UT,f,UT05093,Control,714,1
C2011,UT,f,UT05094,Control,780,1
C2011,UT,f,UT05095,Control,941,1
C2011,UT,f,UT05125,Control,758,1
C2011,UT,f,UT05126,Control,928,1
C2011,UT,f,UT05127,Control,774,1
C2011,UT,f,UT05128,Control,603,1
C2011,UT,f,UT05132,Control,1142,1
C2011,UT,f,UT05133,Control,978,1
C2011,UT,f,UT05134,Control,623,1
C2011,UT,f,UT05135,Control,982,1
C2011,UT,f,UT05145,Control,1050,1
C2011,UT,f,UT05146,Control,1038,1
C2011,UT,f,UT05147,Control,977,1
C2011,UT,f,UT05148,Control,747,1
C2011,UT,f,UT05149,Control,710,1
C2011,UT,f,UT05150,Control,629,1
C2011,UT,f,UT05151,Control,812,1
C2011,UT,f,UT05152,Control,1002,0
C2011,UT,f,UT05156,Control,995,1
C2011,UT,f,UT05157,Control,1014,1
C2011,UT,f,UT05158,Control,888,1
C2011,UT,f,UT05159,Control,941,1
C2011,UT,f,UT05197,Control,985,1
C2011,UT,f,UT05198,Control,870,1
C2011,UT,f,UT05199,Control,803,1
C2011,UT,f,UT05200,Control,1301,1
C2011,UT,f,UT05241,Control,776,1
C2011,UT,f,UT05242,Control,503,1
C2011,UT,f,UT05243,Control,851,1
C2011,UT,f,UT05244,Control,874,1
C2011,UT,f,UT05251,Control,827,1
C2011,UT,f,UT05252,Control,866,1
C2011,UT,f,UT05253,Control,757,1
C2011,UT,f,UT05254,Control,917,1
C2011,UT,f,UT05274,Control,931,1
C2011,UT,f,UT05275,Control,833,1
C2011,UT,f,UT05276,Control,658,1
C2011,UT,f,UT05277,Control,639,1
C2011,UT,f,UT05281,Control,787,1
C2011,UT,f,UT05282,Control,697,1
C2011,UT,f,UT05283,Control,822,1
C2011,UT,f,UT05284,Control,933,1
C2011,UT,f,UT05387,Control,1234,1
C2011,UT,f,UT05388,Control,862,1
C2011,UT,f,UT05389,Control,832,1
C2011,UT,f,UT05390,Control,1193,1
C2011,UT,f,UT05408,Control,827,1
C2011,UT,f,UT05409,Control,952,1
C2011,UT,f,UT05410,Control,956,1
C2011,UT,f,UT05411,Control,862,1
C2011,UT,f,UT05455,Control,857,1
C2011,UT,f,UT05456,Control,926,1
C2011,UT,f,UT05457,Control,647,1
C2011,UT,f,UT05458,Control,868,1
C2011,UT,f,UT05492,Control,1005,1
C2011,UT,f,UT05493,Control,1050,1
C2011,UT,f,UT05494,Control,564,1
C2011,UT,f,UT05495,Control,791,1
C2011,UT,f,UT05513,Control,729,1
C2011,UT,f,UT05514,Control,628,1
C2011,UT,f,UT05515,Control,955,1
C2011,UT,f,UT05516,Control,518,1
C2011,UT,f,UT05523,Control,796,1
C2011,UT,f,UT05524,Control,1094,1
C2011,UT,f,UT05525,Control,938,1
C2011,UT,f,UT05526,Control,680,1
C2011,UT,m,UT04936,Control,664,1
C2011,UT,m,UT04937,Control,595,1
C2011,UT,m,UT04938,Control,693,1
C2011,UT,m,UT04942,Control,790,1
C2011,UT,m,UT04943,Control,1031,1
C2011,UT,m,UT04944,Control,816,1
C2011,UT,m,UT04949,Control,1011,1
C2011,UT,m,UT04950,Control,881,1
C2011,UT,m,UT04951,Control,895,1
C2011,UT,m,UT04983,Control,616,1
C2011,UT,m,UT04984,Control,712,1
C2011,UT,m,UT04985,Control,581,1
C2011,UT,m,UT05001,Control,917,1
C2011,UT,m,UT05002,Control,973,1
C2011,UT,m,UT05003,Control,887,1
C2011,UT,m,UT05018,Control,1081,1
C2011,UT,m,UT05019,Control,673,1
C2011,UT,m,UT05020,Control,1186,1
C2011,UT,m,UT05027,Control,803,1
C2011,UT,m,UT05028,Control,791,1
C2011,UT,m,UT05029,Control,690,1
C2011,UT,m,UT05034,Control,1077,1
C2011,UT,m,UT05035,Control,412,1
C2011,UT,m,UT05036,Control,765,1
C2011,UT,m,UT05037,Control,388,1
C2011,UT,m,UT05038,Control,675,1
C2011,UT,m,UT05039,Control,569,1
C2011,UT,m,UT05062,Control,857,1
C2011,UT,m,UT05063,Control,605,1
C2011,UT,m,UT05064,Control,463,1
C2011,UT,m,UT05071,Control,585,1
C2011,UT,m,UT05072,Control,266,1
C2011,UT,m,UT05073,Control,789,1
C2011,UT,m,UT05086,Control,746,1
C2011,UT,m,UT05087,Control,325,1
C2011,UT,m,UT05088,Control,629,1
C2011,UT,m,UT05106,Control,335,1
C2011,UT,m,UT05107,Control,880,1
C2011,UT,m,UT05108,Control,354,1
C2011,UT,m,UT05109,Control,1014,1
C2011,UT,m,UT05110,Control,395,1
C2011,UT,m,UT05111,Control,879,1
C2011,UT,m,UT05122,Control,372,1
C2011,UT,m,UT05123,Control,385,1
C2011,UT,m,UT05124,Control,382,1
C2011,UT,m,UT05136,Control,928,1
C2011,UT,m,UT05137,Control,1026,1
C2011,UT,m,UT05138,Control,868,1
C2011,UT,m,UT05170,Control,448,1
C2011,UT,m,UT05171,Control,630,1
C2011,UT,m,UT05172,Control,214,1
C2011,UT,m,UT05201,Control,421,1
C2011,UT,m,UT05202,Control,831,1
C2011,UT,m,UT05203,Control,639,1
C2011,UT,m,UT05229,Control,972,1
C2011,UT,m,UT05230,Control,299,1
C2011,UT,m,UT05231,Control,492,1
C2011,UT,m,UT05255,Control,646,1
C2011,UT,m,UT05256,Control,738,1
C2011,UT,m,UT05257,Control,463,1
C2011,UT,m,UT05271,Control,550,1
C2011,UT,m,UT05272,Control,1057,1
C2011,UT,m,UT05273,Control,821,1
C2011,UT,m,UT05278,Control,1013,1
C2011,UT,m,UT05279,Control,802,1
C2011,UT,m,UT05280,Control,1063,1
C2011,UT,m,UT05321,Control,334,1
C2011,UT,m,UT05322,Control,653,1
C2011,UT,m,UT05323,Control,603,1
C2011,UT,m,UT05340,Control,750,1
C2011,UT,m,UT05341,Control,761,1
C2011,UT,m,UT05342,Control,674,1
C2011,UT,m,UT05367,Control,810,1
C2011,UT,m,UT05368,Control,1129,1
C2011,UT,m,UT05369,Control,622,1
C2011,UT,m,UT05384,Control,918,1
C2011,UT,m,UT05385,Control,737,1
C2011,UT,m,UT05386,Control,530,1
C2011,UT,m,UT05405,Control,785,1
C2011,UT,m,UT05406,Control,820,1
C2011,UT,m,UT05407,Control,851,1
C2011,UT,m,UT05412,Control,495,1
C2011,UT,m,UT05413,Control,604,1
C2011,UT,m,UT05414,Control,404,1
C2011,UT,m,UT05452,Control,542,1
C2011,UT,m,UT05453,Control,371,1
C2011,UT,m,UT05454,Control,969,1
C2011,UT,m,UT05472,Control,715,1
C2011,UT,m,UT05473,Control,828,1
C2011,UT,m,UT05474,Control,348,1
C2011,UT,m,UT05534,Control,840,1
C2011,UT,m,UT05535,Control,577,1
C2011,UT,m,UT05536,Control,715,1
C2011,UT,m,UT05540,Control,904,1
C2011,UT,m,UT05541,Control,716,1
C2011,UT,m,UT05542,Control,826,1
C2011,UT,m,UT05543,Control,447,1
C2011,UT,m,UT05544,Control,587,1
C2011,UT,m,UT05545,Control,753,1
C2011,TJL,f,JL07049,Met,1038,1
C2011,TJL,f,JL07050,Met,351,1
C2011,TJL,f,JL07051,Met,988,1
C2011,TJL,f,JL07052,Met,841,1
C2011,TJL,f,JL07149,Met,1032,1
C2011,TJL,f,JL07150,Met,895,1
C2011,TJL,f,JL07151,Met,798,1
C2011,TJL,f,JL07152,Met,651,1
C2011,TJL,f,JL07153,Met,987,1
C2011,TJL,f,JL07154,Met,735,1
C2011,TJL,f,JL07155,Met,757,1
C2011,TJL,f,JL07156,Met,1113,1
C2011,TJL,f,JL07190,Met,726,1
C2011,TJL,f,JL07191,Met,1070,1
C2011,TJL,f,JL07192,Met,754,1
C2011,TJL,f,JL07193,Met,938,1
C2011,TJL,f,JL07259,Met,627,1
C2011,TJL,f,JL07260,Met,774,1
C2011,TJL,f,JL07261,Met,768,1
C2011,TJL,f,JL07262,Met,906,1
C2011,TJL,f,JL07288,Met,754,1
C2011,TJL,f,JL07289,Met,1068,1
C2011,TJL,f,JL07290,Met,816,1
C2011,TJL,f,JL07291,Met,900,1
C2011,TJL,f,JL07426,Met,1259,1
C2011,TJL,f,JL07427,Met,798,1
C2011,TJL,f,JL07428,Met,1128,1
C2011,TJL,f,JL07429,Met,679,1
C2011,TJL,f,JL07524,Met,819,1
C2011,TJL,f,JL07525,Met,797,1
C2011,TJL,f,JL07526,Met,560,1
C2011,TJL,f,JL07527,Met,926,1
C2011,TJL,f,JL07528,Met,904,1
C2011,TJL,f,JL07529,Met,1036,1
C2011,TJL,f,JL07530,Met,960,1
C2011,TJL,f,JL07531,Met,801,1
C2011,TJL,f,JL07552,Met,1010,1
C2011,TJL,f,JL07553,Met,518,1
C2011,TJL,f,JL07554,Met,881,1
C2011,TJL,f,JL07555,Met,1155,1
C2011,TJL,f,JL07607,Met,994,1
C2011,TJL,f,JL07608,Met,876,1
C2011,TJL,f,JL07609,Met,763,1
C2011,TJL,f,JL07610,Met,1077,1
C2011,TJL,f,JL07765,Met,760,1
C2011,TJL,f,JL07766,Met,858,1
C2011,TJL,f,JL07767,Met,858,1
C2011,TJL,f,JL07768,Met,1193,1
C2011,TJL,m,JL07062,Met,925,1
C2011,TJL,m,JL07063,Met,652,1
C2011,TJL,m,JL07064,Met,928,1
C2011,TJL,m,JL07086,Met,775,1
C2011,TJL,m,JL07087,Met,655,0
C2011,TJL,m,JL07088,Met,541,1
C2011,TJL,m,JL07142,Met,890,1
C2011,TJL,m,JL07143,Met,784,1
C2011,TJL,m,JL07144,Met,917,1
C2011,TJL,m,JL07169,Met,960,1
C2011,TJL,m,JL07170,Met,1029,1
C2011,TJL,m,JL07171,Met,840,1
C2011,TJL,m,JL07317,Met,892,1
C2011,TJL,m,JL07318,Met,1026,1
C2011,TJL,m,JL07319,Met,1152,1
C2011,TJL,m,JL07376,Met,1189,1
C2011,TJL,m,JL07377,Met,531,1
C2011,TJL,m,JL07378,Met,455,1
C2011,TJL,m,JL07397,Met,836,1
C2011,TJL,m,JL07398,Met,1209,1
C2011,TJL,m,JL07399,Met,550,1
C2011,TJL,m,JL07423,Met,348,1
C2011,TJL,m,JL07424,Met,853,1
C2011,TJL,m,JL07425,Met,704,1
C2011,TJL,m,JL07465,Met,1066,1
C2011,TJL,m,JL07466,Met,980,1
C2011,TJL,m,JL07467,Met,939,1
C2011,TJL,m,JL07483,Met,680,1
C2011,TJL,m,JL07484,Met,1168,1
C2011,TJL,m,JL07485,Met,721,1
C2011,TJL,m,JL07563,Met,385,1
C2011,TJL,m,JL07564,Met,966,1
C2011,TJL,m,JL07565,Met,1144,1
C2011,TJL,m,JL07584,Met,721,1
C2011,TJL,m,JL07585,Met,904,1
C2011,TJL,m,JL07586,Met,855,1
C2011,TJL,m,JL07646,Met,1027,1
C2011,TJL,m,JL07647,Met,935,1
C2011,TJL,m,JL07648,Met,892,1
C2011,TJL,m,JL07673,Met,500,1
C2011,TJL,m,JL07674,Met,746,1
C2011,TJL,m,JL07675,Met,804,1
C2011,TJL,m,JL07706,Met,644,1
C2011,TJL,m,JL07707,Met,391,1
C2011,TJL,m,JL07708,Met,989,1
C2011,TJL,m,JL07740,Met,991,1
C2011,TJL,m,JL07741,Met,859,1
C2011,TJL,m,JL07742,Met,273,1
C2011,TJL,m,JL07754,Met,693,1
C2011,TJL,m,JL07755,Met,630,1
C2011,TJL,m,JL07756,Met,1093,1
C2011,TJL,m,JL07792,Met,522,1
C2011,TJL,m,JL07793,Met,1032,1
C2011,TJL,m,JL07794,Met,969,1
C2011,UM,f,UM34006,Met,938,1
C2011,UM,f,UM34013,Met,1249,1
C2011,UM,f,UM34020,Met,711,1
C2011,UM,f,UM34027,Met,576,1
C2011,UM,f,UM34573,Met,860,1
C2011,UM,f,UM34580,Met,1142,1
C2011,UM,f,UM34587,Met,793,1
C2011,UM,f,UM34594,Met,1092,1
C2011,UM,f,UM34713,Met,364,1
C2011,UM,f,UM34720,Met,821,1
C2011,UM,f,UM34727,Met,956,1
C2011,UM,f,UM34734,Met,840,1
C2011,UM,f,UM34741,Met,656,1
C2011,UM,f,UM34748,Met,811,1
C2011,UM,f,UM34755,Met,966,1
C2011,UM,f,UM34762,Met,910,1
C2011,UM,f,UM36561,Met,796,1
C2011,UM,f,UM36568,Met,949,1
C2011,UM,f,UM36575,Met,1083,1
C2011,UM,f,UM36582,Met,805,1
C2011,UM,f,UM36946,Met,1005,1
C2011,UM,f,UM36953,Met,886,1
C2011,UM,f,UM36960,Met,830,1
C2011,UM,f,UM36967,Met,963,1
C2011,UM,f,UM37590,Met,562,1
C2011,UM,f,UM37597,Met,1018,1
C2011,UM,f,UM37604,Met,806,1
C2011,UM,f,UM37611,Met,865,1
C2011,UM,f,UM37807,Met,838,1
C2011,UM,f,UM37814,Met,692,1
C2011,UM,f,UM37821,Met,839,1
C2011,UM,f,UM37828,Met,1254,1
C2011,UM,f,UM37989,Met,1108,1
C2011,UM,f,UM37996,Met,1155,1
C2011,UM,f,UM38003,Met,1042,1
C2011,UM,f,UM38010,Met,807,1
C2011,UM,f,UM38129,Met,819,1
C2011,UM,f,UM38136,Met,722,1
C2011,UM,f,UM38143,Met,1034,1
C2011,UM,f,UM38150,Met,783,1
C2011,UM,f,UM38206,Met,1143,1
C2011,UM,f,UM38213,Met,1096,1
C2011,UM,f,UM38220,Met,864,1
C2011,UM,f,UM38227,Met,892,1
C2011,UM,f,UM38591,Met,728,1
C2011,UM,f,UM38598,Met,953,1
C2011,UM,f,UM38605,Met,749,1
C2011,UM,f,UM38612,Met,714,1
C2011,UM,f,UM38619,Met,566,0
C2011,UM,f,UM38626,Met,984,1
C2011,UM,f,UM38633,Met,566,0
C2011,UM,f,UM38640,Met,566,0
C2011,UM,m,UM34279,Met,807,1
C2011,UM,m,UM34286,Met,800,1
C2011,UM,m,UM34293,Met,912,1
C2011,UM,m,UM34440,Met,648,1
C2011,UM,m,UM34447,Met,752,1
C2011,UM,m,UM34454,Met,907,1
C2011,UM,m,UM34531,Met,1017,1
C2011,UM,m,UM34538,Met,764,1
C2011,UM,m,UM34545,Met,1115,1
C2011,UM,m,UM35259,Met,371,0
C2011,UM,m,UM35266,Met,371,0
C2011,UM,m,UM35273,Met,371,0
C2011,UM,m,UM35637,Met,289,0
C2011,UM,m,UM35644,Met,289,0
C2011,UM,m,UM35651,Met,289,0
C2011,UM,m,UM35784,Met,718,1
C2011,UM,m,UM35791,Met,1061,1
C2011,UM,m,UM35798,Met,1040,1
C2011,UM,m,UM35931,Met,855,1
C2011,UM,m,UM35938,Met,913,1
C2011,UM,m,UM35945,Met,792,1
C2011,UM,m,UM36218,Met,1102,1
C2011,UM,m,UM36225,Met,625,1
C2011,UM,m,UM36232,Met,1049,1
C2011,UM,m,UM36456,Met,903,1
C2011,UM,m,UM36463,Met,505,1
C2011,UM,m,UM36470,Met,989,1
C2011,UM,m,UM36589,Met,938,1
C2011,UM,m,UM36596,Met,936,1
C2011,UM,m,UM36603,Met,861,1
C2011,UM,m,UM36785,Met,1038,1
C2011,UM,m,UM36792,Met,410,0
C2011,UM,m,UM36799,Met,851,1
C2011,UM,m,UM36974,Met,1233,1
C2011,UM,m,UM36981,Met,1081,1
C2011,UM,m,UM36988,Met,853,1
C2011,UM,m,UM37198,Met,355,1
C2011,UM,m,UM37205,Met,828,1
C2011,UM,m,UM37212,Met,922,1
C2011,UM,m,UM37436,Met,327,0
C2011,UM,m,UM37443,Met,327,0
C2011,UM,m,UM37450,Met,327,0
C2011,UM,m,UM37457,Met,686,1
C2011,UM,m,UM37464,Met,1025,1
C2011,UM,m,UM37471,Met,363,1
C2011,UM,m,UM37737,Met,414,1
C2011,UM,m,UM37744,Met,950,1
C2011,UM,m,UM37751,Met,1044,1
C2011,UM,m,UM37898,Met,636,1
C2011,UM,m,UM37905,Met,332,1
C2011,UM,m,UM37912,Met,745,1
C2011,UM,m,UM38703,Met,642,1
C2011,UM,m,UM38710,Met,823,1
C2011,UM,m,UM38717,Met,339,1
C2011,UM,m,UM38773,Met,1019,1
C2011,UM,m,UM38780,Met,1035,1
C2011,UM,m,UM38787,Met,708,1
C2011,UT,f,UT04986,Met,884,1
C2011,UT,f,UT04987,Met,834,1
C2011,UT,f,UT04988,Met,758,1
C2011,UT,f,UT04989,Met,862,1
C2011,UT,f,UT05004,Met,409,1
C2011,UT,f,UT05005,Met,807,1
C2011,UT,f,UT05006,Met,978,1
C2011,UT,f,UT05007,Met,586,1
C2011,UT,f,UT05051,Met,977,1
C2011,UT,f,UT05052,Met,942,1
C2011,UT,f,UT05053,Met,859,1
C2011,UT,f,UT05054,Met,768,1
C2011,UT,f,UT05074,Met,708,1
C2011,UT,f,UT05075,Met,785,1
C2011,UT,f,UT05076,Met,569,1
C2011,UT,f,UT05077,Met,727,1
C2011,UT,f,UT05112,Met,997,1
C2011,UT,f,UT05113,Met,1046,1
C2011,UT,f,UT05114,Met,803,1
C2011,UT,f,UT05115,Met,984,1
C2011,UT,f,UT05180,Met,1030,1
C2011,UT,f,UT05181,Met,977,1
C2011,UT,f,UT05182,Met,1026,1
C2011,UT,f,UT05183,Met,888,0
C2011,UT,f,UT05204,Met,779,1
C2011,UT,f,UT05205,Met,950,1
C2011,UT,f,UT05206,Met,660,1
C2011,UT,f,UT05207,Met,824,1
C2011,UT,f,UT05356,Met,479,1
C2011,UT,f,UT05357,Met,901,1
C2011,UT,f,UT05358,Met,868,1
C2011,UT,f,UT05359,Met,996,1
C2011,UT,f,UT05425,Met,1078,1
C2011,UT,f,UT05426,Met,919,1
C2011,UT,f,UT05427,Met,643,1
C2011,UT,f,UT05428,Met,922,1
C2011,UT,f,UT05448,Met,943,1
C2011,UT,f,UT05449,Met,976,1
C2011,UT,f,UT05450,Met,875,1
C2011,UT,f,UT05451,Met,1078,1
C2011,UT,f,UT05499,Met,940,1
C2011,UT,f,UT05500,Met,934,1
C2011,UT,f,UT05501,Met,984,1
C2011,UT,f,UT05502,Met,833,1
C2011,UT,m,UT04867,Met,393,1
C2011,UT,m,UT04868,Met,884,1
C2011,UT,m,UT04869,Met,394,1
C2011,UT,m,UT04888,Met,217,0
C2011,UT,m,UT04889,Met,217,0
C2011,UT,m,UT04890,Met,217,0
C2011,UT,m,UT05015,Met,371,1
C2011,UT,m,UT05016,Met,695,1
C2011,UT,m,UT05017,Met,1099,1
C2011,UT,m,UT05024,Met,723,1
C2011,UT,m,UT05025,Met,917,1
C2011,UT,m,UT05026,Met,451,1
C2011,UT,m,UT05096,Met,674,1
C2011,UT,m,UT05097,Met,582,1
C2011,UT,m,UT05098,Met,645,1
C2011,UT,m,UT05099,Met,884,1
C2011,UT,m,UT05100,Met,220,1
C2011,UT,m,UT05101,Met,872,1
C2011,UT,m,UT05116,Met,919,1
C2011,UT,m,UT05117,Met,818,1
C2011,UT,m,UT05118,Met,706,1
C2011,UT,m,UT05177,Met,834,1
C2011,UT,m,UT05178,Met,212,1
C2011,UT,m,UT05179,Met,939,1
C2011,UT,m,UT05191,Met,589,1
C2011,UT,m,UT05192,Met,513,1
C2011,UT,m,UT05193,Met,541,1
C2011,UT,m,UT05258,Met,442,1
C2011,UT,m,UT05259,Met,985,1
C2011,UT,m,UT05260,Met,874,1
C2011,UT,m,UT05265,Met,963,1
C2011,UT,m,UT05266,Met,443,1
C2011,UT,m,UT05267,Met,527,1
C2011,UT,m,UT05307,Met,851,1
C2011,UT,m,UT05308,Met,802,1
C2011,UT,m,UT05309,Met,607,1
C2011,UT,m,UT05360,Met,1006,1
C2011,UT,m,UT05361,Met,744,1
C2011,UT,m,UT05362,Met,986,1
C2011,UT,m,UT05370,Met,792,1
C2011,UT,m,UT05371,Met,742,1
C2011,UT,m,UT05372,Met,1004,1
C2011,UT,m,UT05439,Met,717,1
C2011,UT,m,UT05440,Met,943,1
C2011,UT,m,UT05441,Met,887,1
C2011,UT,m,UT05503,Met,847,1
C2011,UT,m,UT05504,Met,806,1
C2011,UT,m,UT05505,Met,787,1
C2011,UT,m,UT05510,Met,923,1
C2011,UT,m,UT05511,Met,695,1
C2011,UT,m,UT05512,Met,937,1
C2011,TJL,f,JL07029,MetRapa,1304,1
C2011,TJL,f,JL07030,MetRapa,732,1
C2011,TJL,f,JL07031,MetRapa,1016,1
C2011,TJL,f,JL07032,MetRapa,1192,1
C2011,TJL,f,JL07099,MetRapa,1134,1
C2011,TJL,f,JL07100,MetRapa,1212,1
C2011,TJL,f,JL07101,MetRapa,1003,1
C2011,TJL,f,JL07102,MetRapa,548,1
C2011,TJL,f,JL07352,MetRapa,1295,1
C2011,TJL,f,JL07353,MetRapa,1106,1
C2011,TJL,f,JL07354,MetRapa,1295,1
C2011,TJL,f,JL07355,MetRapa,1295,1
C2011,TJL,f,JL07415,MetRapa,823,1
C2011,TJL,f,JL07416,MetRapa,1151,1
C2011,TJL,f,JL07417,MetRapa,998,1
C2011,TJL,f,JL07418,MetRapa,1123,1
C2011,TJL,f,JL07447,MetRapa,820,1
C2011,TJL,f,JL07448,MetRapa,911,1
C2011,TJL,f,JL07449,MetRapa,1079,1
C2011,TJL,f,JL07450,MetRapa,973,1
C2011,TJL,f,JL07512,MetRapa,1273,1
C2011,TJL,f,JL07513,MetRapa,1169,1
C2011,TJL,f,JL07514,MetRapa,1246,1
C2011,TJL,f,JL07515,MetRapa,819,1
C2011,TJL,f,JL07516,MetRapa,882,1
C2011,TJL,f,JL07517,MetRapa,1197,1
C2011,TJL,f,JL07518,MetRapa,882,1
C2011,TJL,f,JL07519,MetRapa,784,1
C2011,TJL,f,JL07520,MetRapa,1092,1
C2011,TJL,f,JL07521,MetRapa,1050,1
C2011,TJL,f,JL07522,MetRapa,1269,1
C2011,TJL,f,JL07523,MetRapa,980,1
C2011,TJL,f,JL07611,MetRapa,1019,1
C2011,TJL,f,JL07612,MetRapa,1214,1
C2011,TJL,f,JL07613,MetRapa,543,1
C2011,TJL,f,JL07614,MetRapa,1138,1
C2011,TJL,f,JL07721,MetRapa,1195,1
C2011,TJL,f,JL07722,MetRapa,746,1
C2011,TJL,f,JL07723,MetRapa,845,1
C2011,TJL,f,JL07724,MetRapa,1355,1
C2011,TJL,f,JL07761,MetRapa,949,1
C2011,TJL,f,JL07762,MetRapa,943,1
C2011,TJL,f,JL07763,MetRapa,831,1
C2011,TJL,f,JL07764,MetRapa,1305,1
C2011,TJL,f,JL07818,MetRapa,1200,1
C2011,TJL,f,JL07819,MetRapa,680,1
C2011,TJL,f,JL07820,MetRapa,1266,1
C2011,TJL,f,JL07821,MetRapa,1241,1
C2011,TJL,m,JL07068,MetRapa,1205,1
C2011,TJL,m,JL07069,MetRapa,652,1
C2011,TJL,m,JL07070,MetRapa,288,1
C2011,TJL,m,JL07115,MetRapa,862,1
C2011,TJL,m,JL07116,MetRapa,428,1
C2011,TJL,m,JL07117,MetRapa,867,1
C2011,TJL,m,JL07127,MetRapa,358,1
C2011,TJL,m,JL07128,MetRapa,1270,1
C2011,TJL,m,JL07129,MetRapa,1109,1
C2011,TJL,m,JL07172,MetRapa,1176,1
C2011,TJL,m,JL07173,MetRapa,1282,1
C2011,TJL,m,JL07174,MetRapa,358,1
C2011,TJL,m,JL07409,MetRapa,995,1
C2011,TJL,m,JL07410,MetRapa,273,1
C2011,TJL,m,JL07411,MetRapa,1071,1
C2011,TJL,m,JL07412,MetRapa,1135,1
C2011,TJL,m,JL07413,MetRapa,749,1
C2011,TJL,m,JL07414,MetRapa,1108,1
C2011,TJL,m,JL07477,MetRapa,1183,1
C2011,TJL,m,JL07478,MetRapa,987,1
C2011,TJL,m,JL07479,MetRapa,976,1
C2011,TJL,m,JL07560,MetRapa,1219,1
C2011,TJL,m,JL07561,MetRapa,815,1
C2011,TJL,m,JL07562,MetRapa,1219,1
C2011,TJL,m,JL07566,MetRapa,644,1
C2011,TJL,m,JL07567,MetRapa,1247,1
C2011,TJL,m,JL07568,MetRapa,1169,1
C2011,TJL,m,JL07569,MetRapa,1023,1
C2011,TJL,m,JL07570,MetRapa,812,1
C2011,TJL,m,JL07571,MetRapa,926,1
C2011,TJL,m,JL07578,MetRapa,1162,1
C2011,TJL,m,JL07579,MetRapa,281,1
C2011,TJL,m,JL07580,MetRapa,1071,1
C2011,TJL,m,JL07643,MetRapa,1195,1
C2011,TJL,m,JL07644,MetRapa,1242,1
C2011,TJL,m,JL07645,MetRapa,1201,1
C2011,TJL,m,JL07649,MetRapa,627,1
C2011,TJL,m,JL07650,MetRapa,1139,1
C2011,TJL,m,JL07651,MetRapa,837,1
C2011,TJL,m,JL07655,MetRapa,883,1
C2011,TJL,m,JL07656,MetRapa,763,1
C2011,TJL,m,JL07657,MetRapa,1197,1
C2011,TJL,m,JL07664,MetRapa,1080,1
C2011,TJL,m,JL07665,MetRapa,559,1
C2011,TJL,m,JL07666,MetRapa,1107,1
C2011,TJL,m,JL07676,MetRapa,1160,1
C2011,TJL,m,JL07677,MetRapa,1270,1
C2011,TJL,m,JL07678,MetRapa,804,1
C2011,TJL,m,JL07682,MetRapa,934,1
C2011,TJL,m,JL07683,MetRapa,1037,1
C2011,TJL,m,JL07684,MetRapa,882,1
C2011,TJL,m,JL07807,MetRapa,1090,1
C2011,TJL,m,JL07808,MetRapa,1082,1
C2011,TJL,m,JL07809,MetRapa,501,1
C2011,UM,f,UM34153,MetRapa,1226,1
C2011,UM,f,UM34160,MetRapa,520,1
C2011,UM,f,UM34167,MetRapa,1228,1
C2011,UM,f,UM34174,MetRapa,1103,1
C2011,UM,f,UM34909,MetRapa,980,1
C2011,UM,f,UM34916,MetRapa,1090,1
C2011,UM,f,UM34923,MetRapa,929,1
C2011,UM,f,UM34930,MetRapa,1005,1
C2011,UM,f,UM35406,MetRapa,933,1
C2011,UM,f,UM35413,MetRapa,1049,1
C2011,UM,f,UM35420,MetRapa,634,1
C2011,UM,f,UM35427,MetRapa,1255,1
C2011,UM,f,UM35658,MetRapa,1091,1
C2011,UM,f,UM35665,MetRapa,778,1
C2011,UM,f,UM35672,MetRapa,702,1
C2011,UM,f,UM35679,MetRapa,1156,1
C2011,UM,f,UM35826,MetRapa,1199,1
C2011,UM,f,UM35833,MetRapa,1413,1
C2011,UM,f,UM35840,MetRapa,1003,1
C2011,UM,f,UM35847,MetRapa,1018,1
C2011,UM,f,UM36134,MetRapa,1103,1
C2011,UM,f,UM36141,MetRapa,1179,1
C2011,UM,f,UM36148,MetRapa,44,0
C2011,UM,f,UM36155,MetRapa,1189,1
C2011,UM,f,UM36162,MetRapa,918,1
C2011,UM,f,UM36169,MetRapa,1096,1
C2011,UM,f,UM36176,MetRapa,1284,1
C2011,UM,f,UM36183,MetRapa,1249,1
C2011,UM,f,UM36239,MetRapa,1168,1
C2011,UM,f,UM36246,MetRapa,1179,1
C2011,UM,f,UM36253,MetRapa,1038,1
C2011,UM,f,UM36260,MetRapa,1042,1
C2011,UM,f,UM36267,MetRapa,1235,1
C2011,UM,f,UM36274,MetRapa,1211,1
C2011,UM,f,UM36281,MetRapa,1199,1
C2011,UM,f,UM36288,MetRapa,149,1
C2011,UM,f,UM36407,MetRapa,1196,1
C2011,UM,f,UM36414,MetRapa,1168,1
C2011,UM,f,UM36421,MetRapa,1074,1
C2011,UM,f,UM36428,MetRapa,1256,1
C2011,UM,f,UM36848,MetRapa,591,1
C2011,UM,f,UM36855,MetRapa,897,1
C2011,UM,f,UM36862,MetRapa,1079,1
C2011,UM,f,UM36869,MetRapa,987,0
C2011,UM,f,UM38542,MetRapa,1142,1
C2011,UM,f,UM38549,MetRapa,1235,1
C2011,UM,f,UM38556,MetRapa,839,1
C2011,UM,f,UM38563,MetRapa,993,1
C2011,UM,f,UM38675,MetRapa,990,1
C2011,UM,f,UM38682,MetRapa,766,1
C2011,UM,f,UM38689,MetRapa,1123,1
C2011,UM,f,UM38696,MetRapa,1232,1
C2011,UM,m,UM33838,MetRapa,323,0
C2011,UM,m,UM33845,MetRapa,323,0
C2011,UM,m,UM33852,MetRapa,282,1
C2011,UM,m,UM34090,MetRapa,1169,1
C2011,UM,m,UM34097,MetRapa,1083,1
C2011,UM,m,UM34104,MetRapa,1021,1
C2011,UM,m,UM34111,MetRapa,271,1
C2011,UM,m,UM34118,MetRapa,1094,1
C2011,UM,m,UM34125,MetRapa,794,1
C2011,UM,m,UM34132,MetRapa,1224,1
C2011,UM,m,UM34139,MetRapa,1191,1
C2011,UM,m,UM34146,MetRapa,1353,1
C2011,UM,m,UM34349,MetRapa,1141,1
C2011,UM,m,UM34356,MetRapa,1031,1
C2011,UM,m,UM34363,MetRapa,1181,1
C2011,UM,m,UM34552,MetRapa,675,1
C2011,UM,m,UM34559,MetRapa,1021,1
C2011,UM,m,UM34566,MetRapa,671,1
C2011,UM,m,UM34601,MetRapa,1208,1
C2011,UM,m,UM34608,MetRapa,774,1
C2011,UM,m,UM34615,MetRapa,1119,1
C2011,UM,m,UM34671,MetRapa,615,1
C2011,UM,m,UM34678,MetRapa,938,1
C2011,UM,m,UM34685,MetRapa,999,1
C2011,UM,m,UM34769,MetRapa,797,0
C2011,UM,m,UM34776,MetRapa,629,1
C2011,UM,m,UM34783,MetRapa,797,0
C2011,UM,m,UM34860,MetRapa,1006,1
C2011,UM,m,UM34867,MetRapa,1161,1
C2011,UM,m,UM34874,MetRapa,1155,1
C2011,UM,m,UM34965,MetRapa,1271,1
C2011,UM,m,UM34972,MetRapa,997,1
C2011,UM,m,UM34979,MetRapa,810,1
C2011,UM,m,UM35735,MetRapa,715,1
C2011,UM,m,UM35742,MetRapa,669,1
C2011,UM,m,UM35749,MetRapa,803,1
C2011,UM,m,UM36001,MetRapa,1180,1
C2011,UM,m,UM36008,MetRapa,1111,1
C2011,UM,m,UM36015,MetRapa,1268,1
C2011,UM,m,UM36925,MetRapa,1203,1
C2011,UM,m,UM36932,MetRapa,1095,1
C2011,UM,m,UM36939,MetRapa,1047,1
C2011,UM,m,UM37688,MetRapa,570,1
C2011,UM,m,UM37695,MetRapa,642,1
C2011,UM,m,UM37702,MetRapa,497,1
C2011,UM,m,UM37786,MetRapa,916,1
C2011,UM,m,UM37793,MetRapa,909,1
C2011,UM,m,UM37800,MetRapa,1039,1
C2011,UM,m,UM38430,MetRapa,1098,1
C2011,UM,m,UM38437,MetRapa,1069,1
C2011,UM,m,UM38444,MetRapa,290,1
C2011,UM,m,UM38521,MetRapa,1115,1
C2011,UM,m,UM38528,MetRapa,641,1
C2011,UM,m,UM38535,MetRapa,987,1
C2011,UM,m,UM38724,MetRapa,1046,1
C2011,UM,m,UM38731,MetRapa,852,1
C2011,UM,m,UM38738,MetRapa,1224,1
C2011,UT,f,UT04891,MetRapa,1225,1
C2011,UT,f,UT04892,MetRapa,1226,1
C2011,UT,f,UT04893,MetRapa,880,1
C2011,UT,f,UT04894,MetRapa,856,1
C2011,UT,f,UT04905,MetRapa,707,1
C2011,UT,f,UT04906,MetRapa,758,1
C2011,UT,f,UT04907,MetRapa,1053,1
C2011,UT,f,UT04908,MetRapa,1014,1
C2011,UT,f,UT04945,MetRapa,1157,1
C2011,UT,f,UT04946,MetRapa,983,1
C2011,UT,f,UT04947,MetRapa,1175,1
C2011,UT,f,UT04948,MetRapa,1109,1
C2011,UT,f,UT05187,MetRapa,921,1
C2011,UT,f,UT05188,MetRapa,1195,1
C2011,UT,f,UT05189,MetRapa,952,1
C2011,UT,f,UT05190,MetRapa,1158,1
C2011,UT,f,UT05211,MetRapa,489,1
C2011,UT,f,UT05212,MetRapa,1272,1
C2011,UT,f,UT05213,MetRapa,1287,1
C2011,UT,f,UT05214,MetRapa,1384,1
C2011,UT,f,UT05285,MetRapa,1155,1
C2011,UT,f,UT05286,MetRapa,880,1
C2011,UT,f,UT05287,MetRapa,834,1
C2011,UT,f,UT05288,MetRapa,1054,1
C2011,UT,f,UT05292,MetRapa,1037,1
C2011,UT,f,UT05293,MetRapa,1116,1
C2011,UT,f,UT05294,MetRapa,1108,1
C2011,UT,f,UT05295,MetRapa,854,1
C2011,UT,f,UT05303,MetRapa,1081,1
C2011,UT,f,UT05304,MetRapa,1171,1
C2011,UT,f,UT05305,MetRapa,749,1
C2011,UT,f,UT05306,MetRapa,914,1
C2011,UT,f,UT05373,MetRapa,1355,1
C2011,UT,f,UT05374,MetRapa,1330,1
C2011,UT,f,UT05375,MetRapa,1055,1
C2011,UT,f,UT05376,MetRapa,1367,1
C2011,UT,f,UT05432,MetRapa,992,1
C2011,UT,f,UT05433,MetRapa,1065,1
C2011,UT,f,UT05434,MetRapa,972,1
C2011,UT,f,UT05435,MetRapa,972,1
C2011,UT,f,UT05506,MetRapa,1147,1
C2011,UT,f,UT05507,MetRapa,972,1
C2011,UT,f,UT05508,MetRapa,683,1
C2011,UT,f,UT05509,MetRapa,830,1
C2011,UT,m,UT04874,MetRapa,1037,1
C2011,UT,m,UT04875,MetRapa,555,1
C2011,UT,m,UT04876,MetRapa,987,1
C2011,UT,m,UT04920,MetRapa,766,1
C2011,UT,m,UT04921,MetRapa,743,1
C2011,UT,m,UT04922,MetRapa,760,1
C2011,UT,m,UT04994,MetRapa,389,1
C2011,UT,m,UT04995,MetRapa,713,1
C2011,UT,m,UT04996,MetRapa,1096,1
C2011,UT,m,UT05021,MetRapa,791,1
C2011,UT,m,UT05022,MetRapa,332,1
C2011,UT,m,UT05023,MetRapa,343,1
C2011,UT,m,UT05044,MetRapa,943,1
C2011,UT,m,UT05045,MetRapa,622,1
C2011,UT,m,UT05046,MetRapa,735,1
C2011,UT,m,UT05119,MetRapa,773,1
C2011,UT,m,UT05120,MetRapa,986,1
C2011,UT,m,UT05121,MetRapa,827,1
C2011,UT,m,UT05142,MetRapa,253,1
C2011,UT,m,UT05143,MetRapa,759,1
C2011,UT,m,UT05144,MetRapa,241,1
C2011,UT,m,UT05238,MetRapa,1194,1
C2011,UT,m,UT05239,MetRapa,335,1
C2011,UT,m,UT05240,MetRapa,921,1
C2011,UT,m,UT05268,MetRapa,589,1
C2011,UT,m,UT05269,MetRapa,887,1
C2011,UT,m,UT05270,MetRapa,935,1
C2011,UT,m,UT05330,MetRapa,1233,1
C2011,UT,m,UT05331,MetRapa,990,1
C2011,UT,m,UT05332,MetRapa,1098,1
C2011,UT,m,UT05377,MetRapa,1241,1
C2011,UT,m,UT05378,MetRapa,906,1
C2011,UT,m,UT05379,MetRapa,955,1
C2011,UT,m,UT05429,MetRapa,971,1
C2011,UT,m,UT05430,MetRapa,726,1
C2011,UT,m,UT05431,MetRapa,657,1
C2011,UT,m,UT05445,MetRapa,527,1
C2011,UT,m,UT05446,MetRapa,806,1
C2011,UT,m,UT05447,MetRapa,982,1
C2011,UT,m,UT05459,MetRapa,958,1
C2011,UT,m,UT05460,MetRapa,999,1
C2011,UT,m,UT05461,MetRapa,489,1
C2011,UT,m,UT05479,MetRapa,768,1
C2011,UT,m,UT05480,MetRapa,864,1
C2011,UT,m,UT05481,MetRapa,294,1
C2011,UT,m,UT05517,MetRapa,884,1
C2011,UT,m,UT05518,MetRapa,1205,1
C2011,UT,m,UT05519,MetRapa,1199,1
C2011,UT,m,UT05527,MetRapa,910,1
C2011,UT,m,UT05528,MetRapa,362,1
C2011,UT,m,UT05529,MetRapa,921,1
C2011,TJL,f,JL07041,Prot,1114,1
C2011,TJL,f,JL07042,Prot,715,1
C2011,TJL,f,JL07043,Prot,672,1
C2011,TJL,f,JL07044,Prot,1065,1
C2011,TJL,f,JL07082,Prot,887,1
C2011,TJL,f,JL07083,Prot,1034,1
C2011,TJL,f,JL07084,Prot,906,1
C2011,TJL,f,JL07085,Prot,1020,1
C2011,TJL,f,JL07255,Prot,1256,1
C2011,TJL,f,JL07256,Prot,886,1
C2011,TJL,f,JL07257,Prot,868,1
C2011,TJL,f,JL07258,Prot,936,1
C2011,TJL,f,JL07296,Prot,1096,1
C2011,TJL,f,JL07297,Prot,851,1
C2011,TJL,f,JL07298,Prot,1075,1
C2011,TJL,f,JL07299,Prot,907,1
C2011,TJL,f,JL07344,Prot,595,1
C2011,TJL,f,JL07345,Prot,1254,1
C2011,TJL,f,JL07346,Prot,1246,1
C2011,TJL,f,JL07347,Prot,875,1
C2011,TJL,f,JL07385,Prot,818,1
C2011,TJL,f,JL07386,Prot,649,1
C2011,TJL,f,JL07387,Prot,857,1
C2011,TJL,f,JL07388,Prot,892,1
C2011,TJL,f,JL07393,Prot,924,1
C2011,TJL,f,JL07394,Prot,669,1
C2011,TJL,f,JL07395,Prot,719,1
C2011,TJL,f,JL07396,Prot,1158,1
C2011,TJL,f,JL07548,Prot,1291,1
C2011,TJL,f,JL07549,Prot,868,1
C2011,TJL,f,JL07550,Prot,1270,1
C2011,TJL,f,JL07551,Prot,884,1
C2011,TJL,f,JL07556,Prot,966,1
C2011,TJL,f,JL07557,Prot,617,1
C2011,TJL,f,JL07558,Prot,756,1
C2011,TJL,f,JL07559,Prot,1107,1
C2011,TJL,f,JL07639,Prot,693,1
C2011,TJL,f,JL07640,Prot,735,1
C2011,TJL,f,JL07641,Prot,841,1
C2011,TJL,f,JL07642,Prot,805,1
C2011,TJL,f,JL07713,Prot,913,1
C2011,TJL,f,JL07714,Prot,731,1
C2011,TJL,f,JL07715,Prot,913,1
C2011,TJL,f,JL07716,Prot,1013,1
C2011,TJL,f,JL07810,Prot,1156,1
C2011,TJL,f,JL07811,Prot,596,1
C2011,TJL,f,JL07812,Prot,652,1
C2011,TJL,f,JL07813,Prot,988,1
C2011,TJL,m,JL07020,Prot,754,1
C2011,TJL,m,JL07021,Prot,857,1
C2011,TJL,m,JL07022,Prot,768,1
C2011,TJL,m,JL07026,Prot,402,1
C2011,TJL,m,JL07027,Prot,1276,1
C2011,TJL,m,JL07028,Prot,765,1
C2011,TJL,m,JL07092,Prot,851,1
C2011,TJL,m,JL07093,Prot,1090,1
C2011,TJL,m,JL07094,Prot,656,1
C2011,TJL,m,JL07160,Prot,791,1
C2011,TJL,m,JL07161,Prot,1016,1
C2011,TJL,m,JL07162,Prot,680,1
C2011,TJL,m,JL07269,Prot,595,1
C2011,TJL,m,JL07270,Prot,1058,1
C2011,TJL,m,JL07271,Prot,959,1
C2011,TJL,m,JL07275,Prot,791,1
C2011,TJL,m,JL07276,Prot,1106,1
C2011,TJL,m,JL07277,Prot,418,1
C2011,TJL,m,JL07281,Prot,681,1
C2011,TJL,m,JL07282,Prot,636,1
C2011,TJL,m,JL07283,Prot,679,1
C2011,TJL,m,JL07459,Prot,924,1
C2011,TJL,m,JL07460,Prot,868,1
C2011,TJL,m,JL07461,Prot,1065,1
C2011,TJL,m,JL07471,Prot,659,1
C2011,TJL,m,JL07472,Prot,1273,1
C2011,TJL,m,JL07473,Prot,415,1
C2011,TJL,m,JL07486,Prot,580,1
C2011,TJL,m,JL07487,Prot,574,1
C2011,TJL,m,JL07488,Prot,1015,1
C2011,TJL,m,JL07575,Prot,567,1
C2011,TJL,m,JL07576,Prot,1323,1
C2011,TJL,m,JL07577,Prot,646,1
C2011,TJL,m,JL07581,Prot,715,1
C2011,TJL,m,JL07582,Prot,315,1
C2011,TJL,m,JL07583,Prot,791,1
C2011,TJL,m,JL07652,Prot,609,1
C2011,TJL,m,JL07653,Prot,399,1
C2011,TJL,m,JL07654,Prot,531,1
C2011,TJL,m,JL07658,Prot,1189,1
C2011,TJL,m,JL07659,Prot,1189,1
C2011,TJL,m,JL07660,Prot,259,1
C2011,TJL,m,JL07679,Prot,942,1
C2011,TJL,m,JL07680,Prot,1005,1
C2011,TJL,m,JL07681,Prot,1033,1
C2011,TJL,m,JL07691,Prot,500,1
C2011,TJL,m,JL07692,Prot,889,1
C2011,TJL,m,JL07693,Prot,797,1
C2011,TJL,m,JL07694,Prot,518,1
C2011,TJL,m,JL07695,Prot,729,1
C2011,TJL,m,JL07696,Prot,1189,1
C2011,TJL,m,JL07798,Prot,766,1
C2011,TJL,m,JL07799,Prot,676,1
C2011,TJL,m,JL07800,Prot,851,1
C2011,UM,f,UM34321,Prot,792,1
C2011,UM,f,UM34328,Prot,1148,1
C2011,UM,f,UM34335,Prot,905,1
C2011,UM,f,UM34342,Prot,885,1
C2011,UM,f,UM34881,Prot,872,1
C2011,UM,f,UM34888,Prot,958,1
C2011,UM,f,UM34895,Prot,778,1
C2011,UM,f,UM34902,Prot,904,1
C2011,UM,f,UM35056,Prot,862,1
C2011,UM,f,UM35063,Prot,836,1
C2011,UM,f,UM35070,Prot,701,1
C2011,UM,f,UM35077,Prot,927,1
C2011,UM,f,UM35280,Prot,942,1
C2011,UM,f,UM35287,Prot,981,1
C2011,UM,f,UM35294,Prot,973,1
C2011,UM,f,UM35301,Prot,789,1
C2011,UM,f,UM35588,Prot,41,0
C2011,UM,f,UM35595,Prot,765,1
C2011,UM,f,UM35602,Prot,1059,1
C2011,UM,f,UM35609,Prot,841,1
C2011,UM,f,UM35875,Prot,603,1
C2011,UM,f,UM35882,Prot,679,1
C2011,UM,f,UM35889,Prot,1021,1
C2011,UM,f,UM35896,Prot,1113,1
C2011,UM,f,UM36064,Prot,953,1
C2011,UM,f,UM36071,Prot,718,1
C2011,UM,f,UM36078,Prot,945,1
C2011,UM,f,UM36085,Prot,1116,1
C2011,UM,f,UM37093,Prot,847,1
C2011,UM,f,UM37100,Prot,1006,1
C2011,UM,f,UM37107,Prot,917,1
C2011,UM,f,UM37114,Prot,575,1
C2011,UM,f,UM37310,Prot,642,1
C2011,UM,f,UM37317,Prot,1171,1
C2011,UM,f,UM37324,Prot,1098,1
C2011,UM,f,UM37331,Prot,1139,1
C2011,UM,f,UM37618,Prot,1122,1
C2011,UM,f,UM37625,Prot,806,1
C2011,UM,f,UM37632,Prot,688,1
C2011,UM,f,UM37639,Prot,616,1
C2011,UM,f,UM38297,Prot,790,1
C2011,UM,f,UM38304,Prot,840,1
C2011,UM,f,UM38311,Prot,781,1
C2011,UM,f,UM38318,Prot,839,1
C2011,UM,m,UM33985,Prot,716,1
C2011,UM,m,UM33992,Prot,890,1
C2011,UM,m,UM33999,Prot,1007,1
C2011,UM,m,UM34300,Prot,1008,1
C2011,UM,m,UM34307,Prot,1177,1
C2011,UM,m,UM34314,Prot,1014,1
C2011,UM,m,UM34692,Prot,1184,1
C2011,UM,m,UM34699,Prot,870,1
C2011,UM,m,UM34706,Prot,691,1
C2011,UM,m,UM34818,Prot,1014,1
C2011,UM,m,UM34825,Prot,346,1
C2011,UM,m,UM34832,Prot,862,1
C2011,UM,m,UM35217,Prot,942,1
C2011,UM,m,UM35224,Prot,951,1
C2011,UM,m,UM35231,Prot,606,1
C2011,UM,m,UM35567,Prot,980,1
C2011,UM,m,UM35574,Prot,744,1
C2011,UM,m,UM35581,Prot,1087,1
C2011,UM,m,UM35714,Prot,895,1
C2011,UM,m,UM35721,Prot,925,1
C2011,UM,m,UM35728,Prot,998,1
C2011,UM,m,UM36113,Prot,589,1
C2011,UM,m,UM36120,Prot,1092,1
C2011,UM,m,UM36127,Prot,1091,1
C2011,UM,m,UM36358,Prot,945,1
C2011,UM,m,UM36365,Prot,937,1
C2011,UM,m,UM36372,Prot,935,1
C2011,UM,m,UM36806,Prot,40,0
C2011,UM,m,UM36813,Prot,837,1
C2011,UM,m,UM36820,Prot,906,1
C2011,UM,m,UM37268,Prot,1008,1
C2011,UM,m,UM37275,Prot,803,1
C2011,UM,m,UM37282,Prot,735,1
C2011,UM,m,UM37338,Prot,509,1
C2011,UM,m,UM37345,Prot,1147,1
C2011,UM,m,UM37352,Prot,887,1
C2011,UM,m,UM37506,Prot,1082,1
C2011,UM,m,UM37513,Prot,853,1
C2011,UM,m,UM37520,Prot,659,1
C2011,UM,m,UM37527,Prot,1049,1
C2011,UM,m,UM37534,Prot,952,1
C2011,UM,m,UM37541,Prot,789,1
C2011,UM,m,UM37548,Prot,808,1
C2011,UM,m,UM37555,Prot,498,1
C2011,UM,m,UM37562,Prot,1141,1
C2011,UM,m,UM37569,Prot,858,1
C2011,UM,m,UM37576,Prot,693,1
C2011,UM,m,UM37583,Prot,912,1
C2011,UM,m,UM37877,Prot,1212,1
C2011,UM,m,UM37884,Prot,1105,1
C2011,UM,m,UM37891,Prot,856,1
C2011,UT,f,UT04916,Prot,880,1
C2011,UT,f,UT04917,Prot,271,1
C2011,UT,f,UT04918,Prot,1052,1
C2011,UT,f,UT04919,Prot,877,1
C2011,UT,f,UT04976,Prot,959,1
C2011,UT,f,UT04977,Prot,727,1
C2011,UT,f,UT04978,Prot,883,1
C2011,UT,f,UT04979,Prot,985,1
C2011,UT,f,UT04997,Prot,855,1
C2011,UT,f,UT04998,Prot,939,1
C2011,UT,f,UT04999,Prot,364,1
C2011,UT,f,UT05000,Prot,874,1
C2011,UT,f,UT05055,Prot,1099,1
C2011,UT,f,UT05056,Prot,977,1
C2011,UT,f,UT05057,Prot,1004,1
C2011,UT,f,UT05058,Prot,1030,1
C2011,UT,f,UT05166,Prot,1042,1
C2011,UT,f,UT05167,Prot,674,1
C2011,UT,f,UT05168,Prot,698,1
C2011,UT,f,UT05169,Prot,1185,1
C2011,UT,f,UT05261,Prot,1107,1
C2011,UT,f,UT05262,Prot,374,0
C2011,UT,f,UT05263,Prot,853,1
C2011,UT,f,UT05264,Prot,926,1
C2011,UT,f,UT05299,Prot,584,1
C2011,UT,f,UT05300,Prot,742,1
C2011,UT,f,UT05301,Prot,642,1
C2011,UT,f,UT05302,Prot,697,1
C2011,UT,f,UT05349,Prot,1003,1
C2011,UT,f,UT05350,Prot,1185,1
C2011,UT,f,UT05351,Prot,504,1
C2011,UT,f,UT05352,Prot,931,1
C2011,UT,f,UT05394,Prot,660,1
C2011,UT,f,UT05395,Prot,877,1
C2011,UT,f,UT05396,Prot,868,1
C2011,UT,f,UT05397,Prot,818,1
C2011,UT,f,UT05462,Prot,948,1
C2011,UT,f,UT05463,Prot,1075,1
C2011,UT,f,UT05464,Prot,930,1
C2011,UT,f,UT05465,Prot,963,1
C2011,UT,f,UT05530,Prot,864,1
C2011,UT,f,UT05531,Prot,1067,1
C2011,UT,f,UT05532,Prot,1146,1
C2011,UT,f,UT05533,Prot,985,1
C2011,UT,m,UT04913,Prot,648,1
C2011,UT,m,UT04914,Prot,722,1
C2011,UT,m,UT04915,Prot,891,1
C2011,UT,m,UT04923,Prot,210,1
C2011,UT,m,UT04924,Prot,285,1
C2011,UT,m,UT04925,Prot,891,1
C2011,UT,m,UT04962,Prot,911,1
C2011,UT,m,UT04963,Prot,1148,1
C2011,UT,m,UT04964,Prot,377,1
C2011,UT,m,UT04980,Prot,435,1
C2011,UT,m,UT04981,Prot,1077,1
C2011,UT,m,UT04982,Prot,831,1
C2011,UT,m,UT05059,Prot,667,1
C2011,UT,m,UT05060,Prot,387,1
C2011,UT,m,UT05061,Prot,650,1
C2011,UT,m,UT05153,Prot,1115,1
C2011,UT,m,UT05154,Prot,683,1
C2011,UT,m,UT05155,Prot,635,1
C2011,UT,m,UT05194,Prot,1086,1
C2011,UT,m,UT05195,Prot,979,1
C2011,UT,m,UT05196,Prot,988,1
C2011,UT,m,UT05215,Prot,699,1
C2011,UT,m,UT05216,Prot,462,1
C2011,UT,m,UT05217,Prot,674,1
C2011,UT,m,UT05222,Prot,964,1
C2011,UT,m,UT05223,Prot,1137,1
C2011,UT,m,UT05224,Prot,363,1
C2011,UT,m,UT05232,Prot,992,1
C2011,UT,m,UT05233,Prot,768,1
C2011,UT,m,UT05234,Prot,993,1
C2011,UT,m,UT05245,Prot,1217,1
C2011,UT,m,UT05246,Prot,988,1
C2011,UT,m,UT05247,Prot,481,1
C2011,UT,m,UT05415,Prot,368,1
C2011,UT,m,UT05416,Prot,885,1
C2011,UT,m,UT05417,Prot,971,1
C2011,UT,m,UT05436,Prot,834,1
C2011,UT,m,UT05437,Prot,902,1
C2011,UT,m,UT05438,Prot,1055,1
C2011,UT,m,UT05442,Prot,433,1
C2011,UT,m,UT05443,Prot,954,1
C2011,UT,m,UT05444,Prot,589,1
C2011,UT,m,UT05489,Prot,816,1
C2011,UT,m,UT05490,Prot,864,1
C2011,UT,m,UT05491,Prot,760,1
C2011,UT,m,UT05496,Prot,947,1
C2011,UT,m,UT05497,Prot,1030,1
C2011,UT,m,UT05498,Prot,492,1
C2011,UT,m,UT05537,Prot,295,1
C2011,UT,m,UT05538,Prot,468,1
C2011,UT,m,UT05539,Prot,419,1
C2011,TJL,f,JL07001,UDCA,1142,1
C2011,TJL,f,JL07002,UDCA,840,1
C2011,TJL,f,JL07003,UDCA,1126,1
C2011,TJL,f,JL07004,UDCA,1028,1
C2011,TJL,f,JL07005,UDCA,1168,1
C2011,TJL,f,JL07006,UDCA,986,1
C2011,TJL,f,JL07007,UDCA,791,1
C2011,TJL,f,JL07008,UDCA,1064,1
C2011,TJL,f,JL07074,UDCA,396,1
C2011,TJL,f,JL07075,UDCA,964,1
C2011,TJL,f,JL07076,UDCA,964,1
C2011,TJL,f,JL07077,UDCA,684,1
C2011,TJL,f,JL07284,UDCA,1026,1
C2011,TJL,f,JL07285,UDCA,886,1
C2011,TJL,f,JL07286,UDCA,1049,1
C2011,TJL,f,JL07287,UDCA,823,1
C2011,TJL,f,JL07348,UDCA,980,1
C2011,TJL,f,JL07349,UDCA,805,1
C2011,TJL,f,JL07350,UDCA,1002,1
C2011,TJL,f,JL07351,UDCA,1002,1
C2011,TJL,f,JL07389,UDCA,1045,1
C2011,TJL,f,JL07390,UDCA,690,1
C2011,TJL,f,JL07391,UDCA,900,1
C2011,TJL,f,JL07392,UDCA,1055,1
C2011,TJL,f,JL07489,UDCA,823,1
C2011,TJL,f,JL07490,UDCA,591,1
C2011,TJL,f,JL07491,UDCA,578,1
C2011,TJL,f,JL07492,UDCA,1208,1
C2011,TJL,f,JL07627,UDCA,894,1
C2011,TJL,f,JL07628,UDCA,851,1
C2011,TJL,f,JL07629,UDCA,908,1
C2011,TJL,f,JL07630,UDCA,662,1
C2011,TJL,f,JL07631,UDCA,882,1
C2011,TJL,f,JL07632,UDCA,1086,1
C2011,TJL,f,JL07633,UDCA,759,1
C2011,TJL,f,JL07634,UDCA,896,1
C2011,TJL,f,JL07747,UDCA,1064,1
C2011,TJL,f,JL07748,UDCA,630,1
C2011,TJL,f,JL07749,UDCA,995,1
C2011,TJL,f,JL07750,UDCA,1107,1
C2011,TJL,f,JL07757,UDCA,1089,1
C2011,TJL,f,JL07758,UDCA,961,1
C2011,TJL,f,JL07759,UDCA,913,1
C2011,TJL,f,JL07760,UDCA,907,1
C2011,TJL,f,JL07773,UDCA,455,1
C2011,TJL,f,JL07774,UDCA,704,1
C2011,TJL,f,JL07775,UDCA,882,0
C2011,TJL,f,JL07776,UDCA,941,1
C2011,TJL,m,JL07013,UDCA,951,1
C2011,TJL,m,JL07014,UDCA,1072,1
C2011,TJL,m,JL07015,UDCA,882,1
C2011,TJL,m,JL07089,UDCA,1054,1
C2011,TJL,m,JL07090,UDCA,909,1
C2011,TJL,m,JL07091,UDCA,648,1
C2011,TJL,m,JL07157,UDCA,399,1
C2011,TJL,m,JL07158,UDCA,918,1
C2011,TJL,m,JL07159,UDCA,266,1
C2011,TJL,m,JL07163,UDCA,867,1
C2011,TJL,m,JL07164,UDCA,973,1
C2011,TJL,m,JL07165,UDCA,693,1
C2011,TJL,m,JL07215,UDCA,816,1
C2011,TJL,m,JL07216,UDCA,1074,1
C2011,TJL,m,JL07217,UDCA,900,1
C2011,TJL,m,JL07379,UDCA,843,1
C2011,TJL,m,JL07380,UDCA,910,1
C2011,TJL,m,JL07381,UDCA,1128,1
C2011,TJL,m,JL07382,UDCA,1072,1
C2011,TJL,m,JL07383,UDCA,918,1
C2011,TJL,m,JL07384,UDCA,882,1
C2011,TJL,m,JL07400,UDCA,976,1
C2011,TJL,m,JL07401,UDCA,991,1
C2011,TJL,m,JL07402,UDCA,999,1
C2011,TJL,m,JL07462,UDCA,421,1
C2011,TJL,m,JL07463,UDCA,672,1
C2011,TJL,m,JL07464,UDCA,337,1
C2011,TJL,m,JL07474,UDCA,881,1
C2011,TJL,m,JL07475,UDCA,413,1
C2011,TJL,m,JL07476,UDCA,991,1
C2011,TJL,m,JL07480,UDCA,721,1
C2011,TJL,m,JL07481,UDCA,906,1
C2011,TJL,m,JL07482,UDCA,939,1
C2011,TJL,m,JL07497,UDCA,376,1
C2011,TJL,m,JL07498,UDCA,875,1
C2011,TJL,m,JL07499,UDCA,839,1
C2011,TJL,m,JL07667,UDCA,732,1
C2011,TJL,m,JL07668,UDCA,735,1
C2011,TJL,m,JL07669,UDCA,486,1
C2011,TJL,m,JL07697,UDCA,700,1
C2011,TJL,m,JL07698,UDCA,812,1
C2011,TJL,m,JL07699,UDCA,255,1
C2011,TJL,m,JL07725,UDCA,790,1
C2011,TJL,m,JL07726,UDCA,410,1
C2011,TJL,m,JL07727,UDCA,430,1
C2011,TJL,m,JL07780,UDCA,860,1
C2011,TJL,m,JL07781,UDCA,860,1
C2011,TJL,m,JL07782,UDCA,991,1
C2011,TJL,m,JL07783,UDCA,901,1
C2011,TJL,m,JL07784,UDCA,543,1
C2011,TJL,m,JL07785,UDCA,1110,1
C2011,TJL,m,JL07801,UDCA,619,1
C2011,TJL,m,JL07802,UDCA,444,1
C2011,TJL,m,JL07803,UDCA,1067,1
C2011,UM,f,UM33859,UDCA,921,1
C2011,UM,f,UM33866,UDCA,710,1
C2011,UM,f,UM33873,UDCA,1110,1
C2011,UM,f,UM33880,UDCA,612,1
C2011,UM,f,UM33936,UDCA,1116,1
C2011,UM,f,UM33943,UDCA,912,1
C2011,UM,f,UM33950,UDCA,856,1
C2011,UM,f,UM33957,UDCA,806,1
C2011,UM,f,UM34034,UDCA,762,1
C2011,UM,f,UM34041,UDCA,600,1
C2011,UM,f,UM34048,UDCA,1139,1
C2011,UM,f,UM34055,UDCA,632,1
C2011,UM,f,UM34209,UDCA,797,1
C2011,UM,f,UM34216,UDCA,826,1
C2011,UM,f,UM34223,UDCA,448,1
C2011,UM,f,UM34230,UDCA,898,1
C2011,UM,f,UM35308,UDCA,650,1
C2011,UM,f,UM35315,UDCA,1020,1
C2011,UM,f,UM35322,UDCA,259,1
C2011,UM,f,UM35329,UDCA,755,1
C2011,UM,f,UM35686,UDCA,1013,1
C2011,UM,f,UM35693,UDCA,45,0
C2011,UM,f,UM35700,UDCA,700,1
C2011,UM,f,UM35707,UDCA,916,0
C2011,UM,f,UM36680,UDCA,697,1
C2011,UM,f,UM36687,UDCA,1023,1
C2011,UM,f,UM36694,UDCA,762,1
C2011,UM,f,UM36701,UDCA,1028,1
C2011,UM,f,UM36995,UDCA,975,1
C2011,UM,f,UM37002,UDCA,617,1
C2011,UM,f,UM37009,UDCA,915,1
C2011,UM,f,UM37016,UDCA,439,1
C2011,UM,f,UM37408,UDCA,778,1
C2011,UM,f,UM37415,UDCA,857,1
C2011,UM,f,UM37422,UDCA,865,1
C2011,UM,f,UM37429,UDCA,812,1
C2011,UM,f,UM37478,UDCA,860,1
C2011,UM,f,UM37485,UDCA,1128,1
C2011,UM,f,UM37492,UDCA,807,1
C2011,UM,f,UM37499,UDCA,890,1
C2011,UM,f,UM38325,UDCA,762,1
C2011,UM,f,UM38332,UDCA,1225,1
C2011,UM,f,UM38339,UDCA,780,1
C2011,UM,f,UM38346,UDCA,932,1
C2011,UM,m,UM34237,UDCA,618,1
C2011,UM,m,UM34244,UDCA,752,1
C2011,UM,m,UM34251,UDCA,742,1
C2011,UM,m,UM34370,UDCA,937,1
C2011,UM,m,UM34377,UDCA,1144,1
C2011,UM,m,UM34384,UDCA,295,1
C2011,UM,m,UM34391,UDCA,964,1
C2011,UM,m,UM34398,UDCA,942,1
C2011,UM,m,UM34405,UDCA,376,1
C2011,UM,m,UM35035,UDCA,775,1
C2011,UM,m,UM35042,UDCA,830,1
C2011,UM,m,UM35049,UDCA,1128,1
C2011,UM,m,UM35112,UDCA,1153,1
C2011,UM,m,UM35119,UDCA,929,1
C2011,UM,m,UM35126,UDCA,371,1
C2011,UM,m,UM35175,UDCA,945,1
C2011,UM,m,UM35182,UDCA,958,1
C2011,UM,m,UM35189,UDCA,1064,1
C2011,UM,m,UM35336,UDCA,572,1
C2011,UM,m,UM35343,UDCA,560,0
C2011,UM,m,UM35350,UDCA,569,1
C2011,UM,m,UM35434,UDCA,219,0
C2011,UM,m,UM35441,UDCA,219,0
C2011,UM,m,UM35448,UDCA,219,0
C2011,UM,m,UM35455,UDCA,1094,1
C2011,UM,m,UM35462,UDCA,1015,1
C2011,UM,m,UM35469,UDCA,260,1
C2011,UM,m,UM36337,UDCA,769,1
C2011,UM,m,UM36344,UDCA,738,1
C2011,UM,m,UM36351,UDCA,1007,1
C2011,UM,m,UM36477,UDCA,1027,1
C2011,UM,m,UM36484,UDCA,236,1
C2011,UM,m,UM36491,UDCA,625,1
C2011,UM,m,UM36876,UDCA,858,1
C2011,UM,m,UM36883,UDCA,931,1
C2011,UM,m,UM36890,UDCA,929,1
C2011,UM,m,UM37023,UDCA,1028,1
C2011,UM,m,UM37030,UDCA,793,1
C2011,UM,m,UM37037,UDCA,1088,1
C2011,UM,m,UM37387,UDCA,885,1
C2011,UM,m,UM37394,UDCA,617,1
C2011,UM,m,UM37401,UDCA,763,1
C2011,UM,m,UM38045,UDCA,1000,1
C2011,UM,m,UM38052,UDCA,1000,1
C2011,UM,m,UM38059,UDCA,822,1
C2011,UM,m,UM38255,UDCA,70,0
C2011,UM,m,UM38262,UDCA,70,0
C2011,UM,m,UM38269,UDCA,70,0
C2011,UM,m,UM38381,UDCA,477,1
C2011,UM,m,UM38388,UDCA,419,1
C2011,UM,m,UM38395,UDCA,706,1
C2011,UT,f,UT04870,UDCA,689,1
C2011,UT,f,UT04871,UDCA,754,1
C2011,UT,f,UT04872,UDCA,984,1
C2011,UT,f,UT04873,UDCA,351,1
C2011,UT,f,UT04901,UDCA,1030,1
C2011,UT,f,UT04902,UDCA,546,1
C2011,UT,f,UT04903,UDCA,942,1
C2011,UT,f,UT04904,UDCA,492,1
C2011,UT,f,UT04909,UDCA,874,1
C2011,UT,f,UT04910,UDCA,793,1
C2011,UT,f,UT04911,UDCA,1051,1
C2011,UT,f,UT04912,UDCA,538,1
C2011,UT,f,UT04972,UDCA,1141,1
C2011,UT,f,UT04973,UDCA,857,1
C2011,UT,f,UT04974,UDCA,1112,1
C2011,UT,f,UT04975,UDCA,978,1
C2011,UT,f,UT04990,UDCA,562,1
C2011,UT,f,UT04991,UDCA,947,1
C2011,UT,f,UT04992,UDCA,1009,1
C2011,UT,f,UT04993,UDCA,677,1
C2011,UT,f,UT05078,UDCA,696,1
C2011,UT,f,UT05079,UDCA,1051,1
C2011,UT,f,UT05080,UDCA,622,1
C2011,UT,f,UT05081,UDCA,1107,1
C2011,UT,f,UT05317,UDCA,1027,1
C2011,UT,f,UT05318,UDCA,626,1
C2011,UT,f,UT05319,UDCA,903,1
C2011,UT,f,UT05320,UDCA,593,1
C2011,UT,f,UT05363,UDCA,934,1
C2011,UT,f,UT05364,UDCA,998,1
C2011,UT,f,UT05365,UDCA,884,1
C2011,UT,f,UT05366,UDCA,1097,1
C2011,UT,f,UT05380,UDCA,635,1
C2011,UT,f,UT05381,UDCA,1095,1
C2011,UT,f,UT05382,UDCA,868,1
C2011,UT,f,UT05383,UDCA,817,1
C2011,UT,f,UT05418,UDCA,723,1
C2011,UT,f,UT05419,UDCA,897,1
C2011,UT,f,UT05420,UDCA,658,1
C2011,UT,f,UT05421,UDCA,819,1
C2011,UT,f,UT05482,UDCA,1111,1
C2011,UT,f,UT05483,UDCA,812,1
C2011,UT,f,UT05484,UDCA,492,1
C2011,UT,f,UT05485,UDCA,848,1
C2011,UT,m,UT04877,UDCA,372,1
C2011,UT,m,UT04878,UDCA,1126,1
C2011,UT,m,UT04879,UDCA,729,1
C2011,UT,m,UT04898,UDCA,610,1
C2011,UT,m,UT04899,UDCA,844,1
C2011,UT,m,UT04900,UDCA,747,1
C2011,UT,m,UT04929,UDCA,411,1
C2011,UT,m,UT04930,UDCA,764,1
C2011,UT,m,UT04931,UDCA,842,1
C2011,UT,m,UT04952,UDCA,1052,1
C2011,UT,m,UT04953,UDCA,650,1
C2011,UT,m,UT04954,UDCA,846,1
C2011,UT,m,UT04969,UDCA,664,1
C2011,UT,m,UT04970,UDCA,944,1
C2011,UT,m,UT04971,UDCA,684,1
C2011,UT,m,UT05008,UDCA,697,1
C2011,UT,m,UT05009,UDCA,979,1
C2011,UT,m,UT05010,UDCA,663,1
C2011,UT,m,UT05065,UDCA,854,1
C2011,UT,m,UT05066,UDCA,873,1
C2011,UT,m,UT05067,UDCA,505,1
C2011,UT,m,UT05139,UDCA,646,1
C2011,UT,m,UT05140,UDCA,379,1
C2011,UT,m,UT05141,UDCA,713,1
C2011,UT,m,UT05184,UDCA,823,1
C2011,UT,m,UT05185,UDCA,771,1
C2011,UT,m,UT05186,UDCA,825,1
C2011,UT,m,UT05248,UDCA,1096,1
C2011,UT,m,UT05249,UDCA,1075,1
C2011,UT,m,UT05250,UDCA,928,1
C2011,UT,m,UT05296,UDCA,909,1
C2011,UT,m,UT05297,UDCA,259,1
C2011,UT,m,UT05298,UDCA,895,1
C2011,UT,m,UT05314,UDCA,765,1
C2011,UT,m,UT05315,UDCA,1017,1
C2011,UT,m,UT05316,UDCA,724,1
C2011,UT,m,UT05324,UDCA,360,1
C2011,UT,m,UT05325,UDCA,965,1
C2011,UT,m,UT05326,UDCA,867,1
C2011,UT,m,UT05333,UDCA,1064,1
C2011,UT,m,UT05334,UDCA,292,1
C2011,UT,m,UT05335,UDCA,936,1
C2011,UT,m,UT05343,UDCA,921,1
C2011,UT,m,UT05344,UDCA,861,1
C2011,UT,m,UT05345,UDCA,691,1
C2011,UT,m,UT05398,UDCA,575,1
C2011,UT,m,UT05399,UDCA,579,1
C2011,UT,m,UT05400,UDCA,1034,1
C2011,UT,m,UT05520,UDCA,828,1
C2011,UT,m,UT05521,UDCA,789,1
C2011,UT,m,UT05522,UDCA,766,1
C2015,TJL,f,JL11804,Control,638,1
C2015,TJL,f,JL11805,Control,939,1
C2015,TJL,f,JL11806,Control,1099,1
C2015,TJL,f,JL11807,Control,1156,1
C2015,TJL,f,JL11841,Control,727,1
C2015,TJL,f,JL11842,Control,1120,1
C2015,TJL,f,JL11843,Control,734,1
C2015,TJL,f,JL11844,Control,904,1
C2015,TJL,f,JL11966,Control,649,1
C2015,TJL,f,JL11967,Control,1005,1
C2015,TJL,f,JL11968,Control,866,1
C2015,TJL,f,JL11969,Control,992,1
C2015,TJL,f,JL12018,Control,924,1
C2015,TJL,f,JL12019,Control,854,1
C2015,TJL,f,JL12020,Control,981,1
C2015,TJL,f,JL12021,Control,1188,1
C2015,TJL,f,JL12031,Control,541,1
C2015,TJL,f,JL12032,Control,988,1
C2015,TJL,f,JL12033,Control,1210,1
C2015,TJL,f,JL12034,Control,911,1
C2015,TJL,f,JL12039,Control,911,1
C2015,TJL,f,JL12040,Control,1317,1
C2015,TJL,f,JL12041,Control,917,1
C2015,TJL,f,JL12042,Control,517,1
C2015,TJL,f,JL12047,Control,695,1
C2015,TJL,f,JL12048,Control,492,1
C2015,TJL,f,JL12049,Control,1002,1
C2015,TJL,f,JL12050,Control,1152,1
C2015,TJL,f,JL12051,Control,952,1
C2015,TJL,f,JL12052,Control,1056,1
C2015,TJL,f,JL12053,Control,1043,1
C2015,TJL,f,JL12054,Control,917,0
C2015,TJL,f,JL12092,Control,1173,1
C2015,TJL,f,JL12093,Control,838,1
C2015,TJL,f,JL12094,Control,928,1
C2015,TJL,f,JL12095,Control,838,1
C2015,TJL,f,JL12149,Control,719,1
C2015,TJL,f,JL12150,Control,900,1
C2015,TJL,f,JL12151,Control,873,1
C2015,TJL,f,JL12152,Control,719,1
C2015,TJL,f,JL12157,Control,776,1
C2015,TJL,f,JL12158,Control,811,1
C2015,TJL,f,JL12159,Control,1056,1
C2015,TJL,f,JL12160,Control,1042,1
C2015,TJL,f,JL12170,Control,758,1
C2015,TJL,f,JL12171,Control,953,1
C2015,TJL,f,JL12172,Control,785,1
C2015,TJL,f,JL12173,Control,680,1
C2015,TJL,f,JL12185,Control,893,1
C2015,TJL,f,JL12186,Control,978,1
C2015,TJL,f,JL12187,Control,1060,1
C2015,TJL,f,JL12188,Control,950,1
C2015,TJL,f,JL12241,Control,960,1
C2015,TJL,f,JL12242,Control,1396,1
C2015,TJL,f,JL12243,Control,1014,1
C2015,TJL,f,JL12244,Control,1014,1
C2015,TJL,f,JL12245,Control,639,1
C2015,TJL,f,JL12246,Control,631,1
C2015,TJL,f,JL12247,Control,569,1
C2015,TJL,f,JL12248,Control,1022,1
C2015,TJL,f,JL12281,Control,737,1
C2015,TJL,f,JL12282,Control,492,1
C2015,TJL,f,JL12283,Control,737,1
C2015,TJL,f,JL12284,Control,1070,1
C2015,TJL,f,JL12285,Control,1337,1
C2015,TJL,f,JL12286,Control,1089,1
C2015,TJL,f,JL12287,Control,1056,1
C2015,TJL,f,JL12288,Control,764,1
C2015,TJL,f,JL12302,Control,875,1
C2015,TJL,f,JL12303,Control,946,1
C2015,TJL,f,JL12304,Control,893,1
C2015,TJL,f,JL12305,Control,997,1
C2015,TJL,f,JL12348,Control,1072,1
C2015,TJL,f,JL12349,Control,868,1
C2015,TJL,f,JL12350,Control,1180,1
C2015,TJL,f,JL12351,Control,729,1
C2015,TJL,f,JL12458,Control,841,1
C2015,TJL,f,JL12459,Control,787,1
C2015,TJL,f,JL12460,Control,1193,1
C2015,TJL,f,JL12461,Control,1054,1
C2015,TJL,f,JL12497,Control,1005,1
C2015,TJL,f,JL12498,Control,1178,1
C2015,TJL,f,JL12499,Control,775,1
C2015,TJL,f,JL12500,Control,851,1
C2015,TJL,f,JL12546,Control,966,1
C2015,TJL,f,JL12547,Control,1043,1
C2015,TJL,f,JL12548,Control,932,1
C2015,TJL,f,JL12549,Control,827,1
C2015,TJL,f,JL12557,Control,1097,1
C2015,TJL,f,JL12558,Control,1086,1
C2015,TJL,f,JL12559,Control,830,1
C2015,TJL,f,JL12560,Control,1007,1
C2015,TJL,f,JL12652,Control,890,1
C2015,TJL,f,JL12653,Control,876,1
C2015,TJL,f,JL12654,Control,770,1
C2015,TJL,f,JL12655,Control,1041,1
C2015,TJL,m,JL11875,Control,373,1
C2015,TJL,m,JL11876,Control,887,1
C2015,TJL,m,JL11877,Control,840,1
C2015,TJL,m,JL11943,Control,601,1
C2015,TJL,m,JL11944,Control,1237,1
C2015,TJL,m,JL11945,Control,1164,1
C2015,TJL,m,JL11946,Control,762,1
C2015,TJL,m,JL11947,Control,629,1
C2015,TJL,m,JL11948,Control,483,1
C2015,TJL,m,JL11949,Control,348,1
C2015,TJL,m,JL11950,Control,1009,1
C2015,TJL,m,JL11951,Control,873,1
C2015,TJL,m,JL12011,Control,873,1
C2015,TJL,m,JL12012,Control,935,1
C2015,TJL,m,JL12013,Control,1061,1
C2015,TJL,m,JL12022,Control,918,1
C2015,TJL,m,JL12023,Control,942,1
C2015,TJL,m,JL12024,Control,239,1
C2015,TJL,m,JL12064,Control,820,1
C2015,TJL,m,JL12065,Control,885,1
C2015,TJL,m,JL12066,Control,945,1
C2015,TJL,m,JL12067,Control,1042,1
C2015,TJL,m,JL12068,Control,457,1
C2015,TJL,m,JL12069,Control,520,1
C2015,TJL,m,JL12073,Control,177,1
C2015,TJL,m,JL12074,Control,1056,1
C2015,TJL,m,JL12075,Control,1094,1
C2015,TJL,m,JL12113,Control,932,1
C2015,TJL,m,JL12114,Control,768,1
C2015,TJL,m,JL12115,Control,392,1
C2015,TJL,m,JL12129,Control,289,1
C2015,TJL,m,JL12130,Control,1032,1
C2015,TJL,m,JL12131,Control,924,1
C2015,TJL,m,JL12210,Control,649,1
C2015,TJL,m,JL12211,Control,866,1
C2015,TJL,m,JL12212,Control,908,1
C2015,TJL,m,JL12213,Control,732,1
C2015,TJL,m,JL12214,Control,349,1
C2015,TJL,m,JL12215,Control,698,1
C2015,TJL,m,JL12216,Control,318,0
C2015,TJL,m,JL12217,Control,318,0
C2015,TJL,m,JL12218,Control,318,0
C2015,TJL,m,JL12267,Control,374,1
C2015,TJL,m,JL12268,Control,1001,1
C2015,TJL,m,JL12269,Control,751,1
C2015,TJL,m,JL12270,Control,847,1
C2015,TJL,m,JL12271,Control,520,1
C2015,TJL,m,JL12272,Control,686,1
C2015,TJL,m,JL12289,Control,346,1
C2015,TJL,m,JL12290,Control,920,0
C2015,TJL,m,JL12291,Control,981,1
C2015,TJL,m,JL12295,Control,772,1
C2015,TJL,m,JL12296,Control,889,1
C2015,TJL,m,JL12297,Control,618,1
C2015,TJL,m,JL12306,Control,1028,1
C2015,TJL,m,JL12307,Control,882,1
C2015,TJL,m,JL12308,Control,882,1
C2015,TJL,m,JL12309,Control,1161,1
C2015,TJL,m,JL12310,Control,869,1
C2015,TJL,m,JL12311,Control,680,1
C2015,TJL,m,JL12315,Control,295,0
C2015,TJL,m,JL12316,Control,295,0
C2015,TJL,m,JL12317,Control,295,0
C2015,TJL,m,JL12352,Control,1154,1
C2015,TJL,m,JL12353,Control,660,1
C2015,TJL,m,JL12354,Control,624,1
C2015,TJL,m,JL12370,Control,610,1
C2015,TJL,m,JL12371,Control,996,1
C2015,TJL,m,JL12372,Control,596,1
C2015,TJL,m,JL12373,Control,624,1
C2015,TJL,m,JL12374,Control,973,1
C2015,TJL,m,JL12375,Control,1183,1
C2015,TJL,m,JL12385,Control,540,1
C2015,TJL,m,JL12386,Control,996,1
C2015,TJL,m,JL12387,Control,1148,1
C2015,TJL,m,JL12410,Control,597,1
C2015,TJL,m,JL12411,Control,918,1
C2015,TJL,m,JL12412,Control,666,1
C2015,TJL,m,JL12440,Control,727,1
C2015,TJL,m,JL12441,Control,697,1
C2015,TJL,m,JL12442,Control,258,1
C2015,TJL,m,JL12466,Control,693,1
C2015,TJL,m,JL12467,Control,667,1
C2015,TJL,m,JL12468,Control,861,1
C2015,TJL,m,JL12469,Control,930,1
C2015,TJL,m,JL12470,Control,930,1
C2015,TJL,m,JL12471,Control,1196,1
C2015,TJL,m,JL12475,Control,399,0
C2015,TJL,m,JL12476,Control,399,0
C2015,TJL,m,JL12477,Control,399,0
C2015,TJL,m,JL12537,Control,364,1
C2015,TJL,m,JL12538,Control,559,1
C2015,TJL,m,JL12539,Control,656,1
C2015,TJL,m,JL12577,Control,405,1
C2015,TJL,m,JL12578,Control,943,1
C2015,TJL,m,JL12579,Control,706,1
C2015,TJL,m,JL12622,Control,949,1
C2015,TJL,m,JL12623,Control,607,1
C2015,TJL,m,JL12624,Control,817,1
C2015,TJL,m,JL12696,Control,534,1
C2015,TJL,m,JL12697,Control,1085,1
C2015,TJL,m,JL12698,Control,925,1
C2015,UM,f,UM53403,Control,1033,1
C2015,UM,f,UM53410,Control,807,1
C2015,UM,f,UM53417,Control,950,1
C2015,UM,f,UM53424,Control,858,1
C2015,UM,f,UM53942,Control,926,1
C2015,UM,f,UM53949,Control,1093,1
C2015,UM,f,UM53956,Control,857,1
C2015,UM,f,UM53963,Control,994,1
C2015,UM,f,UM54481,Control,889,1
C2015,UM,f,UM54488,Control,840,1
C2015,UM,f,UM54495,Control,907,1
C2015,UM,f,UM54502,Control,924,1
C2015,UM,f,UM54768,Control,909,1
C2015,UM,f,UM54775,Control,723,1
C2015,UM,f,UM54782,Control,1016,1
C2015,UM,f,UM54789,Control,662,1
C2015,UM,f,UM54824,Control,1021,1
C2015,UM,f,UM54831,Control,792,1
C2015,UM,f,UM54838,Control,877,1
C2015,UM,f,UM54845,Control,959,1
C2015,UM,f,UM54852,Control,908,1
C2015,UM,f,UM54859,Control,1039,1
C2015,UM,f,UM54866,Control,1079,1
C2015,UM,f,UM54873,Control,1061,1
C2015,UM,f,UM55363,Control,872,1
C2015,UM,f,UM55370,Control,1124,1
C2015,UM,f,UM55377,Control,1077,1
C2015,UM,f,UM55384,Control,917,1
C2015,UM,f,UM55559,Control,1291,1
C2015,UM,f,UM55566,Control,748,1
C2015,UM,f,UM55573,Control,895,1
C2015,UM,f,UM55580,Control,967,1
C2015,UM,f,UM56007,Control,733,0
C2015,UM,f,UM56014,Control,974,1
C2015,UM,f,UM56021,Control,1060,1
C2015,UM,f,UM56028,Control,762,1
C2015,UM,f,UM56056,Control,743,1
C2015,UM,f,UM56063,Control,670,1
C2015,UM,f,UM56070,Control,1173,1
C2015,UM,f,UM56077,Control,1213,1
C2015,UM,f,UM56413,Control,1047,1
C2015,UM,f,UM56420,Control,1135,1
C2015,UM,f,UM56427,Control,731,1
C2015,UM,f,UM56434,Control,801,1
C2015,UM,f,UM56462,Control,867,1
C2015,UM,f,UM56469,Control,655,1
C2015,UM,f,UM56476,Control,473,1
C2015,UM,f,UM56483,Control,913,1
C2015,UM,f,UM56560,Control,900,1
C2015,UM,f,UM56567,Control,791,1
C2015,UM,f,UM56574,Control,877,1
C2015,UM,f,UM56581,Control,1053,1
C2015,UM,f,UM56770,Control,749,1
C2015,UM,f,UM56777,Control,899,1
C2015,UM,f,UM56784,Control,983,1
C2015,UM,f,UM56791,Control,620,1
C2015,UM,f,UM56966,Control,686,1
C2015,UM,f,UM56973,Control,858,1
C2015,UM,f,UM56980,Control,687,1
C2015,UM,f,UM56987,Control,965,1
C2015,UM,f,UM57057,Control,893,1
C2015,UM,f,UM57064,Control,904,1
C2015,UM,f,UM57071,Control,991,1
C2015,UM,f,UM57078,Control,911,1
C2015,UM,f,UM57176,Control,665,1
C2015,UM,f,UM57183,Control,601,1
C2015,UM,f,UM57190,Control,930,1
C2015,UM,f,UM57197,Control,721,1
C2015,UM,f,UM57610,Control,802,1
C2015,UM,f,UM57617,Control,820,1
C2015,UM,f,UM57624,Control,675,1
C2015,UM,f,UM57631,Control,1048,1
C2015,UM,f,UM57638,Control,892,1
C2015,UM,f,UM57645,Control,697,1
C2015,UM,f,UM57652,Control,1130,1
C2015,UM,f,UM57659,Control,934,1
C2015,UM,f,UM57666,Control,1095,1
C2015,UM,f,UM57673,Control,1082,1
C2015,UM,f,UM57680,Control,843,1
C2015,UM,f,UM57687,Control,835,1
C2015,UM,f,UM57743,Control,839,1
C2015,UM,f,UM57750,Control,992,1
C2015,UM,f,UM57757,Control,1028,1
C2015,UM,f,UM57764,Control,902,1
C2015,UM,f,UM58254,Control,887,1
C2015,UM,f,UM58261,Control,906,1
C2015,UM,f,UM58268,Control,558,1
C2015,UM,f,UM58275,Control,777,1
C2015,UM,f,UM58373,Control,783,1
C2015,UM,f,UM58380,Control,834,1
C2015,UM,f,UM58387,Control,766,1
C2015,UM,f,UM58394,Control,936,1
C2015,UM,m,UM52885,Control,350,0
C2015,UM,m,UM52892,Control,350,0
C2015,UM,m,UM52899,Control,350,0
C2015,UM,m,UM53522,Control,1223,1
C2015,UM,m,UM53529,Control,712,1
C2015,UM,m,UM53536,Control,818,1
C2015,UM,m,UM53844,Control,349,1
C2015,UM,m,UM53851,Control,666,1
C2015,UM,m,UM53858,Control,265,1
C2015,UM,m,UM53921,Control,494,1
C2015,UM,m,UM53928,Control,533,1
C2015,UM,m,UM53935,Control,1043,1
C2015,UM,m,UM53998,Control,231,0
C2015,UM,m,UM54005,Control,231,0
C2015,UM,m,UM54012,Control,231,0
C2015,UM,m,UM54061,Control,723,1
C2015,UM,m,UM54068,Control,635,1
C2015,UM,m,UM54075,Control,728,1
C2015,UM,m,UM54334,Control,374,1
C2015,UM,m,UM54341,Control,664,1
C2015,UM,m,UM54348,Control,652,1
C2015,UM,m,UM54355,Control,258,0
C2015,UM,m,UM54362,Control,258,0
C2015,UM,m,UM54369,Control,258,0
C2015,UM,m,UM54460,Control,952,1
C2015,UM,m,UM54467,Control,853,1
C2015,UM,m,UM54474,Control,599,1
C2015,UM,m,UM54719,Control,1027,1
C2015,UM,m,UM54726,Control,202,1
C2015,UM,m,UM54733,Control,830,1
C2015,UM,m,UM55139,Control,450,1
C2015,UM,m,UM55146,Control,482,1
C2015,UM,m,UM55153,Control,899,1
C2015,UM,m,UM55160,Control,1215,1
C2015,UM,m,UM55167,Control,367,1
C2015,UM,m,UM55174,Control,821,1
C2015,UM,m,UM55181,Control,736,1
C2015,UM,m,UM55188,Control,837,1
C2015,UM,m,UM55195,Control,870,1
C2015,UM,m,UM55293,Control,685,1
C2015,UM,m,UM55300,Control,609,1
C2015,UM,m,UM55307,Control,916,1
C2015,UM,m,UM55664,Control,628,1
C2015,UM,m,UM55671,Control,927,1
C2015,UM,m,UM55678,Control,778,1
C2015,UM,m,UM55685,Control,542,1
C2015,UM,m,UM55692,Control,264,1
C2015,UM,m,UM55699,Control,641,1
C2015,UM,m,UM55776,Control,919,1
C2015,UM,m,UM55783,Control,510,1
C2015,UM,m,UM55790,Control,995,1
C2015,UM,m,UM55874,Control,97,0
C2015,UM,m,UM55881,Control,97,0
C2015,UM,m,UM55888,Control,97,0
C2015,UM,m,UM56154,Control,784,1
C2015,UM,m,UM56161,Control,899,1
C2015,UM,m,UM56168,Control,774,1
C2015,UM,m,UM56273,Control,908,1
C2015,UM,m,UM56280,Control,675,1
C2015,UM,m,UM56287,Control,617,1
C2015,UM,m,UM56441,Control,788,1
C2015,UM,m,UM56448,Control,1111,1
C2015,UM,m,UM56455,Control,607,1
C2015,UM,m,UM56588,Control,969,1
C2015,UM,m,UM56595,Control,768,1
C2015,UM,m,UM56602,Control,973,1
C2015,UM,m,UM56609,Control,461,1
C2015,UM,m,UM56616,Control,1231,1
C2015,UM,m,UM56623,Control,516,1
C2015,UM,m,UM56658,Control,195,0
C2015,UM,m,UM56665,Control,195,0
C2015,UM,m,UM56672,Control,195,0
C2015,UM,m,UM56945,Control,652,1
C2015,UM,m,UM56952,Control,740,1
C2015,UM,m,UM56959,Control,740,1
C2015,UM,m,UM57477,Control,234,0
C2015,UM,m,UM57484,Control,234,0
C2015,UM,m,UM57491,Control,234,0
C2015,UM,m,UM58009,Control,1049,1
C2015,UM,m,UM58016,Control,763,1
C2015,UM,m,UM58023,Control,474,1
C2015,UM,m,UM58170,Control,828,1
C2015,UM,m,UM58177,Control,476,1
C2015,UM,m,UM58184,Control,601,1
C2015,UM,m,UM58233,Control,1055,1
C2015,UM,m,UM58240,Control,1012,1
C2015,UM,m,UM58247,Control,1200,1
C2015,UM,m,UM58310,Control,905,1
C2015,UM,m,UM58317,Control,629,1
C2015,UM,m,UM58324,Control,803,1
C2015,UM,m,UM58401,Control,893,1
C2015,UM,m,UM58408,Control,623,1
C2015,UM,m,UM58415,Control,840,1
C2015,UM,m,UM58478,Control,938,1
C2015,UM,m,UM58485,Control,599,1
C2015,UM,m,UM58492,Control,1020,1
C2015,UM,m,UM58604,Control,585,1
C2015,UM,m,UM58611,Control,659,1
C2015,UM,m,UM58618,Control,584,1
C2015,UT,f,UT07595,Control,1015,1
C2015,UT,f,UT07596,Control,919,1
C2015,UT,f,UT07597,Control,1078,1
C2015,UT,f,UT07598,Control,815,1
C2015,UT,f,UT07620,Control,1000,1
C2015,UT,f,UT07621,Control,1024,1
C2015,UT,f,UT07622,Control,796,1
C2015,UT,f,UT07623,Control,874,1
C2015,UT,f,UT07634,Control,966,1
C2015,UT,f,UT07635,Control,1009,1
C2015,UT,f,UT07636,Control,548,1
C2015,UT,f,UT07637,Control,1044,1
C2015,UT,f,UT07668,Control,1020,1
C2015,UT,f,UT07669,Control,595,1
C2015,UT,f,UT07670,Control,738,1
C2015,UT,f,UT07671,Control,968,1
C2015,UT,f,UT07696,Control,644,1
C2015,UT,f,UT07697,Control,786,1
C2015,UT,f,UT07698,Control,732,1
C2015,UT,f,UT07699,Control,1040,1
C2015,UT,f,UT07806,Control,891,1
C2015,UT,f,UT07807,Control,1141,1
C2015,UT,f,UT07808,Control,1110,1
C2015,UT,f,UT07809,Control,1058,1
C2015,UT,f,UT07862,Control,1158,1
C2015,UT,f,UT07863,Control,911,1
C2015,UT,f,UT07864,Control,695,1
C2015,UT,f,UT07865,Control,865,1
C2015,UT,f,UT07897,Control,426,1
C2015,UT,f,UT07898,Control,862,1
C2015,UT,f,UT07899,Control,929,1
C2015,UT,f,UT07900,Control,953,1
C2015,UT,f,UT07911,Control,750,1
C2015,UT,f,UT07912,Control,1014,1
C2015,UT,f,UT07913,Control,661,1
C2015,UT,f,UT07914,Control,905,1
C2015,UT,f,UT08019,Control,873,1
C2015,UT,f,UT08020,Control,869,1
C2015,UT,f,UT08021,Control,865,1
C2015,UT,f,UT08022,Control,950,1
C2015,UT,f,UT08047,Control,1003,1
C2015,UT,f,UT08048,Control,834,1
C2015,UT,f,UT08049,Control,837,1
C2015,UT,f,UT08050,Control,754,1
C2015,UT,f,UT08117,Control,874,1
C2015,UT,f,UT08118,Control,664,1
C2015,UT,f,UT08119,Control,810,1
C2015,UT,f,UT08120,Control,920,1
C2015,UT,f,UT08121,Control,751,1
C2015,UT,f,UT08122,Control,848,1
C2015,UT,f,UT08123,Control,544,1
C2015,UT,f,UT08124,Control,1034,1
C2015,UT,f,UT08189,Control,882,1
C2015,UT,f,UT08190,Control,742,1
C2015,UT,f,UT08191,Control,745,1
C2015,UT,f,UT08192,Control,893,1
C2015,UT,f,UT08236,Control,786,1
C2015,UT,f,UT08237,Control,966,1
C2015,UT,f,UT08238,Control,875,1
C2015,UT,f,UT08239,Control,920,1
C2015,UT,f,UT08256,Control,602,1
C2015,UT,f,UT08257,Control,935,1
C2015,UT,f,UT08258,Control,981,1
C2015,UT,f,UT08259,Control,665,1
C2015,UT,f,UT08311,Control,773,1
C2015,UT,f,UT08312,Control,724,1
C2015,UT,f,UT08313,Control,828,1
C2015,UT,f,UT08314,Control,992,1
C2015,UT,f,UT08318,Control,1062,1
C2015,UT,f,UT08319,Control,980,1
C2015,UT,f,UT08320,Control,1280,1
C2015,UT,f,UT08321,Control,664,1
C2015,UT,f,UT08322,Control,592,0
C2015,UT,f,UT08323,Control,592,0
C2015,UT,f,UT08324,Control,592,0
C2015,UT,f,UT08325,Control,592,0
C2015,UT,f,UT08356,Control,1121,1
C2015,UT,f,UT08357,Control,1052,1
C2015,UT,f,UT08358,Control,1123,1
C2015,UT,f,UT08359,Control,857,1
C2015,UT,f,UT08389,Control,889,1
C2015,UT,f,UT08390,Control,1095,1
C2015,UT,f,UT08391,Control,751,1
C2015,UT,f,UT08392,Control,1040,1
C2015,UT,f,UT08410,Control,1014,1
C2015,UT,f,UT08411,Control,1018,1
C2015,UT,f,UT08412,Control,1092,1
C2015,UT,f,UT08413,Control,824,1
C2015,UT,f,UT08434,Control,949,1
C2015,UT,f,UT08435,Control,1034,1
C2015,UT,f,UT08436,Control,938,1
C2015,UT,f,UT08437,Control,845,1
C2015,UT,m,UT07579,Control,268,1
C2015,UT,m,UT07580,Control,951,1
C2015,UT,m,UT07581,Control,860,1
C2015,UT,m,UT07589,Control,304,1
C2015,UT,m,UT07590,Control,638,1
C2015,UT,m,UT07591,Control,864,1
C2015,UT,m,UT07592,Control,605,1
C2015,UT,m,UT07593,Control,1000,1
C2015,UT,m,UT07594,Control,852,1
C2015,UT,m,UT07610,Control,462,1
C2015,UT,m,UT07611,Control,1147,1
C2015,UT,m,UT07612,Control,352,1
C2015,UT,m,UT07624,Control,307,1
C2015,UT,m,UT07625,Control,837,1
C2015,UT,m,UT07626,Control,626,1
C2015,UT,m,UT07631,Control,1111,1
C2015,UT,m,UT07632,Control,1111,1
C2015,UT,m,UT07633,Control,1025,1
C2015,UT,m,UT07665,Control,671,1
C2015,UT,m,UT07666,Control,276,1
C2015,UT,m,UT07667,Control,563,1
C2015,UT,m,UT07672,Control,994,1
C2015,UT,m,UT07673,Control,1024,1
C2015,UT,m,UT07674,Control,546,1
C2015,UT,m,UT07700,Control,326,1
C2015,UT,m,UT07701,Control,830,0
C2015,UT,m,UT07702,Control,730,1
C2015,UT,m,UT07725,Control,578,1
C2015,UT,m,UT07726,Control,534,0
C2015,UT,m,UT07727,Control,683,1
C2015,UT,m,UT07770,Control,1118,1
C2015,UT,m,UT07771,Control,539,1
C2015,UT,m,UT07772,Control,1056,1
C2015,UT,m,UT07773,Control,500,1
C2015,UT,m,UT07774,Control,847,1
C2015,UT,m,UT07775,Control,351,1
C2015,UT,m,UT07787,Control,905,1
C2015,UT,m,UT07788,Control,576,1
C2015,UT,m,UT07789,Control,762,1
C2015,UT,m,UT07793,Control,241,1
C2015,UT,m,UT07794,Control,976,1
C2015,UT,m,UT07795,Control,437,1
C2015,UT,m,UT07810,Control,1220,1
C2015,UT,m,UT07811,Control,877,1
C2015,UT,m,UT07812,Control,1176,1
C2015,UT,m,UT07866,Control,815,1
C2015,UT,m,UT07867,Control,916,1
C2015,UT,m,UT07868,Control,451,1
C2015,UT,m,UT07922,Control,884,1
C2015,UT,m,UT07923,Control,300,1
C2015,UT,m,UT07924,Control,888,1
C2015,UT,m,UT07928,Control,394,1
C2015,UT,m,UT07929,Control,786,1
C2015,UT,m,UT07930,Control,237,1
C2015,UT,m,UT08033,Control,842,1
C2015,UT,m,UT08034,Control,387,1
C2015,UT,m,UT08035,Control,876,1
C2015,UT,m,UT08044,Control,1106,1
C2015,UT,m,UT08045,Control,923,1
C2015,UT,m,UT08046,Control,419,1
C2015,UT,m,UT08061,Control,412,1
C2015,UT,m,UT08062,Control,796,1
C2015,UT,m,UT08063,Control,903,1
C2015,UT,m,UT08091,Control,457,0
C2015,UT,m,UT08092,Control,457,0
C2015,UT,m,UT08093,Control,457,0
C2015,UT,m,UT08094,Control,864,1
C2015,UT,m,UT08095,Control,607,1
C2015,UT,m,UT08096,Control,498,0
C2015,UT,m,UT08128,Control,809,1
C2015,UT,m,UT08129,Control,519,1
C2015,UT,m,UT08130,Control,912,1
C2015,UT,m,UT08182,Control,487,1
C2015,UT,m,UT08183,Control,720,1
C2015,UT,m,UT08184,Control,1086,1
C2015,UT,m,UT08193,Control,839,1
C2015,UT,m,UT08194,Control,879,1
C2015,UT,m,UT08195,Control,876,1
C2015,UT,m,UT08277,Control,869,1
C2015,UT,m,UT08278,Control,806,1
C2015,UT,m,UT08279,Control,674,1
C2015,UT,m,UT08291,Control,668,1
C2015,UT,m,UT08292,Control,814,1
C2015,UT,m,UT08293,Control,529,1
C2015,UT,m,UT08294,Control,327,0
C2015,UT,m,UT08295,Control,327,0
C2015,UT,m,UT08296,Control,775,1
C2015,UT,m,UT08363,Control,849,1
C2015,UT,m,UT08364,Control,373,1
C2015,UT,m,UT08365,Control,510,1
C2015,UT,m,UT08393,Control,1019,1
C2015,UT,m,UT08394,Control,730,1
C2015,UT,m,UT08395,Control,796,1
C2015,UT,m,UT08424,Control,771,1
C2015,UT,m,UT08425,Control,395,1
C2015,UT,m,UT08426,Control,941,1
C2015,UT,m,UT08462,Control,810,1
C2015,UT,m,UT08463,Control,405,1
C2015,UT,m,UT08464,Control,420,1
C2015,TJL,f,JL11865,DMAG,828,1
C2015,TJL,f,JL11866,DMAG,813,1
C2015,TJL,f,JL11867,DMAG,1043,1
C2015,TJL,f,JL11868,DMAG,980,1
C2015,TJL,f,JL11891,DMAG,890,1
C2015,TJL,f,JL11892,DMAG,821,1
C2015,TJL,f,JL11893,DMAG,419,1
C2015,TJL,f,JL11894,DMAG,624,1
C2015,TJL,f,JL11903,DMAG,1015,1
C2015,TJL,f,JL11904,DMAG,1050,1
C2015,TJL,f,JL11905,DMAG,945,1
C2015,TJL,f,JL11906,DMAG,916,0
C2015,TJL,f,JL11939,DMAG,1091,1
C2015,TJL,f,JL11940,DMAG,937,1
C2015,TJL,f,JL11941,DMAG,1069,1
C2015,TJL,f,JL11942,DMAG,1013,1
C2015,TJL,f,JL12076,DMAG,838,0
C2015,TJL,f,JL12077,DMAG,851,1
C2015,TJL,f,JL12078,DMAG,586,1
C2015,TJL,f,JL12079,DMAG,903,1
C2015,TJL,f,JL12153,DMAG,731,1
C2015,TJL,f,JL12154,DMAG,656,1
C2015,TJL,f,JL12155,DMAG,984,1
C2015,TJL,f,JL12156,DMAG,935,1
C2015,TJL,f,JL12181,DMAG,844,1
C2015,TJL,f,JL12182,DMAG,824,1
C2015,TJL,f,JL12183,DMAG,637,1
C2015,TJL,f,JL12184,DMAG,1074,1
C2015,TJL,f,JL12324,DMAG,1092,1
C2015,TJL,f,JL12325,DMAG,687,1
C2015,TJL,f,JL12326,DMAG,805,0
C2015,TJL,f,JL12327,DMAG,1035,1
C2015,TJL,f,JL12403,DMAG,945,1
C2015,TJL,f,JL12404,DMAG,1064,1
C2015,TJL,f,JL12405,DMAG,477,1
C2015,TJL,f,JL12406,DMAG,903,1
C2015,TJL,f,JL12436,DMAG,691,1
C2015,TJL,f,JL12437,DMAG,1149,1
C2015,TJL,f,JL12438,DMAG,1051,1
C2015,TJL,f,JL12439,DMAG,851,1
C2015,TJL,f,JL12550,DMAG,1194,1
C2015,TJL,f,JL12551,DMAG,734,1
C2015,TJL,f,JL12552,DMAG,694,1
C2015,TJL,f,JL12553,DMAG,268,1
C2015,TJL,f,JL12644,DMAG,730,1
C2015,TJL,f,JL12645,DMAG,854,1
C2015,TJL,f,JL12646,DMAG,1199,1
C2015,TJL,f,JL12647,DMAG,917,1
C2015,TJL,m,JL11823,DMAG,1064,1
C2015,TJL,m,JL11824,DMAG,1099,1
C2015,TJL,m,JL11825,DMAG,939,1
C2015,TJL,m,JL11829,DMAG,1023,1
C2015,TJL,m,JL11830,DMAG,632,1
C2015,TJL,m,JL11831,DMAG,380,1
C2015,TJL,m,JL11838,DMAG,590,1
C2015,TJL,m,JL11839,DMAG,939,1
C2015,TJL,m,JL11840,DMAG,842,1
C2015,TJL,m,JL11872,DMAG,589,1
C2015,TJL,m,JL11873,DMAG,645,1
C2015,TJL,m,JL11874,DMAG,777,1
C2015,TJL,m,JL11911,DMAG,1127,1
C2015,TJL,m,JL11912,DMAG,827,1
C2015,TJL,m,JL11913,DMAG,366,1
C2015,TJL,m,JL11926,DMAG,876,1
C2015,TJL,m,JL11927,DMAG,1019,1
C2015,TJL,m,JL11928,DMAG,791,1
C2015,TJL,m,JL11991,DMAG,1092,1
C2015,TJL,m,JL11992,DMAG,935,1
C2015,TJL,m,JL11993,DMAG,699,1
C2015,TJL,m,JL12061,DMAG,326,1
C2015,TJL,m,JL12062,DMAG,547,1
C2015,TJL,m,JL12063,DMAG,841,1
C2015,TJL,m,JL12110,DMAG,1061,1
C2015,TJL,m,JL12111,DMAG,790,1
C2015,TJL,m,JL12112,DMAG,775,1
C2015,TJL,m,JL12167,DMAG,894,1
C2015,TJL,m,JL12168,DMAG,1102,1
C2015,TJL,m,JL12169,DMAG,1198,1
C2015,TJL,m,JL12178,DMAG,1029,1
C2015,TJL,m,JL12179,DMAG,833,1
C2015,TJL,m,JL12180,DMAG,890,1
C2015,TJL,m,JL12204,DMAG,481,1
C2015,TJL,m,JL12205,DMAG,1073,1
C2015,TJL,m,JL12206,DMAG,251,1
C2015,TJL,m,JL12318,DMAG,1130,1
C2015,TJL,m,JL12319,DMAG,658,1
C2015,TJL,m,JL12320,DMAG,1120,1
C2015,TJL,m,JL12367,DMAG,771,1
C2015,TJL,m,JL12368,DMAG,631,1
C2015,TJL,m,JL12369,DMAG,332,1
C2015,TJL,m,JL12419,DMAG,722,1
C2015,TJL,m,JL12420,DMAG,290,1
C2015,TJL,m,JL12421,DMAG,1221,1
C2015,TJL,m,JL12513,DMAG,1032,1
C2015,TJL,m,JL12514,DMAG,1032,1
C2015,TJL,m,JL12515,DMAG,279,1
C2015,TJL,m,JL12543,DMAG,916,0
C2015,TJL,m,JL12544,DMAG,911,1
C2015,TJL,m,JL12545,DMAG,433,1
C2015,TJL,m,JL12625,DMAG,1005,1
C2015,TJL,m,JL12626,DMAG,287,1
C2015,TJL,m,JL12627,DMAG,738,1
C2015,UM,f,UM53718,DMAG,1160,1
C2015,UM,f,UM53725,DMAG,595,1
C2015,UM,f,UM53732,DMAG,821,1
C2015,UM,f,UM53739,DMAG,1002,1
C2015,UM,f,UM54152,DMAG,877,1
C2015,UM,f,UM54159,DMAG,449,1
C2015,UM,f,UM54166,DMAG,969,1
C2015,UM,f,UM54173,DMAG,675,1
C2015,UM,f,UM54180,DMAG,791,1
C2015,UM,f,UM54187,DMAG,854,1
C2015,UM,f,UM54194,DMAG,831,1
C2015,UM,f,UM54201,DMAG,819,1
C2015,UM,f,UM54306,DMAG,882,1
C2015,UM,f,UM54313,DMAG,732,1
C2015,UM,f,UM54320,DMAG,788,1
C2015,UM,f,UM54327,DMAG,871,1
C2015,UM,f,UM54796,DMAG,699,1
C2015,UM,f,UM54803,DMAG,989,1
C2015,UM,f,UM54810,DMAG,942,1
C2015,UM,f,UM54817,DMAG,1016,1
C2015,UM,f,UM56175,DMAG,973,1
C2015,UM,f,UM56182,DMAG,975,1
C2015,UM,f,UM56189,DMAG,629,1
C2015,UM,f,UM56196,DMAG,992,1
C2015,UM,f,UM56490,DMAG,976,1
C2015,UM,f,UM56497,DMAG,943,1
C2015,UM,f,UM56504,DMAG,673,1
C2015,UM,f,UM56511,DMAG,822,1
C2015,UM,f,UM57267,DMAG,708,1
C2015,UM,f,UM57274,DMAG,729,0
C2015,UM,f,UM57281,DMAG,869,1
C2015,UM,f,UM57288,DMAG,711,1
C2015,UM,f,UM57449,DMAG,520,1
C2015,UM,f,UM57456,DMAG,937,1
C2015,UM,f,UM57463,DMAG,969,1
C2015,UM,f,UM57470,DMAG,1069,1
C2015,UM,f,UM57540,DMAG,1040,1
C2015,UM,f,UM57547,DMAG,908,1
C2015,UM,f,UM57554,DMAG,861,1
C2015,UM,f,UM57561,DMAG,701,1
C2015,UM,f,UM58527,DMAG,814,1
C2015,UM,f,UM58534,DMAG,513,1
C2015,UM,f,UM58541,DMAG,659,1
C2015,UM,f,UM58548,DMAG,804,1
C2015,UM,m,UM53011,DMAG,412,0
C2015,UM,m,UM53018,DMAG,412,0
C2015,UM,m,UM53025,DMAG,412,0
C2015,UM,m,UM53060,DMAG,851,1
C2015,UM,m,UM53067,DMAG,891,1
C2015,UM,m,UM53074,DMAG,1090,1
C2015,UM,m,UM53823,DMAG,871,1
C2015,UM,m,UM53830,DMAG,922,1
C2015,UM,m,UM53837,DMAG,613,1
C2015,UM,m,UM54229,DMAG,542,1
C2015,UM,m,UM54236,DMAG,1007,1
C2015,UM,m,UM54243,DMAG,658,1
C2015,UM,m,UM54621,DMAG,954,1
C2015,UM,m,UM54628,DMAG,774,1
C2015,UM,m,UM54635,DMAG,1002,1
C2015,UM,m,UM55440,DMAG,779,1
C2015,UM,m,UM55447,DMAG,837,1
C2015,UM,m,UM55454,DMAG,860,1
C2015,UM,m,UM55706,DMAG,748,1
C2015,UM,m,UM55713,DMAG,382,1
C2015,UM,m,UM55720,DMAG,337,1
C2015,UM,m,UM56350,DMAG,535,1
C2015,UM,m,UM56357,DMAG,516,1
C2015,UM,m,UM56364,DMAG,930,1
C2015,UM,m,UM56518,DMAG,545,1
C2015,UM,m,UM56525,DMAG,638,1
C2015,UM,m,UM56532,DMAG,704,1
C2015,UM,m,UM56679,DMAG,912,1
C2015,UM,m,UM56686,DMAG,321,1
C2015,UM,m,UM56693,DMAG,1005,1
C2015,UM,m,UM56924,DMAG,1096,1
C2015,UM,m,UM56931,DMAG,651,1
C2015,UM,m,UM56938,DMAG,847,1
C2015,UM,m,UM57106,DMAG,732,1
C2015,UM,m,UM57113,DMAG,866,1
C2015,UM,m,UM57120,DMAG,874,1
C2015,UM,m,UM57204,DMAG,489,1
C2015,UM,m,UM57211,DMAG,850,1
C2015,UM,m,UM57218,DMAG,986,1
C2015,UM,m,UM57246,DMAG,696,1
C2015,UM,m,UM57253,DMAG,373,1
C2015,UM,m,UM57260,DMAG,741,1
C2015,UM,m,UM57365,DMAG,1064,1
C2015,UM,m,UM57372,DMAG,845,1
C2015,UM,m,UM57379,DMAG,869,1
C2015,UM,m,UM57519,DMAG,945,1
C2015,UM,m,UM57526,DMAG,936,1
C2015,UM,m,UM57533,DMAG,358,1
C2015,UM,m,UM58191,DMAG,769,1
C2015,UM,m,UM58198,DMAG,915,1
C2015,UM,m,UM58205,DMAG,757,1
C2015,UT,f,UT07748,DMAG,852,1
C2015,UT,f,UT07749,DMAG,926,1
C2015,UT,f,UT07750,DMAG,845,1
C2015,UT,f,UT07751,DMAG,744,1
C2015,UT,f,UT07759,DMAG,776,1
C2015,UT,f,UT07760,DMAG,992,1
C2015,UT,f,UT07761,DMAG,793,1
C2015,UT,f,UT07762,DMAG,816,1
C2015,UT,f,UT07796,DMAG,1120,1
C2015,UT,f,UT07797,DMAG,1080,1
C2015,UT,f,UT07798,DMAG,721,1
C2015,UT,f,UT07799,DMAG,653,1
C2015,UT,f,UT08036,DMAG,1011,1
C2015,UT,f,UT08037,DMAG,1003,1
C2015,UT,f,UT08038,DMAG,845,1
C2015,UT,f,UT08039,DMAG,1021,1
C2015,UT,f,UT08084,DMAG,950,1
C2015,UT,f,UT08085,DMAG,1077,1
C2015,UT,f,UT08086,DMAG,659,1
C2015,UT,f,UT08087,DMAG,803,1
C2015,UT,f,UT08175,DMAG,862,1
C2015,UT,f,UT08176,DMAG,961,1
C2015,UT,f,UT08177,DMAG,788,1
C2015,UT,f,UT08178,DMAG,842,1
C2015,UT,f,UT08185,DMAG,747,1
C2015,UT,f,UT08186,DMAG,1162,1
C2015,UT,f,UT08187,DMAG,814,1
C2015,UT,f,UT08188,DMAG,901,1
C2015,UT,f,UT08222,DMAG,1085,1
C2015,UT,f,UT08223,DMAG,871,1
C2015,UT,f,UT08224,DMAG,271,1
C2015,UT,f,UT08225,DMAG,1063,1
C2015,UT,f,UT08304,DMAG,1016,1
C2015,UT,f,UT08305,DMAG,1219,1
C2015,UT,f,UT08306,DMAG,648,1
C2015,UT,f,UT08307,DMAG,703,1
C2015,UT,f,UT08369,DMAG,1063,1
C2015,UT,f,UT08370,DMAG,923,1
C2015,UT,f,UT08371,DMAG,703,1
C2015,UT,f,UT08372,DMAG,911,1
C2015,UT,f,UT08403,DMAG,1139,1
C2015,UT,f,UT08404,DMAG,723,1
C2015,UT,f,UT08405,DMAG,878,1
C2015,UT,f,UT08406,DMAG,688,1
C2015,UT,m,UT07693,DMAG,1080,1
C2015,UT,m,UT07694,DMAG,356,1
C2015,UT,m,UT07695,DMAG,740,1
C2015,UT,m,UT07713,DMAG,903,1
C2015,UT,m,UT07714,DMAG,760,1
C2015,UT,m,UT07715,DMAG,846,1
C2015,UT,m,UT07719,DMAG,1155,1
C2015,UT,m,UT07720,DMAG,856,1
C2015,UT,m,UT07721,DMAG,695,1
C2015,UT,m,UT07739,DMAG,1041,1
C2015,UT,m,UT07740,DMAG,870,1
C2015,UT,m,UT07741,DMAG,729,1
C2015,UT,m,UT07817,DMAG,377,1
C2015,UT,m,UT07818,DMAG,893,1
C2015,UT,m,UT07819,DMAG,1007,1
C2015,UT,m,UT07856,DMAG,264,1
C2015,UT,m,UT07857,DMAG,613,1
C2015,UT,m,UT07858,DMAG,677,1
C2015,UT,m,UT07859,DMAG,822,1
C2015,UT,m,UT07860,DMAG,962,1
C2015,UT,m,UT07861,DMAG,515,1
C2015,UT,m,UT08006,DMAG,654,1
C2015,UT,m,UT08007,DMAG,501,1
C2015,UT,m,UT08008,DMAG,811,1
C2015,UT,m,UT08111,DMAG,1057,1
C2015,UT,m,UT08112,DMAG,1139,1
C2015,UT,m,UT08113,DMAG,990,1
C2015,UT,m,UT08216,DMAG,1106,1
C2015,UT,m,UT08217,DMAG,473,1
C2015,UT,m,UT08218,DMAG,1005,1
C2015,UT,m,UT08274,DMAG,971,1
C2015,UT,m,UT08275,DMAG,535,1
C2015,UT,m,UT08276,DMAG,1061,1
C2015,UT,m,UT08301,DMAG,327,1
C2015,UT,m,UT08302,DMAG,1153,1
C2015,UT,m,UT08303,DMAG,681,1
C2015,UT,m,UT08329,DMAG,867,1
C2015,UT,m,UT08330,DMAG,1017,1
C2015,UT,m,UT08331,DMAG,1215,1
C2015,UT,m,UT08380,DMAG,745,1
C2015,UT,m,UT08381,DMAG,800,1
C2015,UT,m,UT08382,DMAG,764,1
C2015,UT,m,UT08400,DMAG,855,1
C2015,UT,m,UT08401,DMAG,1165,1
C2015,UT,m,UT08402,DMAG,1008,1
C2015,UT,m,UT08438,DMAG,959,1
C2015,UT,m,UT08439,DMAG,928,1
C2015,UT,m,UT08440,DMAG,913,1
C2015,UT,m,UT08451,DMAG,873,1
C2015,UT,m,UT08452,DMAG,606,1
C2015,UT,m,UT08453,DMAG,412,1
C2015,TJL,f,JL11808,Min,1070,1
C2015,TJL,f,JL11809,Min,1114,1
C2015,TJL,f,JL11810,Min,799,1
C2015,TJL,f,JL11811,Min,624,1
C2015,TJL,f,JL11812,Min,1202,1
C2015,TJL,f,JL11813,Min,861,1
C2015,TJL,f,JL11814,Min,1141,1
C2015,TJL,f,JL11815,Min,674,1
C2015,TJL,f,JL11845,Min,695,1
C2015,TJL,f,JL11846,Min,805,1
C2015,TJL,f,JL11847,Min,953,1
C2015,TJL,f,JL11848,Min,894,1
C2015,TJL,f,JL11956,Min,883,1
C2015,TJL,f,JL11957,Min,855,1
C2015,TJL,f,JL11958,Min,1102,1
C2015,TJL,f,JL11959,Min,1062,1
C2015,TJL,f,JL12132,Min,714,1
C2015,TJL,f,JL12133,Min,848,1
C2015,TJL,f,JL12134,Min,1001,1
C2015,TJL,f,JL12135,Min,1029,1
C2015,TJL,f,JL12298,Min,1058,1
C2015,TJL,f,JL12299,Min,597,1
C2015,TJL,f,JL12300,Min,1024,1
C2015,TJL,f,JL12301,Min,1084,1
C2015,TJL,f,JL12340,Min,1086,1
C2015,TJL,f,JL12341,Min,1185,1
C2015,TJL,f,JL12342,Min,937,1
C2015,TJL,f,JL12343,Min,733,1
C2015,TJL,f,JL12395,Min,987,1
C2015,TJL,f,JL12396,Min,913,1
C2015,TJL,f,JL12397,Min,1116,1
C2015,TJL,f,JL12398,Min,806,1
C2015,TJL,f,JL12489,Min,930,1
C2015,TJL,f,JL12490,Min,841,1
C2015,TJL,f,JL12491,Min,481,1
C2015,TJL,f,JL12492,Min,993,1
C2015,TJL,f,JL12526,Min,810,1
C2015,TJL,f,JL12527,Min,872,1
C2015,TJL,f,JL12528,Min,1231,1
C2015,TJL,f,JL12529,Min,1087,1
C2015,TJL,f,JL12614,Min,656,1
C2015,TJL,f,JL12615,Min,948,1
C2015,TJL,f,JL12616,Min,395,1
C2015,TJL,f,JL12617,Min,1033,1
C2015,TJL,f,JL12640,Min,1075,1
C2015,TJL,f,JL12641,Min,854,1
C2015,TJL,f,JL12642,Min,701,1
C2015,TJL,f,JL12643,Min,750,1
C2015,TJL,m,JL11858,Min,238,1
C2015,TJL,m,JL11859,Min,773,1
C2015,TJL,m,JL11860,Min,870,1
C2015,TJL,m,JL11869,Min,1032,1
C2015,TJL,m,JL11870,Min,798,1
C2015,TJL,m,JL11871,Min,941,1
C2015,TJL,m,JL11920,Min,596,1
C2015,TJL,m,JL11921,Min,1155,1
C2015,TJL,m,JL11922,Min,638,1
C2015,TJL,m,JL11932,Min,939,1
C2015,TJL,m,JL11933,Min,1022,1
C2015,TJL,m,JL11934,Min,869,1
C2015,TJL,m,JL11982,Min,1120,1
C2015,TJL,m,JL11983,Min,593,1
C2015,TJL,m,JL11984,Min,866,1
C2015,TJL,m,JL12005,Min,835,1
C2015,TJL,m,JL12006,Min,441,1
C2015,TJL,m,JL12007,Min,692,1
C2015,TJL,m,JL12107,Min,754,1
C2015,TJL,m,JL12108,Min,642,1
C2015,TJL,m,JL12109,Min,1012,1
C2015,TJL,m,JL12143,Min,820,1
C2015,TJL,m,JL12144,Min,561,1
C2015,TJL,m,JL12145,Min,793,1
C2015,TJL,m,JL12255,Min,645,1
C2015,TJL,m,JL12256,Min,824,1
C2015,TJL,m,JL12257,Min,840,1
C2015,TJL,m,JL12261,Min,977,1
C2015,TJL,m,JL12262,Min,834,1
C2015,TJL,m,JL12263,Min,714,1
C2015,TJL,m,JL12312,Min,784,1
C2015,TJL,m,JL12313,Min,484,1
C2015,TJL,m,JL12314,Min,499,1
C2015,TJL,m,JL12382,Min,942,1
C2015,TJL,m,JL12383,Min,1028,1
C2015,TJL,m,JL12384,Min,282,1
C2015,TJL,m,JL12388,Min,862,1
C2015,TJL,m,JL12389,Min,448,1
C2015,TJL,m,JL12390,Min,401,1
C2015,TJL,m,JL12554,Min,652,1
C2015,TJL,m,JL12555,Min,470,1
C2015,TJL,m,JL12556,Min,910,1
C2015,TJL,m,JL12586,Min,1024,1
C2015,TJL,m,JL12587,Min,887,1
C2015,TJL,m,JL12588,Min,446,1
C2015,TJL,m,JL12607,Min,1053,1
C2015,TJL,m,JL12608,Min,898,1
C2015,TJL,m,JL12609,Min,519,1
C2015,TJL,m,JL12693,Min,819,1
C2015,TJL,m,JL12694,Min,673,1
C2015,TJL,m,JL12695,Min,680,1
C2015,TJL,m,JL12717,Min,1060,1
C2015,TJL,m,JL12718,Min,1019,1
C2015,TJL,m,JL12719,Min,776,1
C2015,UM,f,UM53032,Min,866,1
C2015,UM,f,UM53039,Min,1086,1
C2015,UM,f,UM53046,Min,679,1
C2015,UM,f,UM53053,Min,948,1
C2015,UM,f,UM53592,Min,923,1
C2015,UM,f,UM53599,Min,920,1
C2015,UM,f,UM53606,Min,329,1
C2015,UM,f,UM53613,Min,994,1
C2015,UM,f,UM53774,Min,681,1
C2015,UM,f,UM53781,Min,667,1
C2015,UM,f,UM53788,Min,819,1
C2015,UM,f,UM53795,Min,954,1
C2015,UM,f,UM53970,Min,822,1
C2015,UM,f,UM53977,Min,720,1
C2015,UM,f,UM53984,Min,1040,1
C2015,UM,f,UM53991,Min,953,1
C2015,UM,f,UM55202,Min,803,1
C2015,UM,f,UM55209,Min,771,1
C2015,UM,f,UM55216,Min,1018,1
C2015,UM,f,UM55223,Min,1094,1
C2015,UM,f,UM56084,Min,1171,1
C2015,UM,f,UM56091,Min,828,1
C2015,UM,f,UM56098,Min,830,1
C2015,UM,f,UM56105,Min,803,1
C2015,UM,f,UM56721,Min,778,1
C2015,UM,f,UM56728,Min,878,1
C2015,UM,f,UM56735,Min,752,1
C2015,UM,f,UM56742,Min,1070,1
C2015,UM,f,UM56868,Min,638,1
C2015,UM,f,UM56875,Min,916,1
C2015,UM,f,UM56882,Min,753,1
C2015,UM,f,UM56889,Min,719,1
C2015,UM,f,UM57841,Min,799,1
C2015,UM,f,UM57848,Min,533,1
C2015,UM,f,UM57855,Min,769,1
C2015,UM,f,UM57862,Min,898,1
C2015,UM,f,UM57960,Min,602,1
C2015,UM,f,UM57967,Min,928,1
C2015,UM,f,UM57974,Min,800,1
C2015,UM,f,UM57981,Min,765,1
C2015,UM,f,UM58282,Min,1050,1
C2015,UM,f,UM58289,Min,737,1
C2015,UM,f,UM58296,Min,862,1
C2015,UM,f,UM58303,Min,959,1
C2015,UM,m,UM52836,Min,1016,1
C2015,UM,m,UM52843,Min,1006,1
C2015,UM,m,UM52850,Min,584,1
C2015,UM,m,UM52927,Min,693,1
C2015,UM,m,UM52934,Min,947,1
C2015,UM,m,UM52941,Min,1027,1
C2015,UM,m,UM52969,Min,954,1
C2015,UM,m,UM52976,Min,885,1
C2015,UM,m,UM52983,Min,912,1
C2015,UM,m,UM53641,Min,156,0
C2015,UM,m,UM53648,Min,156,0
C2015,UM,m,UM53655,Min,156,0
C2015,UM,m,UM54558,Min,946,1
C2015,UM,m,UM54565,Min,501,1
C2015,UM,m,UM54572,Min,594,1
C2015,UM,m,UM54642,Min,844,1
C2015,UM,m,UM54649,Min,1007,1
C2015,UM,m,UM54656,Min,631,1
C2015,UM,m,UM54901,Min,890,1
C2015,UM,m,UM54908,Min,687,1
C2015,UM,m,UM54915,Min,777,1
C2015,UM,m,UM55034,Min,177,1
C2015,UM,m,UM55041,Min,1020,1
C2015,UM,m,UM55048,Min,644,1
C2015,UM,m,UM55853,Min,986,1
C2015,UM,m,UM55860,Min,886,1
C2015,UM,m,UM55867,Min,708,1
C2015,UM,m,UM55937,Min,738,1
C2015,UM,m,UM55944,Min,394,1
C2015,UM,m,UM55951,Min,1117,1
C2015,UM,m,UM56112,Min,907,1
C2015,UM,m,UM56119,Min,714,1
C2015,UM,m,UM56126,Min,426,1
C2015,UM,m,UM56700,Min,482,0
C2015,UM,m,UM56707,Min,482,0
C2015,UM,m,UM56714,Min,482,0
C2015,UM,m,UM56826,Min,890,1
C2015,UM,m,UM56833,Min,660,1
C2015,UM,m,UM56840,Min,983,1
C2015,UM,m,UM57036,Min,1197,1
C2015,UM,m,UM57043,Min,927,1
C2015,UM,m,UM57050,Min,638,1
C2015,UM,m,UM57127,Min,630,1
C2015,UM,m,UM57134,Min,815,1
C2015,UM,m,UM57141,Min,451,1
C2015,UM,m,UM57225,Min,1050,1
C2015,UM,m,UM57232,Min,491,1
C2015,UM,m,UM57239,Min,1082,1
C2015,UM,m,UM58100,Min,750,1
C2015,UM,m,UM58107,Min,767,1
C2015,UM,m,UM58114,Min,885,1
C2015,UT,f,UT07654,Min,693,1
C2015,UT,f,UT07655,Min,651,1
C2015,UT,f,UT07656,Min,893,1
C2015,UT,f,UT07657,Min,727,1
C2015,UT,f,UT07658,Min,993,1
C2015,UT,f,UT07659,Min,1100,1
C2015,UT,f,UT07660,Min,895,1
C2015,UT,f,UT07661,Min,960,1
C2015,UT,f,UT07776,Min,1131,1
C2015,UT,f,UT07777,Min,1037,1
C2015,UT,f,UT07778,Min,866,1
C2015,UT,f,UT07779,Min,1044,1
C2015,UT,f,UT07838,Min,856,1
C2015,UT,f,UT07839,Min,914,1
C2015,UT,f,UT07840,Min,884,1
C2015,UT,f,UT07841,Min,988,1
C2015,UT,f,UT07845,Min,1263,1
C2015,UT,f,UT07846,Min,753,1
C2015,UT,f,UT07847,Min,986,1
C2015,UT,f,UT07848,Min,983,1
C2015,UT,f,UT07869,Min,1210,1
C2015,UT,f,UT07870,Min,628,1
C2015,UT,f,UT07871,Min,855,1
C2015,UT,f,UT07872,Min,585,1
C2015,UT,f,UT07948,Min,1074,1
C2015,UT,f,UT07949,Min,815,1
C2015,UT,f,UT07950,Min,806,1
C2015,UT,f,UT07951,Min,982,1
C2015,UT,f,UT07982,Min,984,1
C2015,UT,f,UT07983,Min,531,0
C2015,UT,f,UT07984,Min,943,1
C2015,UT,f,UT07985,Min,1115,1
C2015,UT,f,UT08040,Min,887,1
C2015,UT,f,UT08041,Min,784,1
C2015,UT,f,UT08042,Min,867,1
C2015,UT,f,UT08043,Min,763,1
C2015,UT,f,UT08229,Min,1044,1
C2015,UT,f,UT08230,Min,857,1
C2015,UT,f,UT08231,Min,866,1
C2015,UT,f,UT08232,Min,282,1
C2015,UT,f,UT08536,Min,1025,1
C2015,UT,f,UT08537,Min,603,1
C2015,UT,f,UT08538,Min,855,1
C2015,UT,f,UT08539,Min,801,1
C2015,UT,m,UT07617,Min,614,1
C2015,UT,m,UT07618,Min,825,1
C2015,UT,m,UT07619,Min,854,1
C2015,UT,m,UT07732,Min,297,1
C2015,UT,m,UT07733,Min,1314,1
C2015,UT,m,UT07734,Min,443,1
C2015,UT,m,UT07908,Min,763,1
C2015,UT,m,UT07909,Min,724,1
C2015,UT,m,UT07910,Min,380,1
C2015,UT,m,UT07959,Min,937,1
C2015,UT,m,UT07960,Min,824,1
C2015,UT,m,UT07961,Min,836,1
C2015,UT,m,UT07972,Min,840,1
C2015,UT,m,UT07973,Min,633,1
C2015,UT,m,UT07974,Min,648,1
C2015,UT,m,UT07990,Min,684,1
C2015,UT,m,UT07991,Min,842,1
C2015,UT,m,UT07992,Min,404,1
C2015,UT,m,UT08000,Min,224,1
C2015,UT,m,UT08001,Min,858,1
C2015,UT,m,UT08002,Min,987,1
C2015,UT,m,UT08051,Min,831,1
C2015,UT,m,UT08052,Min,654,1
C2015,UT,m,UT08053,Min,711,1
C2015,UT,m,UT08135,Min,506,1
C2015,UT,m,UT08136,Min,426,1
C2015,UT,m,UT08137,Min,748,1
C2015,UT,m,UT08169,Min,1200,1
C2015,UT,m,UT08170,Min,940,1
C2015,UT,m,UT08171,Min,422,1
C2015,UT,m,UT08206,Min,953,1
C2015,UT,m,UT08207,Min,893,1
C2015,UT,m,UT08208,Min,892,1
C2015,UT,m,UT08247,Min,371,1
C2015,UT,m,UT08248,Min,477,1
C2015,UT,m,UT08249,Min,1223,1
C2015,UT,m,UT08250,Min,930,1
C2015,UT,m,UT08251,Min,1124,1
C2015,UT,m,UT08252,Min,378,1
C2015,UT,m,UT08260,Min,650,1
C2015,UT,m,UT08261,Min,907,1
C2015,UT,m,UT08262,Min,541,1
C2015,UT,m,UT08308,Min,769,1
C2015,UT,m,UT08309,Min,852,1
C2015,UT,m,UT08310,Min,890,1
C2015,UT,m,UT08336,Min,942,1
C2015,UT,m,UT08337,Min,1024,1
C2015,UT,m,UT08338,Min,483,1
C2015,UT,m,UT08360,Min,792,1
C2015,UT,m,UT08361,Min,540,1
C2015,UT,m,UT08362,Min,400,1
C2015,TJL,f,JL11800,MitoQ,812,1
C2015,TJL,f,JL11801,MitoQ,1105,1
C2015,TJL,f,JL11802,MitoQ,1105,1
C2015,TJL,f,JL11803,MitoQ,716,1
C2015,TJL,f,JL11970,MitoQ,685,1
C2015,TJL,f,JL11971,MitoQ,1054,1
C2015,TJL,f,JL11972,MitoQ,1059,1
C2015,TJL,f,JL11973,MitoQ,775,1
C2015,TJL,f,JL12084,MitoQ,949,1
C2015,TJL,f,JL12085,MitoQ,1019,1
C2015,TJL,f,JL12086,MitoQ,921,1
C2015,TJL,f,JL12087,MitoQ,1222,1
C2015,TJL,f,JL12096,MitoQ,988,1
C2015,TJL,f,JL12097,MitoQ,859,1
C2015,TJL,f,JL12098,MitoQ,1205,1
C2015,TJL,f,JL12099,MitoQ,1259,1
C2015,TJL,f,JL12100,MitoQ,1062,1
C2015,TJL,f,JL12101,MitoQ,1268,1
C2015,TJL,f,JL12102,MitoQ,1130,1
C2015,TJL,f,JL12103,MitoQ,1195,1
C2015,TJL,f,JL12136,MitoQ,681,1
C2015,TJL,f,JL12137,MitoQ,1190,1
C2015,TJL,f,JL12138,MitoQ,373,1
C2015,TJL,f,JL12139,MitoQ,1293,1
C2015,TJL,f,JL12174,MitoQ,799,1
C2015,TJL,f,JL12175,MitoQ,871,1
C2015,TJL,f,JL12176,MitoQ,701,1
C2015,TJL,f,JL12177,MitoQ,772,1
C2015,TJL,f,JL12225,MitoQ,864,1
C2015,TJL,f,JL12226,MitoQ,862,1
C2015,TJL,f,JL12227,MitoQ,883,1
C2015,TJL,f,JL12228,MitoQ,975,1
C2015,TJL,f,JL12328,MitoQ,1111,1
C2015,TJL,f,JL12329,MitoQ,1021,1
C2015,TJL,f,JL12330,MitoQ,1021,1
C2015,TJL,f,JL12331,MitoQ,896,1
C2015,TJL,f,JL12344,MitoQ,1050,1
C2015,TJL,f,JL12345,MitoQ,1028,1
C2015,TJL,f,JL12346,MitoQ,722,1
C2015,TJL,f,JL12347,MitoQ,785,1
C2015,TJL,f,JL12399,MitoQ,1004,1
C2015,TJL,f,JL12400,MitoQ,979,1
C2015,TJL,f,JL12401,MitoQ,960,1
C2015,TJL,f,JL12402,MitoQ,679,1
C2015,TJL,f,JL12648,MitoQ,730,1
C2015,TJL,f,JL12649,MitoQ,792,1
C2015,TJL,f,JL12650,MitoQ,743,1
C2015,TJL,f,JL12651,MitoQ,1066,1
C2015,TJL,m,JL11849,MitoQ,380,1
C2015,TJL,m,JL11850,MitoQ,542,1
C2015,TJL,m,JL11851,MitoQ,640,1
C2015,TJL,m,JL11882,MitoQ,1173,1
C2015,TJL,m,JL11883,MitoQ,1096,1
C2015,TJL,m,JL11884,MitoQ,956,1
C2015,TJL,m,JL11917,MitoQ,559,1
C2015,TJL,m,JL11918,MitoQ,331,1
C2015,TJL,m,JL11919,MitoQ,939,1
C2015,TJL,m,JL11985,MitoQ,307,1
C2015,TJL,m,JL11986,MitoQ,510,1
C2015,TJL,m,JL11987,MitoQ,545,1
C2015,TJL,m,JL11988,MitoQ,1366,1
C2015,TJL,m,JL11989,MitoQ,811,1
C2015,TJL,m,JL11990,MitoQ,663,1
C2015,TJL,m,JL11994,MitoQ,601,1
C2015,TJL,m,JL11995,MitoQ,438,1
C2015,TJL,m,JL11996,MitoQ,504,1
C2015,TJL,m,JL12008,MitoQ,1116,1
C2015,TJL,m,JL12009,MitoQ,839,1
C2015,TJL,m,JL12010,MitoQ,886,1
C2015,TJL,m,JL12058,MitoQ,1050,1
C2015,TJL,m,JL12059,MitoQ,673,1
C2015,TJL,m,JL12060,MitoQ,512,1
C2015,TJL,m,JL12070,MitoQ,734,1
C2015,TJL,m,JL12071,MitoQ,681,1
C2015,TJL,m,JL12072,MitoQ,1144,1
C2015,TJL,m,JL12164,MitoQ,873,1
C2015,TJL,m,JL12165,MitoQ,942,1
C2015,TJL,m,JL12166,MitoQ,378,1
C2015,TJL,m,JL12258,MitoQ,862,1
C2015,TJL,m,JL12259,MitoQ,800,1
C2015,TJL,m,JL12260,MitoQ,869,1
C2015,TJL,m,JL12407,MitoQ,960,1
C2015,TJL,m,JL12408,MitoQ,946,1
C2015,TJL,m,JL12409,MitoQ,639,1
C2015,TJL,m,JL12501,MitoQ,502,1
C2015,TJL,m,JL12502,MitoQ,322,1
C2015,TJL,m,JL12503,MitoQ,747,1
C2015,TJL,m,JL12504,MitoQ,1015,1
C2015,TJL,m,JL12505,MitoQ,586,1
C2015,TJL,m,JL12506,MitoQ,1025,1
C2015,TJL,m,JL12516,MitoQ,775,1
C2015,TJL,m,JL12517,MitoQ,779,1
C2015,TJL,m,JL12518,MitoQ,929,1
C2015,TJL,m,JL12604,MitoQ,799,1
C2015,TJL,m,JL12605,MitoQ,676,1
C2015,TJL,m,JL12606,MitoQ,993,1
C2015,TJL,m,JL12634,MitoQ,1051,1
C2015,TJL,m,JL12635,MitoQ,314,1
C2015,TJL,m,JL12636,MitoQ,990,1
C2015,TJL,m,JL12659,MitoQ,1212,1
C2015,TJL,m,JL12660,MitoQ,1184,1
C2015,TJL,m,JL12661,MitoQ,945,1
C2015,UM,f,UM53102,MitoQ,759,1
C2015,UM,f,UM53109,MitoQ,1220,1
C2015,UM,f,UM53116,MitoQ,875,1
C2015,UM,f,UM53123,MitoQ,980,1
C2015,UM,f,UM54964,MitoQ,721,1
C2015,UM,f,UM54971,MitoQ,1035,1
C2015,UM,f,UM54978,MitoQ,775,1
C2015,UM,f,UM54985,MitoQ,718,1
C2015,UM,f,UM55055,MitoQ,777,1
C2015,UM,f,UM55062,MitoQ,1061,1
C2015,UM,f,UM55069,MitoQ,849,1
C2015,UM,f,UM55076,MitoQ,1020,1
C2015,UM,f,UM55412,MitoQ,724,1
C2015,UM,f,UM55419,MitoQ,997,1
C2015,UM,f,UM55426,MitoQ,624,1
C2015,UM,f,UM55433,MitoQ,852,1
C2015,UM,f,UM56798,MitoQ,885,1
C2015,UM,f,UM56805,MitoQ,783,1
C2015,UM,f,UM56812,MitoQ,982,1
C2015,UM,f,UM56819,MitoQ,499,1
C2015,UM,f,UM56896,MitoQ,1000,1
C2015,UM,f,UM56903,MitoQ,1123,1
C2015,UM,f,UM56910,MitoQ,971,1
C2015,UM,f,UM56917,MitoQ,858,1
C2015,UM,f,UM57337,MitoQ,926,1
C2015,UM,f,UM57344,MitoQ,833,1
C2015,UM,f,UM57351,MitoQ,633,1
C2015,UM,f,UM57358,MitoQ,1000,1
C2015,UM,f,UM57694,MitoQ,745,1
C2015,UM,f,UM57701,MitoQ,720,1
C2015,UM,f,UM57708,MitoQ,930,1
C2015,UM,f,UM57715,MitoQ,939,1
C2015,UM,f,UM57890,MitoQ,982,1
C2015,UM,f,UM57897,MitoQ,962,1
C2015,UM,f,UM57904,MitoQ,893,1
C2015,UM,f,UM57911,MitoQ,833,1
C2015,UM,f,UM58422,MitoQ,1009,1
C2015,UM,f,UM58429,MitoQ,1022,1
C2015,UM,f,UM58436,MitoQ,837,1
C2015,UM,f,UM58443,MitoQ,785,1
C2015,UM,f,UM58499,MitoQ,750,1
C2015,UM,f,UM58506,MitoQ,883,1
C2015,UM,f,UM58513,MitoQ,1051,1
C2015,UM,f,UM58520,MitoQ,966,1
C2015,UM,m,UM52906,MitoQ,557,1
C2015,UM,m,UM52913,MitoQ,784,1
C2015,UM,m,UM52920,MitoQ,433,1
C2015,UM,m,UM53319,MitoQ,542,1
C2015,UM,m,UM53326,MitoQ,906,1
C2015,UM,m,UM53333,MitoQ,1133,1
C2015,UM,m,UM53361,MitoQ,912,1
C2015,UM,m,UM53368,MitoQ,393,1
C2015,UM,m,UM53375,MitoQ,469,1
C2015,UM,m,UM54019,MitoQ,837,1
C2015,UM,m,UM54026,MitoQ,795,1
C2015,UM,m,UM54033,MitoQ,620,1
C2015,UM,m,UM54376,MitoQ,855,1
C2015,UM,m,UM54383,MitoQ,1122,1
C2015,UM,m,UM54390,MitoQ,561,1
C2015,UM,m,UM54600,MitoQ,454,1
C2015,UM,m,UM54607,MitoQ,597,1
C2015,UM,m,UM54614,MitoQ,902,1
C2015,UM,m,UM55013,MitoQ,709,1
C2015,UM,m,UM55020,MitoQ,916,1
C2015,UM,m,UM55027,MitoQ,828,1
C2015,UM,m,UM55272,MitoQ,495,1
C2015,UM,m,UM55279,MitoQ,1096,1
C2015,UM,m,UM55286,MitoQ,206,1
C2015,UM,m,UM55342,MitoQ,815,1
C2015,UM,m,UM55349,MitoQ,959,1
C2015,UM,m,UM55356,MitoQ,361,1
C2015,UM,m,UM55958,MitoQ,808,1
C2015,UM,m,UM55965,MitoQ,470,1
C2015,UM,m,UM55972,MitoQ,810,1
C2015,UM,m,UM56133,MitoQ,876,1
C2015,UM,m,UM56140,MitoQ,943,1
C2015,UM,m,UM56147,MitoQ,1021,1
C2015,UM,m,UM57015,MitoQ,365,1
C2015,UM,m,UM57022,MitoQ,288,1
C2015,UM,m,UM57029,MitoQ,793,1
C2015,UM,m,UM57498,MitoQ,280,1
C2015,UM,m,UM57505,MitoQ,786,1
C2015,UM,m,UM57512,MitoQ,646,1
C2015,UM,m,UM57589,MitoQ,726,1
C2015,UM,m,UM57596,MitoQ,347,1
C2015,UM,m,UM57603,MitoQ,631,1
C2015,UM,m,UM57869,MitoQ,1044,1
C2015,UM,m,UM57876,MitoQ,769,1
C2015,UM,m,UM57883,MitoQ,472,1
C2015,UM,m,UM58352,MitoQ,140,0
C2015,UM,m,UM58359,MitoQ,140,0
C2015,UM,m,UM58366,MitoQ,40,0
C2015,UM,m,UM58583,MitoQ,189,0
C2015,UM,m,UM58590,MitoQ,189,0
C2015,UM,m,UM58597,MitoQ,189,0
C2015,UT,f,UT07679,MitoQ,786,1
C2015,UT,f,UT07680,MitoQ,887,1
C2015,UT,f,UT07681,MitoQ,864,1
C2015,UT,f,UT07682,MitoQ,730,1
C2015,UT,f,UT07830,MitoQ,743,1
C2015,UT,f,UT07831,MitoQ,901,1
C2015,UT,f,UT07832,MitoQ,975,1
C2015,UT,f,UT07833,MitoQ,847,1
C2015,UT,f,UT07962,MitoQ,965,1
C2015,UT,f,UT07963,MitoQ,1204,1
C2015,UT,f,UT07964,MitoQ,668,1
C2015,UT,f,UT07965,MitoQ,387,1
C2015,UT,f,UT07993,MitoQ,1068,1
C2015,UT,f,UT07994,MitoQ,936,1
C2015,UT,f,UT07995,MitoQ,896,1
C2015,UT,f,UT07996,MitoQ,655,1
C2015,UT,f,UT08009,MitoQ,920,1
C2015,UT,f,UT08010,MitoQ,872,1
C2015,UT,f,UT08011,MitoQ,724,1
C2015,UT,f,UT08012,MitoQ,745,1
C2015,UT,f,UT08064,MitoQ,560,1
C2015,UT,f,UT08065,MitoQ,834,1
C2015,UT,f,UT08066,MitoQ,980,1
C2015,UT,f,UT08067,MitoQ,861,1
C2015,UT,f,UT08074,MitoQ,860,1
C2015,UT,f,UT08075,MitoQ,944,1
C2015,UT,f,UT08076,MitoQ,936,1
C2015,UT,f,UT08077,MitoQ,940,1
C2015,UT,f,UT08156,MitoQ,1103,1
C2015,UT,f,UT08157,MitoQ,727,1
C2015,UT,f,UT08158,MitoQ,689,1
C2015,UT,f,UT08159,MitoQ,913,1
C2015,UT,f,UT08263,MitoQ,770,1
C2015,UT,f,UT08264,MitoQ,951,1
C2015,UT,f,UT08265,MitoQ,970,1
C2015,UT,f,UT08266,MitoQ,670,1
C2015,UT,f,UT08427,MitoQ,849,1
C2015,UT,f,UT08428,MitoQ,826,1
C2015,UT,f,UT08429,MitoQ,883,1
C2015,UT,f,UT08430,MitoQ,867,1
C2015,UT,f,UT08441,MitoQ,1206,1
C2015,UT,f,UT08442,MitoQ,1083,1
C2015,UT,f,UT08443,MitoQ,983,1
C2015,UT,f,UT08444,MitoQ,761,1
C2015,UT,m,UT07651,MitoQ,680,1
C2015,UT,m,UT07652,MitoQ,636,1
C2015,UT,m,UT07653,MitoQ,997,1
C2015,UT,m,UT07662,MitoQ,804,1
C2015,UT,m,UT07663,MitoQ,761,1
C2015,UT,m,UT07664,MitoQ,814,1
C2015,UT,m,UT07710,MitoQ,781,1
C2015,UT,m,UT07711,MitoQ,806,1
C2015,UT,m,UT07712,MitoQ,630,1
C2015,UT,m,UT07745,MitoQ,662,1
C2015,UT,m,UT07746,MitoQ,1128,1
C2015,UT,m,UT07747,MitoQ,767,1
C2015,UT,m,UT07756,MitoQ,444,1
C2015,UT,m,UT07757,MitoQ,676,1
C2015,UT,m,UT07758,MitoQ,901,1
C2015,UT,m,UT07763,MitoQ,1190,1
C2015,UT,m,UT07764,MitoQ,906,1
C2015,UT,m,UT07765,MitoQ,718,1
C2015,UT,m,UT07800,MitoQ,417,1
C2015,UT,m,UT07801,MitoQ,713,1
C2015,UT,m,UT07802,MitoQ,983,1
C2015,UT,m,UT07873,MitoQ,368,1
C2015,UT,m,UT07874,MitoQ,1132,1
C2015,UT,m,UT07875,MitoQ,842,1
C2015,UT,m,UT07880,MitoQ,563,0
C2015,UT,m,UT07881,MitoQ,563,0
C2015,UT,m,UT07882,MitoQ,563,0
C2015,UT,m,UT07894,MitoQ,287,1
C2015,UT,m,UT07895,MitoQ,639,1
C2015,UT,m,UT07896,MitoQ,636,1
C2015,UT,m,UT07901,MitoQ,793,1
C2015,UT,m,UT07902,MitoQ,753,1
C2015,UT,m,UT07903,MitoQ,629,1
C2015,UT,m,UT07997,MitoQ,538,1
C2015,UT,m,UT07998,MitoQ,1066,1
C2015,UT,m,UT07999,MitoQ,916,1
C2015,UT,m,UT08016,MitoQ,1050,1
C2015,UT,m,UT08017,MitoQ,811,1
C2015,UT,m,UT08018,MitoQ,282,1
C2015,UT,m,UT08071,MitoQ,926,1
C2015,UT,m,UT08072,MitoQ,371,1
C2015,UT,m,UT08073,MitoQ,553,1
C2015,UT,m,UT08145,MitoQ,1032,1
C2015,UT,m,UT08146,MitoQ,879,1
C2015,UT,m,UT08147,MitoQ,834,1
C2015,UT,m,UT08219,MitoQ,334,0
C2015,UT,m,UT08220,MitoQ,1135,1
C2015,UT,m,UT08221,MitoQ,335,0
C2015,UT,m,UT08240,MitoQ,890,1
C2015,UT,m,UT08241,MitoQ,613,1
C2015,UT,m,UT08242,MitoQ,787,1
C2015,TJL,f,JL11816,rapa_hi_continuous,1322,1
C2015,TJL,f,JL11817,rapa_hi_continuous,1134,1
C2015,TJL,f,JL11818,rapa_hi_continuous,1166,1
C2015,TJL,f,JL11819,rapa_hi_continuous,1173,1
C2015,TJL,f,JL11861,rapa_hi_continuous,1251,1
C2015,TJL,f,JL11862,rapa_hi_continuous,1287,1
C2015,TJL,f,JL11863,rapa_hi_continuous,1169,1
C2015,TJL,f,JL11864,rapa_hi_continuous,577,1
C2015,TJL,f,JL11899,rapa_hi_cycle,1159,1
C2015,TJL,f,JL11900,rapa_hi_cycle,1092,1
C2015,TJL,f,JL11901,rapa_hi_cycle,952,1
C2015,TJL,f,JL11902,rapa_hi_cycle,1266,1
C2015,TJL,f,JL11935,rapa_hi_cycle,1048,1
C2015,TJL,f,JL11936,rapa_hi_cycle,1117,1
C2015,TJL,f,JL11937,rapa_hi_cycle,844,1
C2015,TJL,f,JL11938,rapa_hi_cycle,783,1
C2015,TJL,f,JL11952,rapa_hi_cycle,1206,1
C2015,TJL,f,JL11953,rapa_hi_cycle,1098,1
C2015,TJL,f,JL11954,rapa_hi_cycle,1025,1
C2015,TJL,f,JL11955,rapa_hi_cycle,875,1
C2015,TJL,f,JL11978,rapa_hi_cycle,1227,1
C2015,TJL,f,JL11979,rapa_hi_cycle,777,1
C2015,TJL,f,JL11980,rapa_hi_cycle,1089,1
C2015,TJL,f,JL11981,rapa_hi_cycle,808,0
C2015,TJL,f,JL11997,rapa_hi_cycle,1109,1
C2015,TJL,f,JL11998,rapa_hi_cycle,390,1
C2015,TJL,f,JL11999,rapa_hi_cycle,1052,1
C2015,TJL,f,JL12000,rapa_hi_cycle,1198,1
C2015,TJL,f,JL12014,rapa_hi_cycle,624,1
C2015,TJL,f,JL12015,rapa_hi_cycle,1162,1
C2015,TJL,f,JL12016,rapa_hi_cycle,825,1
C2015,TJL,f,JL12017,rapa_hi_cycle,1226,1
C2015,TJL,f,JL12035,rapa_hi_continuous,1002,1
C2015,TJL,f,JL12036,rapa_hi_continuous,532,1
C2015,TJL,f,JL12037,rapa_hi_continuous,163,1
C2015,TJL,f,JL12038,rapa_hi_continuous,995,1
C2015,TJL,f,JL12043,rapa_hi_start_stop,1039,1
C2015,TJL,f,JL12044,rapa_hi_start_stop,1274,1
C2015,TJL,f,JL12045,rapa_hi_start_stop,728,1
C2015,TJL,f,JL12046,rapa_hi_start_stop,904,1
C2015,TJL,f,JL12080,rapa_hi_cycle,1262,1
C2015,TJL,f,JL12081,rapa_hi_cycle,1012,1
C2015,TJL,f,JL12082,rapa_hi_cycle,1242,1
C2015,TJL,f,JL12083,rapa_hi_cycle,621,1
C2015,TJL,f,JL12088,rapa_hi_cycle,1135,1
C2015,TJL,f,JL12089,rapa_hi_cycle,1161,1
C2015,TJL,f,JL12090,rapa_hi_cycle,830,1
C2015,TJL,f,JL12091,rapa_hi_cycle,628,1
C2015,TJL,f,JL12119,rapa_hi_start_stop,1087,1
C2015,TJL,f,JL12120,rapa_hi_start_stop,1009,1
C2015,TJL,f,JL12121,rapa_hi_start_stop,652,1
C2015,TJL,f,JL12122,rapa_hi_start_stop,754,1
C2015,TJL,f,JL12189,rapa_hi_cycle,948,1
C2015,TJL,f,JL12190,rapa_hi_cycle,1068,1
C2015,TJL,f,JL12191,rapa_hi_cycle,887,1
C2015,TJL,f,JL12192,rapa_hi_cycle,1126,1
C2015,TJL,f,JL12193,rapa_hi_continuous,1261,1
C2015,TJL,f,JL12194,rapa_hi_continuous,1275,1
C2015,TJL,f,JL12195,rapa_hi_continuous,1273,1
C2015,TJL,f,JL12196,rapa_hi_continuous,1076,1
C2015,TJL,f,JL12197,rapa_hi_continuous,1062,1
C2015,TJL,f,JL12198,rapa_hi_continuous,754,1
C2015,TJL,f,JL12199,rapa_hi_continuous,649,1
C2015,TJL,f,JL12200,rapa_hi_continuous,879,1
C2015,TJL,f,JL12229,rapa_hi_continuous,654,1
C2015,TJL,f,JL12230,rapa_hi_continuous,1046,1
C2015,TJL,f,JL12231,rapa_hi_continuous,1043,1
C2015,TJL,f,JL12232,rapa_hi_continuous,1192,1
C2015,TJL,f,JL12233,rapa_hi_continuous,1329,1
C2015,TJL,f,JL12234,rapa_hi_continuous,967,1
C2015,TJL,f,JL12235,rapa_hi_continuous,1116,1
C2015,TJL,f,JL12236,rapa_hi_continuous,917,1
C2015,TJL,f,JL12237,rapa_hi_start_stop,848,1
C2015,TJL,f,JL12238,rapa_hi_start_stop,909,1
C2015,TJL,f,JL12239,rapa_hi_start_stop,1052,1
C2015,TJL,f,JL12240,rapa_hi_start_stop,854,1
C2015,TJL,f,JL12273,rapa_hi_cycle,1138,1
C2015,TJL,f,JL12274,rapa_hi_cycle,910,1
C2015,TJL,f,JL12275,rapa_hi_cycle,805,1
C2015,TJL,f,JL12276,rapa_hi_cycle,813,0
C2015,TJL,f,JL12277,rapa_hi_continuous,624,1
C2015,TJL,f,JL12278,rapa_hi_continuous,512,1
C2015,TJL,f,JL12279,rapa_hi_continuous,714,1
C2015,TJL,f,JL12280,rapa_hi_continuous,1211,1
C2015,TJL,f,JL12332,rapa_hi_start_stop,934,1
C2015,TJL,f,JL12333,rapa_hi_start_stop,1067,1
C2015,TJL,f,JL12334,rapa_hi_start_stop,1179,1
C2015,TJL,f,JL12335,rapa_hi_start_stop,946,1
C2015,TJL,f,JL12336,rapa_hi_continuous,1113,1
C2015,TJL,f,JL12337,rapa_hi_continuous,854,1
C2015,TJL,f,JL12338,rapa_hi_continuous,1190,1
C2015,TJL,f,JL12339,rapa_hi_continuous,1208,1
C2015,TJL,f,JL12428,rapa_hi_continuous,1117,1
C2015,TJL,f,JL12429,rapa_hi_continuous,1102,1
C2015,TJL,f,JL12430,rapa_hi_continuous,1121,1
C2015,TJL,f,JL12431,rapa_hi_continuous,977,1
C2015,TJL,f,JL12432,rapa_hi_continuous,956,1
C2015,TJL,f,JL12433,rapa_hi_continuous,1198,1
C2015,TJL,f,JL12434,rapa_hi_continuous,1300,1
C2015,TJL,f,JL12435,rapa_hi_continuous,886,1
C2015,TJL,f,JL12462,rapa_hi_cycle,1083,1
C2015,TJL,f,JL12463,rapa_hi_cycle,861,1
C2015,TJL,f,JL12464,rapa_hi_cycle,1021,1
C2015,TJL,f,JL12465,rapa_hi_cycle,1079,1
C2015,TJL,f,JL12481,rapa_hi_start_stop,1066,1
C2015,TJL,f,JL12482,rapa_hi_start_stop,1136,1
C2015,TJL,f,JL12483,rapa_hi_start_stop,817,0
C2015,TJL,f,JL12484,rapa_hi_start_stop,901,1
C2015,TJL,f,JL12485,rapa_hi_cycle,1203,1
C2015,TJL,f,JL12486,rapa_hi_cycle,1102,1
C2015,TJL,f,JL12487,rapa_hi_cycle,952,1
C2015,TJL,f,JL12488,rapa_hi_cycle,1117,1
C2015,TJL,f,JL12522,rapa_hi_start_stop,648,1
C2015,TJL,f,JL12523,rapa_hi_start_stop,1077,1
C2015,TJL,f,JL12524,rapa_hi_start_stop,607,1
C2015,TJL,f,JL12525,rapa_hi_start_stop,1222,1
C2015,TJL,f,JL12530,rapa_hi_start_stop,698,1
C2015,TJL,f,JL12531,rapa_hi_start_stop,1169,1
C2015,TJL,f,JL12532,rapa_hi_start_stop,1020,1
C2015,TJL,f,JL12533,rapa_hi_start_stop,879,1
C2015,TJL,f,JL12561,rapa_hi_continuous,1258,1
C2015,TJL,f,JL12562,rapa_hi_continuous,1193,1
C2015,TJL,f,JL12563,rapa_hi_continuous,1205,1
C2015,TJL,f,JL12564,rapa_hi_continuous,788,1
C2015,TJL,f,JL12569,rapa_hi_start_stop,952,1
C2015,TJL,f,JL12570,rapa_hi_start_stop,997,1
C2015,TJL,f,JL12571,rapa_hi_start_stop,996,1
C2015,TJL,f,JL12572,rapa_hi_start_stop,1198,1
C2015,TJL,f,JL12597,rapa_hi_start_stop,1144,1
C2015,TJL,f,JL12598,rapa_hi_start_stop,1001,1
C2015,TJL,f,JL12599,rapa_hi_start_stop,791,0
C2015,TJL,f,JL12600,rapa_hi_start_stop,883,1
C2015,TJL,f,JL12618,rapa_hi_start_stop,830,1
C2015,TJL,f,JL12619,rapa_hi_start_stop,901,1
C2015,TJL,f,JL12620,rapa_hi_start_stop,976,1
C2015,TJL,f,JL12621,rapa_hi_start_stop,1047,1
C2015,TJL,f,JL12675,rapa_hi_start_stop,819,1
C2015,TJL,f,JL12676,rapa_hi_start_stop,1017,1
C2015,TJL,f,JL12677,rapa_hi_start_stop,920,1
C2015,TJL,f,JL12678,rapa_hi_start_stop,1090,1
C2015,TJL,f,JL12774,rapa_hi_start_stop,597,1
C2015,TJL,f,JL12775,rapa_hi_start_stop,1155,1
C2015,TJL,f,JL12776,rapa_hi_start_stop,932,1
C2015,TJL,f,JL12777,rapa_hi_start_stop,1067,1
C2015,TJL,m,JL11832,rapa_hi_cycle,652,1
C2015,TJL,m,JL11833,rapa_hi_cycle,1133,1
C2015,TJL,m,JL11834,rapa_hi_cycle,624,1
C2015,TJL,m,JL11835,rapa_hi_start_stop,587,1
C2015,TJL,m,JL11836,rapa_hi_start_stop,911,1
C2015,TJL,m,JL11837,rapa_hi_start_stop,1091,1
C2015,TJL,m,JL11852,rapa_hi_cycle,324,1
C2015,TJL,m,JL11853,rapa_hi_cycle,443,1
C2015,TJL,m,JL11854,rapa_hi_cycle,666,1
C2015,TJL,m,JL11855,rapa_hi_continuous,1092,1
C2015,TJL,m,JL11856,rapa_hi_continuous,617,1
C2015,TJL,m,JL11857,rapa_hi_continuous,680,1
C2015,TJL,m,JL11885,rapa_hi_cycle,558,1
C2015,TJL,m,JL11886,rapa_hi_cycle,356,1
C2015,TJL,m,JL11887,rapa_hi_cycle,87,1
C2015,TJL,m,JL11888,rapa_hi_start_stop,1020,1
C2015,TJL,m,JL11889,rapa_hi_start_stop,1215,1
C2015,TJL,m,JL11890,rapa_hi_start_stop,1027,1
C2015,TJL,m,JL11914,rapa_hi_cycle,426,1
C2015,TJL,m,JL11915,rapa_hi_cycle,1173,1
C2015,TJL,m,JL11916,rapa_hi_cycle,990,1
C2015,TJL,m,JL11923,rapa_hi_cycle,666,1
C2015,TJL,m,JL11924,rapa_hi_cycle,1138,1
C2015,TJL,m,JL11925,rapa_hi_cycle,1290,1
C2015,TJL,m,JL11960,rapa_hi_cycle,659,1
C2015,TJL,m,JL11961,rapa_hi_cycle,759,1
C2015,TJL,m,JL11962,rapa_hi_cycle,938,1
C2015,TJL,m,JL11963,rapa_hi_start_stop,174,0
C2015,TJL,m,JL11964,rapa_hi_start_stop,174,0
C2015,TJL,m,JL11965,rapa_hi_start_stop,174,0
C2015,TJL,m,JL12025,rapa_hi_cycle,721,1
C2015,TJL,m,JL12026,rapa_hi_cycle,847,1
C2015,TJL,m,JL12027,rapa_hi_cycle,1036,1
C2015,TJL,m,JL12028,rapa_hi_start_stop,526,1
C2015,TJL,m,JL12029,rapa_hi_start_stop,995,1
C2015,TJL,m,JL12030,rapa_hi_start_stop,925,1
C2015,TJL,m,JL12055,rapa_hi_start_stop,699,0
C2015,TJL,m,JL12056,rapa_hi_start_stop,513,0
C2015,TJL,m,JL12057,rapa_hi_start_stop,699,0
C2015,TJL,m,JL12104,rapa_hi_start_stop,1062,1
C2015,TJL,m,JL12105,rapa_hi_start_stop,649,1
C2015,TJL,m,JL12106,rapa_hi_start_stop,901,1
C2015,TJL,m,JL12116,rapa_hi_cycle,1348,1
C2015,TJL,m,JL12117,rapa_hi_cycle,988,1
C2015,TJL,m,JL12118,rapa_hi_cycle,1047,1
C2015,TJL,m,JL12126,rapa_hi_cycle,394,0
C2015,TJL,m,JL12127,rapa_hi_cycle,394,0
C2015,TJL,m,JL12128,rapa_hi_cycle,394,0
C2015,TJL,m,JL12140,rapa_hi_continuous,969,1
C2015,TJL,m,JL12141,rapa_hi_continuous,1150,1
C2015,TJL,m,JL12142,rapa_hi_continuous,638,1
C2015,TJL,m,JL12161,rapa_hi_continuous,481,1
C2015,TJL,m,JL12162,rapa_hi_continuous,362,1
C2015,TJL,m,JL12163,rapa_hi_continuous,628,1
C2015,TJL,m,JL12201,rapa_hi_cycle,859,1
C2015,TJL,m,JL12202,rapa_hi_cycle,761,1
C2015,TJL,m,JL12203,rapa_hi_cycle,858,1
C2015,TJL,m,JL12207,rapa_hi_start_stop,167,1
C2015,TJL,m,JL12208,rapa_hi_start_stop,875,1
C2015,TJL,m,JL12209,rapa_hi_start_stop,663,1
C2015,TJL,m,JL12219,rapa_hi_start_stop,922,1
C2015,TJL,m,JL12220,rapa_hi_start_stop,968,1
C2015,TJL,m,JL12221,rapa_hi_start_stop,816,1
C2015,TJL,m,JL12249,rapa_hi_continuous,1248,1
C2015,TJL,m,JL12250,rapa_hi_continuous,946,1
C2015,TJL,m,JL12251,rapa_hi_continuous,959,1
C2015,TJL,m,JL12264,rapa_hi_cycle,983,1
C2015,TJL,m,JL12265,rapa_hi_cycle,599,1
C2015,TJL,m,JL12266,rapa_hi_cycle,693,1
C2015,TJL,m,JL12292,rapa_hi_start_stop,484,1
C2015,TJL,m,JL12293,rapa_hi_start_stop,764,1
C2015,TJL,m,JL12294,rapa_hi_start_stop,1029,1
C2015,TJL,m,JL12321,rapa_hi_cycle,1205,1
C2015,TJL,m,JL12322,rapa_hi_cycle,830,1
C2015,TJL,m,JL12323,rapa_hi_cycle,934,1
C2015,TJL,m,JL12355,rapa_hi_start_stop,209,0
C2015,TJL,m,JL12356,rapa_hi_start_stop,209,0
C2015,TJL,m,JL12357,rapa_hi_start_stop,209,0
C2015,TJL,m,JL12358,rapa_hi_continuous,1234,1
C2015,TJL,m,JL12359,rapa_hi_continuous,1095,1
C2015,TJL,m,JL12360,rapa_hi_continuous,911,1
C2015,TJL,m,JL12361,rapa_hi_continuous,980,1
C2015,TJL,m,JL12362,rapa_hi_continuous,854,1
C2015,TJL,m,JL12363,rapa_hi_continuous,1152,1
C2015,TJL,m,JL12364,rapa_hi_continuous,436,1
C2015,TJL,m,JL12365,rapa_hi_continuous,631,1
C2015,TJL,m,JL12366,rapa_hi_continuous,358,1
C2015,TJL,m,JL12379,rapa_hi_cycle,414,1
C2015,TJL,m,JL12380,rapa_hi_cycle,406,1
C2015,TJL,m,JL12381,rapa_hi_cycle,1096,1
C2015,TJL,m,JL12416,rapa_hi_continuous,665,1
C2015,TJL,m,JL12417,rapa_hi_continuous,233,1
C2015,TJL,m,JL12418,rapa_hi_continuous,596,1
C2015,TJL,m,JL12422,rapa_hi_cycle,572,1
C2015,TJL,m,JL12423,rapa_hi_cycle,991,1
C2015,TJL,m,JL12424,rapa_hi_cycle,1186,1
C2015,TJL,m,JL12425,rapa_hi_start_stop,467,1
C2015,TJL,m,JL12426,rapa_hi_start_stop,683,1
C2015,TJL,m,JL12427,rapa_hi_start_stop,840,1
C2015,TJL,m,JL12449,rapa_hi_cycle,1063,1
C2015,TJL,m,JL12450,rapa_hi_cycle,1259,1
C2015,TJL,m,JL12451,rapa_hi_cycle,990,1
C2015,TJL,m,JL12452,rapa_hi_continuous,781,1
C2015,TJL,m,JL12453,rapa_hi_continuous,802,1
C2015,TJL,m,JL12454,rapa_hi_continuous,1079,1
C2015,TJL,m,JL12455,rapa_hi_start_stop,691,1
C2015,TJL,m,JL12456,rapa_hi_start_stop,350,1
C2015,TJL,m,JL12457,rapa_hi_start_stop,530,1
C2015,TJL,m,JL12478,rapa_hi_start_stop,608,1
C2015,TJL,m,JL12479,rapa_hi_start_stop,854,1
C2015,TJL,m,JL12480,rapa_hi_start_stop,1243,1
C2015,TJL,m,JL12510,rapa_hi_continuous,586,1
C2015,TJL,m,JL12511,rapa_hi_continuous,684,1
C2015,TJL,m,JL12512,rapa_hi_continuous,1222,1
C2015,TJL,m,JL12534,rapa_hi_continuous,579,1
C2015,TJL,m,JL12535,rapa_hi_continuous,383,1
C2015,TJL,m,JL12536,rapa_hi_continuous,957,1
C2015,TJL,m,JL12540,rapa_hi_continuous,389,0
C2015,TJL,m,JL12541,rapa_hi_continuous,389,0
C2015,TJL,m,JL12542,rapa_hi_continuous,389,0
C2015,TJL,m,JL12580,rapa_hi_continuous,844,1
C2015,TJL,m,JL12581,rapa_hi_continuous,509,1
C2015,TJL,m,JL12582,rapa_hi_continuous,858,1
C2015,TJL,m,JL12583,rapa_hi_continuous,1084,1
C2015,TJL,m,JL12584,rapa_hi_continuous,816,1
C2015,TJL,m,JL12585,rapa_hi_continuous,411,1
C2015,TJL,m,JL12656,rapa_hi_continuous,952,1
C2015,TJL,m,JL12657,rapa_hi_continuous,862,1
C2015,TJL,m,JL12658,rapa_hi_continuous,918,1
C2015,TJL,m,JL12662,rapa_hi_cycle,1155,1
C2015,TJL,m,JL12663,rapa_hi_cycle,1018,1
C2015,TJL,m,JL12664,rapa_hi_cycle,805,1
C2015,TJL,m,JL12665,rapa_hi_cycle,701,1
C2015,TJL,m,JL12666,rapa_hi_cycle,806,1
C2015,TJL,m,JL12667,rapa_hi_cycle,547,1
C2015,TJL,m,JL12668,rapa_hi_cycle,720,1
C2015,TJL,m,JL12669,rapa_hi_cycle,749,1
C2015,TJL,m,JL12670,rapa_hi_cycle,826,1
C2015,TJL,m,JL12687,rapa_hi_start_stop,617,1
C2015,TJL,m,JL12688,rapa_hi_start_stop,645,1
C2015,TJL,m,JL12689,rapa_hi_start_stop,652,1
C2015,TJL,m,JL12714,rapa_hi_start_stop,390,1
C2015,TJL,m,JL12715,rapa_hi_start_stop,898,1
C2015,TJL,m,JL12716,rapa_hi_start_stop,685,1
C2015,TJL,m,JL12720,rapa_hi_start_stop,592,1
C2015,TJL,m,JL12721,rapa_hi_start_stop,606,1
C2015,TJL,m,JL12722,rapa_hi_start_stop,1019,1
C2015,TJL,m,JL12740,rapa_hi_continuous,1138,1
C2015,TJL,m,JL12741,rapa_hi_continuous,1006,1
C2015,TJL,m,JL12742,rapa_hi_continuous,958,1
C2015,TJL,m,JL12746,rapa_hi_continuous,817,1
C2015,TJL,m,JL12747,rapa_hi_continuous,767,1
C2015,TJL,m,JL12748,rapa_hi_continuous,705,1
C2015,TJL,m,JL12753,rapa_hi_start_stop,749,1
C2015,TJL,m,JL12754,rapa_hi_start_stop,767,1
C2015,TJL,m,JL12755,rapa_hi_start_stop,728,1
C2015,TJL,m,JL12756,rapa_hi_continuous,959,1
C2015,TJL,m,JL12757,rapa_hi_continuous,421,1
C2015,TJL,m,JL12758,rapa_hi_continuous,701,1
C2015,TJL,m,JL12771,rapa_hi_start_stop,442,1
C2015,TJL,m,JL12772,rapa_hi_start_stop,729,1
C2015,TJL,m,JL12773,rapa_hi_start_stop,107,1
C2015,UM,f,UM52780,rapa_hi_cycle,746,1
C2015,UM,f,UM52787,rapa_hi_cycle,983,1
C2015,UM,f,UM52794,rapa_hi_cycle,977,1
C2015,UM,f,UM52801,rapa_hi_cycle,832,1
C2015,UM,f,UM52857,rapa_hi_continuous,1216,1
C2015,UM,f,UM52864,rapa_hi_continuous,1248,1
C2015,UM,f,UM52871,rapa_hi_continuous,560,1
C2015,UM,f,UM52878,rapa_hi_continuous,955,1
C2015,UM,f,UM53130,rapa_hi_cycle,872,1
C2015,UM,f,UM53137,rapa_hi_cycle,1055,1
C2015,UM,f,UM53144,rapa_hi_cycle,818,1
C2015,UM,f,UM53151,rapa_hi_cycle,620,1
C2015,UM,f,UM53291,rapa_hi_start_stop,947,1
C2015,UM,f,UM53298,rapa_hi_start_stop,896,1
C2015,UM,f,UM53305,rapa_hi_start_stop,808,1
C2015,UM,f,UM53312,rapa_hi_start_stop,1062,1
C2015,UM,f,UM53473,rapa_hi_continuous,1231,1
C2015,UM,f,UM53480,rapa_hi_continuous,1081,1
C2015,UM,f,UM53487,rapa_hi_continuous,790,1
C2015,UM,f,UM53494,rapa_hi_continuous,803,1
C2015,UM,f,UM53662,rapa_hi_cycle,839,1
C2015,UM,f,UM53669,rapa_hi_cycle,1130,1
C2015,UM,f,UM53676,rapa_hi_cycle,1086,1
C2015,UM,f,UM53683,rapa_hi_cycle,1144,1
C2015,UM,f,UM53746,rapa_hi_start_stop,807,1
C2015,UM,f,UM53753,rapa_hi_start_stop,765,1
C2015,UM,f,UM53760,rapa_hi_start_stop,1123,1
C2015,UM,f,UM53767,rapa_hi_start_stop,987,1
C2015,UM,f,UM53893,rapa_hi_continuous,678,1
C2015,UM,f,UM53900,rapa_hi_continuous,528,1
C2015,UM,f,UM53907,rapa_hi_continuous,1042,1
C2015,UM,f,UM53914,rapa_hi_continuous,1252,1
C2015,UM,f,UM54082,rapa_hi_continuous,1170,1
C2015,UM,f,UM54089,rapa_hi_continuous,657,1
C2015,UM,f,UM54096,rapa_hi_continuous,881,1
C2015,UM,f,UM54103,rapa_hi_continuous,1186,1
C2015,UM,f,UM54250,rapa_hi_continuous,793,1
C2015,UM,f,UM54257,rapa_hi_continuous,1188,1
C2015,UM,f,UM54264,rapa_hi_continuous,1054,1
C2015,UM,f,UM54271,rapa_hi_continuous,783,1
C2015,UM,f,UM54278,rapa_hi_cycle,1149,1
C2015,UM,f,UM54285,rapa_hi_cycle,656,1
C2015,UM,f,UM54292,rapa_hi_cycle,577,1
C2015,UM,f,UM54299,rapa_hi_cycle,1225,1
C2015,UM,f,UM54530,rapa_hi_cycle,841,1
C2015,UM,f,UM54537,rapa_hi_cycle,1220,1
C2015,UM,f,UM54544,rapa_hi_cycle,1045,1
C2015,UM,f,UM54551,rapa_hi_cycle,810,1
C2015,UM,f,UM54663,rapa_hi_continuous,1189,1
C2015,UM,f,UM54670,rapa_hi_continuous,790,1
C2015,UM,f,UM54677,rapa_hi_continuous,1035,1
C2015,UM,f,UM54684,rapa_hi_continuous,837,1
C2015,UM,f,UM54691,rapa_hi_cycle,957,1
C2015,UM,f,UM54698,rapa_hi_cycle,482,1
C2015,UM,f,UM54705,rapa_hi_cycle,1311,1
C2015,UM,f,UM54712,rapa_hi_cycle,626,1
C2015,UM,f,UM55083,rapa_hi_cycle,950,1
C2015,UM,f,UM55090,rapa_hi_cycle,938,1
C2015,UM,f,UM55097,rapa_hi_cycle,1078,1
C2015,UM,f,UM55104,rapa_hi_cycle,884,1
C2015,UM,f,UM55111,rapa_hi_continuous,904,1
C2015,UM,f,UM55118,rapa_hi_continuous,1180,1
C2015,UM,f,UM55125,rapa_hi_continuous,1180,1
C2015,UM,f,UM55132,rapa_hi_continuous,424,1
C2015,UM,f,UM55531,rapa_hi_cycle,803,1
C2015,UM,f,UM55538,rapa_hi_cycle,603,1
C2015,UM,f,UM55545,rapa_hi_cycle,936,1
C2015,UM,f,UM55552,rapa_hi_cycle,834,1
C2015,UM,f,UM55608,rapa_hi_cycle,1194,1
C2015,UM,f,UM55615,rapa_hi_cycle,813,1
C2015,UM,f,UM55622,rapa_hi_cycle,1069,1
C2015,UM,f,UM55629,rapa_hi_cycle,1137,1
C2015,UM,f,UM55636,rapa_hi_cycle,1078,1
C2015,UM,f,UM55643,rapa_hi_cycle,925,1
C2015,UM,f,UM55650,rapa_hi_cycle,977,1
C2015,UM,f,UM55657,rapa_hi_cycle,1096,1
C2015,UM,f,UM55748,rapa_hi_continuous,682,1
C2015,UM,f,UM55755,rapa_hi_continuous,1175,1
C2015,UM,f,UM55762,rapa_hi_continuous,570,1
C2015,UM,f,UM55769,rapa_hi_continuous,242,1
C2015,UM,f,UM55797,rapa_hi_continuous,935,1
C2015,UM,f,UM55804,rapa_hi_continuous,1117,1
C2015,UM,f,UM55811,rapa_hi_continuous,954,1
C2015,UM,f,UM55818,rapa_hi_continuous,871,1
C2015,UM,f,UM55825,rapa_hi_cycle,760,1
C2015,UM,f,UM55832,rapa_hi_cycle,1184,1
C2015,UM,f,UM55839,rapa_hi_cycle,907,1
C2015,UM,f,UM55846,rapa_hi_cycle,368,1
C2015,UM,f,UM55979,rapa_hi_start_stop,936,1
C2015,UM,f,UM55986,rapa_hi_start_stop,844,1
C2015,UM,f,UM55993,rapa_hi_start_stop,682,1
C2015,UM,f,UM56000,rapa_hi_start_stop,987,1
C2015,UM,f,UM56245,rapa_hi_continuous,1179,1
C2015,UM,f,UM56252,rapa_hi_continuous,1076,1
C2015,UM,f,UM56259,rapa_hi_continuous,540,1
C2015,UM,f,UM56266,rapa_hi_continuous,707,1
C2015,UM,f,UM56294,rapa_hi_continuous,542,1
C2015,UM,f,UM56301,rapa_hi_continuous,678,1
C2015,UM,f,UM56308,rapa_hi_continuous,631,1
C2015,UM,f,UM56315,rapa_hi_continuous,1104,1
C2015,UM,f,UM57148,rapa_hi_start_stop,952,1
C2015,UM,f,UM57155,rapa_hi_start_stop,917,1
C2015,UM,f,UM57162,rapa_hi_start_stop,1011,1
C2015,UM,f,UM57169,rapa_hi_start_stop,813,1
C2015,UM,f,UM57771,rapa_hi_start_stop,645,1
C2015,UM,f,UM57778,rapa_hi_start_stop,777,1
C2015,UM,f,UM57785,rapa_hi_start_stop,661,1
C2015,UM,f,UM57792,rapa_hi_start_stop,1030,1
C2015,UM,f,UM58051,rapa_hi_start_stop,1043,1
C2015,UM,f,UM58058,rapa_hi_start_stop,862,1
C2015,UM,f,UM58065,rapa_hi_start_stop,907,1
C2015,UM,f,UM58072,rapa_hi_start_stop,580,1
C2015,UM,f,UM58121,rapa_hi_start_stop,873,1
C2015,UM,f,UM58128,rapa_hi_start_stop,630,1
C2015,UM,f,UM58135,rapa_hi_start_stop,1146,1
C2015,UM,f,UM58142,rapa_hi_start_stop,850,1
C2015,UM,f,UM58450,rapa_hi_start_stop,658,1
C2015,UM,f,UM58457,rapa_hi_start_stop,902,1
C2015,UM,f,UM58464,rapa_hi_start_stop,324,1
C2015,UM,f,UM58471,rapa_hi_start_stop,1030,1
C2015,UM,f,UM58555,rapa_hi_start_stop,550,1
C2015,UM,f,UM58562,rapa_hi_start_stop,807,1
C2015,UM,f,UM58569,rapa_hi_start_stop,1186,1
C2015,UM,f,UM58576,rapa_hi_start_stop,1062,1
C2015,UM,f,UM58625,rapa_hi_start_stop,1249,1
C2015,UM,f,UM58632,rapa_hi_start_stop,1112,1
C2015,UM,f,UM58639,rapa_hi_start_stop,782,1
C2015,UM,f,UM58646,rapa_hi_start_stop,973,1
C2015,UM,f,UM58674,rapa_hi_start_stop,1128,1
C2015,UM,f,UM58681,rapa_hi_start_stop,1045,1
C2015,UM,f,UM58688,rapa_hi_start_stop,702,1
C2015,UM,f,UM58695,rapa_hi_start_stop,1100,1
C2015,UM,m,UM52948,rapa_hi_cycle,1126,1
C2015,UM,m,UM52955,rapa_hi_cycle,527,1
C2015,UM,m,UM52962,rapa_hi_cycle,882,1
C2015,UM,m,UM52990,rapa_hi_start_stop,343,0
C2015,UM,m,UM52997,rapa_hi_start_stop,343,0
C2015,UM,m,UM53004,rapa_hi_start_stop,343,0
C2015,UM,m,UM53081,rapa_hi_continuous,915,1
C2015,UM,m,UM53088,rapa_hi_continuous,807,1
C2015,UM,m,UM53095,rapa_hi_continuous,850,1
C2015,UM,m,UM53158,rapa_hi_cycle,1070,1
C2015,UM,m,UM53165,rapa_hi_cycle,804,1
C2015,UM,m,UM53172,rapa_hi_cycle,1071,1
C2015,UM,m,UM53179,rapa_hi_start_stop,816,1
C2015,UM,m,UM53186,rapa_hi_start_stop,1100,1
C2015,UM,m,UM53193,rapa_hi_start_stop,1052,1
C2015,UM,m,UM53249,rapa_hi_continuous,263,0
C2015,UM,m,UM53256,rapa_hi_continuous,263,0
C2015,UM,m,UM53263,rapa_hi_continuous,263,0
C2015,UM,m,UM53270,rapa_hi_start_stop,320,0
C2015,UM,m,UM53277,rapa_hi_start_stop,320,0
C2015,UM,m,UM53284,rapa_hi_start_stop,320,0
C2015,UM,m,UM53340,rapa_hi_continuous,762,1
C2015,UM,m,UM53347,rapa_hi_continuous,1112,1
C2015,UM,m,UM53354,rapa_hi_continuous,737,1
C2015,UM,m,UM53382,rapa_hi_continuous,999,1
C2015,UM,m,UM53389,rapa_hi_continuous,1102,1
C2015,UM,m,UM53396,rapa_hi_continuous,820,1
C2015,UM,m,UM53501,rapa_hi_start_stop,632,0
C2015,UM,m,UM53508,rapa_hi_start_stop,632,0
C2015,UM,m,UM53515,rapa_hi_start_stop,632,0
C2015,UM,m,UM53571,rapa_hi_continuous,317,1
C2015,UM,m,UM53578,rapa_hi_continuous,373,1
C2015,UM,m,UM53585,rapa_hi_continuous,903,1
C2015,UM,m,UM53802,rapa_hi_cycle,745,1
C2015,UM,m,UM53809,rapa_hi_cycle,1070,1
C2015,UM,m,UM53816,rapa_hi_cycle,1032,1
C2015,UM,m,UM54040,rapa_hi_cycle,1158,1
C2015,UM,m,UM54047,rapa_hi_cycle,807,1
C2015,UM,m,UM54054,rapa_hi_cycle,719,1
C2015,UM,m,UM54110,rapa_hi_continuous,979,1
C2015,UM,m,UM54117,rapa_hi_continuous,804,1
C2015,UM,m,UM54124,rapa_hi_continuous,652,1
C2015,UM,m,UM54131,rapa_hi_continuous,958,1
C2015,UM,m,UM54138,rapa_hi_continuous,786,1
C2015,UM,m,UM54145,rapa_hi_continuous,953,1
C2015,UM,m,UM54208,rapa_hi_continuous,822,1
C2015,UM,m,UM54215,rapa_hi_continuous,726,1
C2015,UM,m,UM54222,rapa_hi_continuous,1071,1
C2015,UM,m,UM54439,rapa_hi_cycle,342,0
C2015,UM,m,UM54446,rapa_hi_cycle,342,0
C2015,UM,m,UM54453,rapa_hi_cycle,342,0
C2015,UM,m,UM54509,rapa_hi_cycle,538,1
C2015,UM,m,UM54516,rapa_hi_cycle,419,1
C2015,UM,m,UM54523,rapa_hi_cycle,1156,1
C2015,UM,m,UM54579,rapa_hi_continuous,1162,1
C2015,UM,m,UM54586,rapa_hi_continuous,519,1
C2015,UM,m,UM54593,rapa_hi_continuous,1154,1
C2015,UM,m,UM54922,rapa_hi_cycle,974,1
C2015,UM,m,UM54929,rapa_hi_cycle,1141,1
C2015,UM,m,UM54936,rapa_hi_cycle,672,1
C2015,UM,m,UM54943,rapa_hi_cycle,378,1
C2015,UM,m,UM54950,rapa_hi_cycle,394,1
C2015,UM,m,UM54957,rapa_hi_cycle,1143,1
C2015,UM,m,UM54992,rapa_hi_cycle,1144,1
C2015,UM,m,UM54999,rapa_hi_cycle,1191,1
C2015,UM,m,UM55006,rapa_hi_cycle,1144,1
C2015,UM,m,UM55251,rapa_hi_continuous,1062,1
C2015,UM,m,UM55258,rapa_hi_continuous,1052,1
C2015,UM,m,UM55265,rapa_hi_continuous,755,1
C2015,UM,m,UM55489,rapa_hi_cycle,819,1
C2015,UM,m,UM55496,rapa_hi_cycle,1114,1
C2015,UM,m,UM55503,rapa_hi_cycle,805,1
C2015,UM,m,UM55510,rapa_hi_continuous,822,1
C2015,UM,m,UM55517,rapa_hi_continuous,1078,1
C2015,UM,m,UM55524,rapa_hi_continuous,786,1
C2015,UM,m,UM55587,rapa_hi_cycle,967,1
C2015,UM,m,UM55594,rapa_hi_cycle,1096,1
C2015,UM,m,UM55601,rapa_hi_cycle,1153,1
C2015,UM,m,UM55916,rapa_hi_continuous,673,1
C2015,UM,m,UM55923,rapa_hi_continuous,279,1
C2015,UM,m,UM55930,rapa_hi_continuous,835,1
C2015,UM,m,UM56035,rapa_hi_cycle,1256,1
C2015,UM,m,UM56042,rapa_hi_cycle,1050,1
C2015,UM,m,UM56049,rapa_hi_cycle,567,1
C2015,UM,m,UM56203,rapa_hi_start_stop,800,1
C2015,UM,m,UM56210,rapa_hi_start_stop,611,1
C2015,UM,m,UM56217,rapa_hi_start_stop,908,1
C2015,UM,m,UM56224,rapa_hi_start_stop,1040,1
C2015,UM,m,UM56231,rapa_hi_start_stop,574,1
C2015,UM,m,UM56238,rapa_hi_start_stop,596,1
C2015,UM,m,UM56371,rapa_hi_continuous,311,1
C2015,UM,m,UM56378,rapa_hi_continuous,870,1
C2015,UM,m,UM56385,rapa_hi_continuous,716,1
C2015,UM,m,UM56392,rapa_hi_cycle,1143,1
C2015,UM,m,UM56399,rapa_hi_cycle,1084,1
C2015,UM,m,UM56406,rapa_hi_cycle,301,1
C2015,UM,m,UM56749,rapa_hi_cycle,362,0
C2015,UM,m,UM56756,rapa_hi_cycle,362,0
C2015,UM,m,UM56763,rapa_hi_cycle,362,0
C2015,UM,m,UM56847,rapa_hi_start_stop,889,1
C2015,UM,m,UM56854,rapa_hi_start_stop,597,1
C2015,UM,m,UM56861,rapa_hi_start_stop,385,1
C2015,UM,m,UM56994,rapa_hi_cycle,220,1
C2015,UM,m,UM57001,rapa_hi_cycle,1111,1
C2015,UM,m,UM57008,rapa_hi_cycle,1159,1
C2015,UM,m,UM57085,rapa_hi_cycle,250,0
C2015,UM,m,UM57092,rapa_hi_cycle,250,0
C2015,UM,m,UM57099,rapa_hi_cycle,250,0
C2015,UM,m,UM57295,rapa_hi_start_stop,578,1
C2015,UM,m,UM57302,rapa_hi_start_stop,937,1
C2015,UM,m,UM57309,rapa_hi_start_stop,901,1
C2015,UM,m,UM57316,rapa_hi_start_stop,1025,1
C2015,UM,m,UM57323,rapa_hi_start_stop,897,1
C2015,UM,m,UM57330,rapa_hi_start_stop,1107,1
C2015,UM,m,UM57386,rapa_hi_start_stop,462,1
C2015,UM,m,UM57393,rapa_hi_start_stop,383,1
C2015,UM,m,UM57400,rapa_hi_start_stop,1162,1
C2015,UM,m,UM57407,rapa_hi_cycle,1097,1
C2015,UM,m,UM57414,rapa_hi_cycle,665,1
C2015,UM,m,UM57421,rapa_hi_cycle,1119,1
C2015,UM,m,UM57428,rapa_hi_continuous,985,1
C2015,UM,m,UM57435,rapa_hi_continuous,594,1
C2015,UM,m,UM57442,rapa_hi_continuous,685,1
C2015,UM,m,UM57568,rapa_hi_continuous,704,1
C2015,UM,m,UM57575,rapa_hi_continuous,912,1
C2015,UM,m,UM57582,rapa_hi_continuous,919,1
C2015,UM,m,UM57722,rapa_hi_start_stop,698,0
C2015,UM,m,UM57729,rapa_hi_start_stop,698,0
C2015,UM,m,UM57736,rapa_hi_start_stop,651,1
C2015,UM,m,UM57799,rapa_hi_continuous,1071,1
C2015,UM,m,UM57806,rapa_hi_continuous,1055,1
C2015,UM,m,UM57813,rapa_hi_continuous,980,1
C2015,UM,m,UM57820,rapa_hi_start_stop,721,0
C2015,UM,m,UM57827,rapa_hi_start_stop,721,0
C2015,UM,m,UM57834,rapa_hi_start_stop,721,0
C2015,UM,m,UM57939,rapa_hi_continuous,496,1
C2015,UM,m,UM57946,rapa_hi_continuous,771,1
C2015,UM,m,UM57953,rapa_hi_continuous,948,1
C2015,UM,m,UM57988,rapa_hi_start_stop,1109,1
C2015,UM,m,UM57995,rapa_hi_start_stop,812,1
C2015,UM,m,UM58002,rapa_hi_start_stop,438,1
C2015,UM,m,UM58149,rapa_hi_cycle,898,1
C2015,UM,m,UM58156,rapa_hi_cycle,1044,1
C2015,UM,m,UM58163,rapa_hi_cycle,969,1
C2015,UM,m,UM58653,rapa_hi_start_stop,952,1
C2015,UM,m,UM58660,rapa_hi_start_stop,858,1
C2015,UM,m,UM58667,rapa_hi_start_stop,746,1
C2015,UM,m,UM58702,rapa_hi_start_stop,1064,1
C2015,UM,m,UM58709,rapa_hi_start_stop,316,1
C2015,UM,m,UM58716,rapa_hi_start_stop,645,1
C2015,UM,m,UM58723,rapa_hi_start_stop,1146,1
C2015,UM,m,UM58730,rapa_hi_start_stop,987,1
C2015,UM,m,UM58737,rapa_hi_start_stop,348,1
C2015,UT,f,UT07585,rapa_hi_start_stop,495,1
C2015,UT,f,UT07586,rapa_hi_start_stop,1088,1
C2015,UT,f,UT07587,rapa_hi_start_stop,704,1
C2015,UT,f,UT07588,rapa_hi_start_stop,813,1
C2015,UT,f,UT07627,rapa_hi_cycle,971,1
C2015,UT,f,UT07628,rapa_hi_cycle,924,1
C2015,UT,f,UT07629,rapa_hi_cycle,1120,1
C2015,UT,f,UT07630,rapa_hi_cycle,1332,1
C2015,UT,f,UT07675,rapa_hi_cycle,1026,1
C2015,UT,f,UT07676,rapa_hi_cycle,869,1
C2015,UT,f,UT07677,rapa_hi_cycle,1233,1
C2015,UT,f,UT07678,rapa_hi_cycle,1075,1
C2015,UT,f,UT07703,rapa_hi_continuous,994,1
C2015,UT,f,UT07704,rapa_hi_continuous,893,1
C2015,UT,f,UT07705,rapa_hi_continuous,1026,1
C2015,UT,f,UT07706,rapa_hi_continuous,1044,1
C2015,UT,f,UT07728,rapa_hi_start_stop,470,1
C2015,UT,f,UT07729,rapa_hi_start_stop,1066,1
C2015,UT,f,UT07730,rapa_hi_start_stop,1051,1
C2015,UT,f,UT07731,rapa_hi_start_stop,1026,1
C2015,UT,f,UT07752,rapa_hi_start_stop,1002,1
C2015,UT,f,UT07753,rapa_hi_start_stop,1002,1
C2015,UT,f,UT07754,rapa_hi_start_stop,1229,1
C2015,UT,f,UT07755,rapa_hi_start_stop,368,1
C2015,UT,f,UT07852,rapa_hi_cycle,1218,1
C2015,UT,f,UT07853,rapa_hi_cycle,982,1
C2015,UT,f,UT07854,rapa_hi_cycle,831,1
C2015,UT,f,UT07855,rapa_hi_cycle,478,1
C2015,UT,f,UT07876,rapa_hi_start_stop,866,1
C2015,UT,f,UT07877,rapa_hi_start_stop,697,1
C2015,UT,f,UT07878,rapa_hi_start_stop,1157,1
C2015,UT,f,UT07879,rapa_hi_start_stop,1017,1
C2015,UT,f,UT07883,rapa_hi_continuous,965,1
C2015,UT,f,UT07884,rapa_hi_continuous,1026,1
C2015,UT,f,UT07885,rapa_hi_continuous,1039,1
C2015,UT,f,UT07886,rapa_hi_continuous,1011,1
C2015,UT,f,UT07890,rapa_hi_cycle,990,1
C2015,UT,f,UT07891,rapa_hi_cycle,1105,1
C2015,UT,f,UT07892,rapa_hi_cycle,994,1
C2015,UT,f,UT07893,rapa_hi_cycle,920,1
C2015,UT,f,UT07904,rapa_hi_continuous,969,1
C2015,UT,f,UT07905,rapa_hi_continuous,738,1
C2015,UT,f,UT07906,rapa_hi_continuous,975,1
C2015,UT,f,UT07907,rapa_hi_continuous,1046,1
C2015,UT,f,UT07918,rapa_hi_start_stop,985,1
C2015,UT,f,UT07919,rapa_hi_start_stop,1133,1
C2015,UT,f,UT07920,rapa_hi_start_stop,963,1
C2015,UT,f,UT07921,rapa_hi_start_stop,970,1
C2015,UT,f,UT07934,rapa_hi_continuous,1126,1
C2015,UT,f,UT07935,rapa_hi_continuous,757,1
C2015,UT,f,UT07936,rapa_hi_continuous,786,1
C2015,UT,f,UT07937,rapa_hi_continuous,924,1
C2015,UT,f,UT07938,rapa_hi_continuous,1040,1
C2015,UT,f,UT07939,rapa_hi_continuous,1177,1
C2015,UT,f,UT07940,rapa_hi_continuous,1049,1
C2015,UT,f,UT07941,rapa_hi_continuous,1171,1
C2015,UT,f,UT07955,rapa_hi_cycle,691,1
C2015,UT,f,UT07956,rapa_hi_cycle,980,1
C2015,UT,f,UT07957,rapa_hi_cycle,667,1
C2015,UT,f,UT07958,rapa_hi_cycle,435,1
C2015,UT,f,UT07975,rapa_hi_cycle,579,1
C2015,UT,f,UT07976,rapa_hi_cycle,478,0
C2015,UT,f,UT07977,rapa_hi_cycle,520,1
C2015,UT,f,UT07978,rapa_hi_cycle,1128,1
C2015,UT,f,UT08029,rapa_hi_continuous,891,1
C2015,UT,f,UT08030,rapa_hi_continuous,713,1
C2015,UT,f,UT08031,rapa_hi_continuous,763,1
C2015,UT,f,UT08032,rapa_hi_continuous,741,1
C2015,UT,f,UT08054,rapa_hi_continuous,1228,1
C2015,UT,f,UT08055,rapa_hi_continuous,1344,1
C2015,UT,f,UT08056,rapa_hi_continuous,1056,1
C2015,UT,f,UT08057,rapa_hi_continuous,1185,1
C2015,UT,f,UT08097,rapa_hi_start_stop,915,1
C2015,UT,f,UT08098,rapa_hi_start_stop,1083,1
C2015,UT,f,UT08099,rapa_hi_start_stop,1164,1
C2015,UT,f,UT08100,rapa_hi_start_stop,539,1
C2015,UT,f,UT08131,rapa_hi_start_stop,776,1
C2015,UT,f,UT08132,rapa_hi_start_stop,807,1
C2015,UT,f,UT08133,rapa_hi_start_stop,708,1
C2015,UT,f,UT08134,rapa_hi_start_stop,1074,1
C2015,UT,f,UT08141,rapa_hi_cycle,1066,1
C2015,UT,f,UT08142,rapa_hi_cycle,1011,1
C2015,UT,f,UT08143,rapa_hi_cycle,664,1
C2015,UT,f,UT08144,rapa_hi_cycle,949,1
C2015,UT,f,UT08148,rapa_hi_cycle,540,1
C2015,UT,f,UT08149,rapa_hi_cycle,1040,1
C2015,UT,f,UT08150,rapa_hi_cycle,753,1
C2015,UT,f,UT08151,rapa_hi_cycle,857,1
C2015,UT,f,UT08202,rapa_hi_continuous,1301,1
C2015,UT,f,UT08203,rapa_hi_continuous,1121,1
C2015,UT,f,UT08204,rapa_hi_continuous,1153,1
C2015,UT,f,UT08205,rapa_hi_continuous,562,1
C2015,UT,f,UT08209,rapa_hi_start_stop,731,1
C2015,UT,f,UT08210,rapa_hi_start_stop,908,1
C2015,UT,f,UT08211,rapa_hi_start_stop,941,1
C2015,UT,f,UT08212,rapa_hi_start_stop,828,1
C2015,UT,f,UT08243,rapa_hi_cycle,602,1
C2015,UT,f,UT08244,rapa_hi_cycle,781,1
C2015,UT,f,UT08245,rapa_hi_cycle,857,1
C2015,UT,f,UT08246,rapa_hi_cycle,1127,1
C2015,UT,f,UT08287,rapa_hi_continuous,680,1
C2015,UT,f,UT08288,rapa_hi_continuous,1171,1
C2015,UT,f,UT08289,rapa_hi_continuous,959,1
C2015,UT,f,UT08290,rapa_hi_continuous,1153,1
C2015,UT,f,UT08297,rapa_hi_continuous,1215,1
C2015,UT,f,UT08298,rapa_hi_continuous,1131,1
C2015,UT,f,UT08299,rapa_hi_continuous,1051,1
C2015,UT,f,UT08300,rapa_hi_continuous,986,1
C2015,UT,f,UT08332,rapa_hi_start_stop,1056,1
C2015,UT,f,UT08333,rapa_hi_start_stop,740,1
C2015,UT,f,UT08334,rapa_hi_start_stop,1097,1
C2015,UT,f,UT08335,rapa_hi_start_stop,863,1
C2015,UT,f,UT08339,rapa_hi_cycle,1120,1
C2015,UT,f,UT08340,rapa_hi_cycle,1254,1
C2015,UT,f,UT08341,rapa_hi_cycle,1127,1
C2015,UT,f,UT08342,rapa_hi_cycle,1162,1
C2015,UT,f,UT08352,rapa_hi_continuous,1192,1
C2015,UT,f,UT08353,rapa_hi_continuous,556,1
C2015,UT,f,UT08354,rapa_hi_continuous,1145,1
C2015,UT,f,UT08355,rapa_hi_continuous,909,1
C2015,UT,f,UT08376,rapa_hi_start_stop,970,1
C2015,UT,f,UT08377,rapa_hi_start_stop,1010,1
C2015,UT,f,UT08378,rapa_hi_start_stop,977,1
C2015,UT,f,UT08379,rapa_hi_start_stop,629,1
C2015,UT,f,UT08396,rapa_hi_cycle,908,1
C2015,UT,f,UT08397,rapa_hi_cycle,651,1
C2015,UT,f,UT08398,rapa_hi_cycle,863,1
C2015,UT,f,UT08399,rapa_hi_cycle,787,1
C2015,UT,f,UT08417,rapa_hi_start_stop,867,1
C2015,UT,f,UT08418,rapa_hi_start_stop,931,1
C2015,UT,f,UT08419,rapa_hi_start_stop,938,1
C2015,UT,f,UT08420,rapa_hi_start_stop,896,1
C2015,UT,m,UT07582,rapa_hi_start_stop,1122,1
C2015,UT,m,UT07583,rapa_hi_start_stop,534,1
C2015,UT,m,UT07584,rapa_hi_start_stop,415,1
C2015,UT,m,UT07638,rapa_hi_start_stop,903,1
C2015,UT,m,UT07639,rapa_hi_start_stop,1031,1
C2015,UT,m,UT07640,rapa_hi_start_stop,1045,1
C2015,UT,m,UT07645,rapa_hi_cycle,1100,1
C2015,UT,m,UT07646,rapa_hi_cycle,223,1
C2015,UT,m,UT07647,rapa_hi_cycle,494,1
C2015,UT,m,UT07648,rapa_hi_continuous,1148,1
C2015,UT,m,UT07649,rapa_hi_continuous,1149,1
C2015,UT,m,UT07650,rapa_hi_continuous,805,1
C2015,UT,m,UT07683,rapa_hi_cycle,627,1
C2015,UT,m,UT07684,rapa_hi_cycle,995,1
C2015,UT,m,UT07685,rapa_hi_cycle,571,1
C2015,UT,m,UT07686,rapa_hi_start_stop,891,1
C2015,UT,m,UT07687,rapa_hi_start_stop,1132,1
C2015,UT,m,UT07688,rapa_hi_start_stop,904,1
C2015,UT,m,UT07707,rapa_hi_continuous,1060,1
C2015,UT,m,UT07708,rapa_hi_continuous,1014,1
C2015,UT,m,UT07709,rapa_hi_continuous,270,1
C2015,UT,m,UT07716,rapa_hi_cycle,595,1
C2015,UT,m,UT07717,rapa_hi_cycle,1052,1
C2015,UT,m,UT07718,rapa_hi_cycle,1127,1
C2015,UT,m,UT07722,rapa_hi_cycle,309,1
C2015,UT,m,UT07723,rapa_hi_cycle,519,1
C2015,UT,m,UT07724,rapa_hi_cycle,693,1
C2015,UT,m,UT07742,rapa_hi_continuous,947,1
C2015,UT,m,UT07743,rapa_hi_continuous,559,1
C2015,UT,m,UT07744,rapa_hi_continuous,1084,1
C2015,UT,m,UT07790,rapa_hi_cycle,329,1
C2015,UT,m,UT07791,rapa_hi_cycle,355,1
C2015,UT,m,UT07792,rapa_hi_cycle,542,1
C2015,UT,m,UT07824,rapa_hi_cycle,957,1
C2015,UT,m,UT07825,rapa_hi_cycle,212,1
C2015,UT,m,UT07826,rapa_hi_cycle,785,1
C2015,UT,m,UT07827,rapa_hi_continuous,884,1
C2015,UT,m,UT07828,rapa_hi_continuous,1197,1
C2015,UT,m,UT07829,rapa_hi_continuous,912,1
C2015,UT,m,UT07849,rapa_hi_continuous,1109,1
C2015,UT,m,UT07850,rapa_hi_continuous,931,1
C2015,UT,m,UT07851,rapa_hi_continuous,588,1
C2015,UT,m,UT07887,rapa_hi_start_stop,692,1
C2015,UT,m,UT07888,rapa_hi_start_stop,891,1
C2015,UT,m,UT07889,rapa_hi_start_stop,1264,1
C2015,UT,m,UT07942,rapa_hi_start_stop,865,1
C2015,UT,m,UT07943,rapa_hi_start_stop,646,1
C2015,UT,m,UT07944,rapa_hi_start_stop,1012,1
C2015,UT,m,UT07952,rapa_hi_continuous,605,1
C2015,UT,m,UT07953,rapa_hi_continuous,991,1
C2015,UT,m,UT07954,rapa_hi_continuous,578,1
C2015,UT,m,UT07969,rapa_hi_continuous,556,0
C2015,UT,m,UT07970,rapa_hi_continuous,556,0
C2015,UT,m,UT07971,rapa_hi_continuous,556,0
C2015,UT,m,UT08026,rapa_hi_start_stop,1143,1
C2015,UT,m,UT08027,rapa_hi_start_stop,528,1
C2015,UT,m,UT08028,rapa_hi_start_stop,1079,1
C2015,UT,m,UT08068,rapa_hi_cycle,482,1
C2015,UT,m,UT08069,rapa_hi_cycle,527,1
C2015,UT,m,UT08070,rapa_hi_cycle,961,1
C2015,UT,m,UT08078,rapa_hi_start_stop,945,1
C2015,UT,m,UT08079,rapa_hi_start_stop,937,1
C2015,UT,m,UT08080,rapa_hi_start_stop,1097,1
C2015,UT,m,UT08081,rapa_hi_continuous,672,1
C2015,UT,m,UT08082,rapa_hi_continuous,1169,1
C2015,UT,m,UT08083,rapa_hi_continuous,687,1
C2015,UT,m,UT08101,rapa_hi_cycle,776,1
C2015,UT,m,UT08102,rapa_hi_cycle,345,1
C2015,UT,m,UT08103,rapa_hi_cycle,443,1
C2015,UT,m,UT08114,rapa_hi_cycle,421,1
C2015,UT,m,UT08115,rapa_hi_cycle,316,1
C2015,UT,m,UT08116,rapa_hi_cycle,928,1
C2015,UT,m,UT08125,rapa_hi_cycle,1029,1
C2015,UT,m,UT08126,rapa_hi_cycle,1034,1
C2015,UT,m,UT08127,rapa_hi_cycle,1060,1
C2015,UT,m,UT08138,rapa_hi_continuous,673,1
C2015,UT,m,UT08139,rapa_hi_continuous,1160,1
C2015,UT,m,UT08140,rapa_hi_continuous,1096,1
C2015,UT,m,UT08160,rapa_hi_continuous,594,1
C2015,UT,m,UT08161,rapa_hi_continuous,1358,1
C2015,UT,m,UT08162,rapa_hi_continuous,303,1
C2015,UT,m,UT08163,rapa_hi_cycle,452,0
C2015,UT,m,UT08164,rapa_hi_cycle,452,0
C2015,UT,m,UT08165,rapa_hi_cycle,452,0
C2015,UT,m,UT08166,rapa_hi_cycle,998,1
C2015,UT,m,UT08167,rapa_hi_cycle,622,1
C2015,UT,m,UT08168,rapa_hi_cycle,890,1
C2015,UT,m,UT08179,rapa_hi_continuous,566,1
C2015,UT,m,UT08180,rapa_hi_continuous,997,1
C2015,UT,m,UT08181,rapa_hi_continuous,962,1
C2015,UT,m,UT08199,rapa_hi_cycle,739,1
C2015,UT,m,UT08200,rapa_hi_cycle,992,1
C2015,UT,m,UT08201,rapa_hi_cycle,991,1
C2015,UT,m,UT08213,rapa_hi_continuous,583,1
C2015,UT,m,UT08214,rapa_hi_continuous,753,1
C2015,UT,m,UT08215,rapa_hi_continuous,1016,1
C2015,UT,m,UT08253,rapa_hi_start_stop,343,1
C2015,UT,m,UT08254,rapa_hi_start_stop,294,1
C2015,UT,m,UT08255,rapa_hi_start_stop,992,1
C2015,UT,m,UT08267,rapa_hi_start_stop,797,1
C2015,UT,m,UT08268,rapa_hi_start_stop,392,1
C2015,UT,m,UT08269,rapa_hi_start_stop,1039,1
C2015,UT,m,UT08284,rapa_hi_cycle,397,1
C2015,UT,m,UT08285,rapa_hi_cycle,249,1
C2015,UT,m,UT08286,rapa_hi_cycle,1066,1
C2015,UT,m,UT08315,rapa_hi_start_stop,1028,1
C2015,UT,m,UT08316,rapa_hi_start_stop,1120,1
C2015,UT,m,UT08317,rapa_hi_start_stop,1029,1
C2015,UT,m,UT08326,rapa_hi_start_stop,836,1
C2015,UT,m,UT08327,rapa_hi_start_stop,685,1
C2015,UT,m,UT08328,rapa_hi_start_stop,1085,1
C2015,UT,m,UT08343,rapa_hi_cycle,977,1
C2015,UT,m,UT08344,rapa_hi_cycle,748,1
C2015,UT,m,UT08345,rapa_hi_cycle,701,1
C2015,UT,m,UT08346,rapa_hi_continuous,982,1
C2015,UT,m,UT08347,rapa_hi_continuous,645,1
C2015,UT,m,UT08348,rapa_hi_continuous,786,1
C2015,UT,m,UT08366,rapa_hi_cycle,854,1
C2015,UT,m,UT08367,rapa_hi_cycle,835,1
C2015,UT,m,UT08368,rapa_hi_cycle,466,1
C2015,UT,m,UT08373,rapa_hi_cycle,956,1
C2015,UT,m,UT08374,rapa_hi_cycle,777,1
C2015,UT,m,UT08375,rapa_hi_cycle,985,1
C2015,UT,m,UT08383,rapa_hi_start_stop,485,0
C2015,UT,m,UT08384,rapa_hi_start_stop,485,0
C2015,UT,m,UT08385,rapa_hi_start_stop,485,0
C2015,UT,m,UT08386,rapa_hi_start_stop,789,1
C2015,UT,m,UT08387,rapa_hi_start_stop,788,1
C2015,UT,m,UT08388,rapa_hi_start_stop,548,1
C2015,UT,m,UT08407,rapa_hi_continuous,882,1
C2015,UT,m,UT08408,rapa_hi_continuous,890,1
C2015,UT,m,UT08409,rapa_hi_continuous,1066,1
C2015,UT,m,UT08414,rapa_hi_start_stop,637,1
C2015,UT,m,UT08415,rapa_hi_start_stop,1002,1
C2015,UT,m,UT08416,rapa_hi_start_stop,1122,1
C2015,UT,m,UT08421,rapa_hi_continuous,943,1
C2015,UT,m,UT08422,rapa_hi_continuous,1244,1
C2015,UT,m,UT08423,rapa_hi_continuous,916,0
C2015,UT,m,UT08431,rapa_hi_start_stop,680,1
C2015,UT,m,UT08432,rapa_hi_start_stop,364,1
C2015,UT,m,UT08433,rapa_hi_start_stop,344,1
C2015,UT,m,UT08445,rapa_hi_continuous,364,1
C2015,UT,m,UT08446,rapa_hi_continuous,517,1
C2015,UT,m,UT08447,rapa_hi_continuous,859,1
C2015,UT,m,UT08448,rapa_hi_start_stop,859,1
C2015,UT,m,UT08449,rapa_hi_start_stop,1066,1
C2015,UT,m,UT08450,rapa_hi_start_stop,887,1
C2015,UT,m,UT08469,rapa_hi_start_stop,1037,1
C2015,UT,m,UT08470,rapa_hi_start_stop,854,1
C2015,UT,m,UT08471,rapa_hi_start_stop,856,1
C2015,UT,m,UT08583,rapa_hi_continuous,1059,1
C2015,UT,m,UT08584,rapa_hi_continuous,611,1
C2015,UT,m,UT08585,rapa_hi_continuous,1229,1
C2015,TJL,f,JL11878,bGPA,782,1
C2015,TJL,f,JL11879,bGPA,956,1
C2015,TJL,f,JL11880,bGPA,671,1
C2015,TJL,f,JL11881,bGPA,1239,1
C2015,TJL,f,JL11895,bGPA,980,1
C2015,TJL,f,JL11896,bGPA,667,1
C2015,TJL,f,JL11897,bGPA,709,1
C2015,TJL,f,JL11898,bGPA,576,1
C2015,TJL,f,JL11907,bGPA,1164,1
C2015,TJL,f,JL11908,bGPA,1029,1
C2015,TJL,f,JL11909,bGPA,868,1
C2015,TJL,f,JL11910,bGPA,1229,1
C2015,TJL,f,JL11974,bGPA,1001,1
C2015,TJL,f,JL11975,bGPA,1084,1
C2015,TJL,f,JL11976,bGPA,936,1
C2015,TJL,f,JL11977,bGPA,1061,1
C2015,TJL,f,JL12001,bGPA,1039,1
C2015,TJL,f,JL12002,bGPA,1032,1
C2015,TJL,f,JL12003,bGPA,957,1
C2015,TJL,f,JL12004,bGPA,670,1
C2015,TJL,f,JL12391,bGPA,791,1
C2015,TJL,f,JL12392,bGPA,1000,1
C2015,TJL,f,JL12393,bGPA,722,1
C2015,TJL,f,JL12394,bGPA,743,1
C2015,TJL,f,JL12493,bGPA,712,1
C2015,TJL,f,JL12494,bGPA,1025,1
C2015,TJL,f,JL12495,bGPA,1004,1
C2015,TJL,f,JL12496,bGPA,886,1
C2015,TJL,f,JL12565,bGPA,865,1
C2015,TJL,f,JL12566,bGPA,956,1
C2015,TJL,f,JL12567,bGPA,1086,1
C2015,TJL,f,JL12568,bGPA,1044,1
C2015,TJL,f,JL12573,bGPA,580,1
C2015,TJL,f,JL12574,bGPA,1018,1
C2015,TJL,f,JL12575,bGPA,956,1
C2015,TJL,f,JL12576,bGPA,1037,1
C2015,TJL,f,JL12593,bGPA,861,1
C2015,TJL,f,JL12594,bGPA,952,1
C2015,TJL,f,JL12595,bGPA,1110,1
C2015,TJL,f,JL12596,bGPA,756,1
C2015,TJL,f,JL12610,bGPA,990,1
C2015,TJL,f,JL12611,bGPA,726,1
C2015,TJL,f,JL12612,bGPA,880,1
C2015,TJL,f,JL12613,bGPA,927,1
C2015,TJL,f,JL12679,bGPA,662,1
C2015,TJL,f,JL12680,bGPA,727,1
C2015,TJL,f,JL12681,bGPA,1026,1
C2015,TJL,f,JL12682,bGPA,903,1
C2015,TJL,m,JL11826,bGPA,953,1
C2015,TJL,m,JL11827,bGPA,896,1
C2015,TJL,m,JL11828,bGPA,812,1
C2015,TJL,m,JL11929,bGPA,715,1
C2015,TJL,m,JL11930,bGPA,240,1
C2015,TJL,m,JL11931,bGPA,1283,1
C2015,TJL,m,JL12123,bGPA,813,1
C2015,TJL,m,JL12124,bGPA,387,1
C2015,TJL,m,JL12125,bGPA,973,1
C2015,TJL,m,JL12146,bGPA,617,1
C2015,TJL,m,JL12147,bGPA,480,1
C2015,TJL,m,JL12148,bGPA,653,1
C2015,TJL,m,JL12222,bGPA,1093,1
C2015,TJL,m,JL12223,bGPA,963,1
C2015,TJL,m,JL12224,bGPA,928,1
C2015,TJL,m,JL12252,bGPA,1123,1
C2015,TJL,m,JL12253,bGPA,806,1
C2015,TJL,m,JL12254,bGPA,1009,1
C2015,TJL,m,JL12376,bGPA,750,1
C2015,TJL,m,JL12377,bGPA,951,1
C2015,TJL,m,JL12378,bGPA,750,1
C2015,TJL,m,JL12413,bGPA,219,1
C2015,TJL,m,JL12414,bGPA,806,1
C2015,TJL,m,JL12415,bGPA,660,1
C2015,TJL,m,JL12443,bGPA,1050,1
C2015,TJL,m,JL12444,bGPA,732,1
C2015,TJL,m,JL12445,bGPA,991,1
C2015,TJL,m,JL12446,bGPA,975,1
C2015,TJL,m,JL12447,bGPA,697,1
C2015,TJL,m,JL12448,bGPA,670,1
C2015,TJL,m,JL12472,bGPA,486,1
C2015,TJL,m,JL12473,bGPA,1139,1
C2015,TJL,m,JL12474,bGPA,486,1
C2015,TJL,m,JL12507,bGPA,580,1
C2015,TJL,m,JL12508,bGPA,469,1
C2015,TJL,m,JL12509,bGPA,913,1
C2015,TJL,m,JL12519,bGPA,1112,1
C2015,TJL,m,JL12520,bGPA,608,1
C2015,TJL,m,JL12521,bGPA,992,1
C2015,TJL,m,JL12601,bGPA,470,1
C2015,TJL,m,JL12602,bGPA,428,1
C2015,TJL,m,JL12603,bGPA,598,1
C2015,TJL,m,JL12628,bGPA,500,1
C2015,TJL,m,JL12629,bGPA,1057,1
C2015,TJL,m,JL12630,bGPA,460,1
C2015,TJL,m,JL12631,bGPA,923,1
C2015,TJL,m,JL12632,bGPA,634,1
C2015,TJL,m,JL12633,bGPA,837,1
C2015,TJL,m,JL12690,bGPA,727,1
C2015,TJL,m,JL12691,bGPA,637,1
C2015,TJL,m,JL12692,bGPA,344,1
C2015,TJL,m,JL12729,bGPA,866,1
C2015,TJL,m,JL12730,bGPA,782,1
C2015,TJL,m,JL12731,bGPA,866,1
C2015,UM,f,UM52808,bGPA,972,1
C2015,UM,f,UM52815,bGPA,1007,1
C2015,UM,f,UM52822,bGPA,888,1
C2015,UM,f,UM52829,bGPA,736,1
C2015,UM,f,UM53221,bGPA,923,1
C2015,UM,f,UM53228,bGPA,867,1
C2015,UM,f,UM53235,bGPA,1008,1
C2015,UM,f,UM53242,bGPA,997,1
C2015,UM,f,UM53543,bGPA,880,1
C2015,UM,f,UM53550,bGPA,1138,1
C2015,UM,f,UM53557,bGPA,798,1
C2015,UM,f,UM53564,bGPA,1022,1
C2015,UM,f,UM53690,bGPA,971,1
C2015,UM,f,UM53697,bGPA,111,1
C2015,UM,f,UM53704,bGPA,820,1
C2015,UM,f,UM53711,bGPA,859,1
C2015,UM,f,UM53865,bGPA,674,1
C2015,UM,f,UM53872,bGPA,1246,1
C2015,UM,f,UM53879,bGPA,940,1
C2015,UM,f,UM53886,bGPA,1239,1
C2015,UM,f,UM54740,bGPA,1081,1
C2015,UM,f,UM54747,bGPA,1014,1
C2015,UM,f,UM54754,bGPA,1045,1
C2015,UM,f,UM54761,bGPA,643,1
C2015,UM,f,UM55314,bGPA,921,1
C2015,UM,f,UM55321,bGPA,1000,1
C2015,UM,f,UM55328,bGPA,1203,1
C2015,UM,f,UM55335,bGPA,837,1
C2015,UM,f,UM55461,bGPA,847,1
C2015,UM,f,UM55468,bGPA,704,1
C2015,UM,f,UM55475,bGPA,736,1
C2015,UM,f,UM55482,bGPA,596,1
C2015,UM,f,UM56322,bGPA,868,1
C2015,UM,f,UM56329,bGPA,823,1
C2015,UM,f,UM56336,bGPA,925,1
C2015,UM,f,UM56343,bGPA,912,1
C2015,UM,f,UM56630,bGPA,836,1
C2015,UM,f,UM56637,bGPA,742,1
C2015,UM,f,UM56644,bGPA,792,1
C2015,UM,f,UM56651,bGPA,816,1
C2015,UM,f,UM58744,bGPA,826,1
C2015,UM,f,UM58751,bGPA,780,1
C2015,UM,f,UM58758,bGPA,622,1
C2015,UM,f,UM58765,bGPA,696,1
C2015,UM,m,UM53200,bGPA,327,0
C2015,UM,m,UM53207,bGPA,327,0
C2015,UM,m,UM53214,bGPA,327,0
C2015,UM,m,UM53431,bGPA,732,1
C2015,UM,m,UM53438,bGPA,1130,1
C2015,UM,m,UM53445,bGPA,1197,1
C2015,UM,m,UM53452,bGPA,787,1
C2015,UM,m,UM53459,bGPA,1114,0
C2015,UM,m,UM53466,bGPA,1093,1
C2015,UM,m,UM53620,bGPA,776,1
C2015,UM,m,UM53627,bGPA,839,1
C2015,UM,m,UM53634,bGPA,826,1
C2015,UM,m,UM54397,bGPA,249,0
C2015,UM,m,UM54404,bGPA,249,0
C2015,UM,m,UM54411,bGPA,249,0
C2015,UM,m,UM54418,bGPA,432,1
C2015,UM,m,UM54425,bGPA,1046,1
C2015,UM,m,UM54432,bGPA,407,1
C2015,UM,m,UM54880,bGPA,205,0
C2015,UM,m,UM54887,bGPA,205,0
C2015,UM,m,UM54894,bGPA,205,0
C2015,UM,m,UM55230,bGPA,576,1
C2015,UM,m,UM55237,bGPA,985,1
C2015,UM,m,UM55244,bGPA,327,1
C2015,UM,m,UM55391,bGPA,828,1
C2015,UM,m,UM55398,bGPA,345,1
C2015,UM,m,UM55405,bGPA,749,1
C2015,UM,m,UM55727,bGPA,927,1
C2015,UM,m,UM55734,bGPA,754,1
C2015,UM,m,UM55741,bGPA,500,1
C2015,UM,m,UM55895,bGPA,803,1
C2015,UM,m,UM55902,bGPA,867,1
C2015,UM,m,UM55909,bGPA,635,1
C2015,UM,m,UM56539,bGPA,751,1
C2015,UM,m,UM56546,bGPA,428,1
C2015,UM,m,UM56553,bGPA,422,1
C2015,UM,m,UM57918,bGPA,465,1
C2015,UM,m,UM57925,bGPA,571,1
C2015,UM,m,UM57932,bGPA,1109,1
C2015,UM,m,UM58030,bGPA,437,1
C2015,UM,m,UM58037,bGPA,631,1
C2015,UM,m,UM58044,bGPA,371,1
C2015,UM,m,UM58079,bGPA,896,1
C2015,UM,m,UM58086,bGPA,654,1
C2015,UM,m,UM58093,bGPA,818,1
C2015,UM,m,UM58212,bGPA,646,1
C2015,UM,m,UM58219,bGPA,811,1
C2015,UM,m,UM58226,bGPA,504,1
C2015,UM,m,UM58331,bGPA,606,1
C2015,UM,m,UM58338,bGPA,285,1
C2015,UM,m,UM58345,bGPA,832,1
C2015,UT,f,UT07606,bGPA,750,1
C2015,UT,f,UT07607,bGPA,721,1
C2015,UT,f,UT07608,bGPA,352,1
C2015,UT,f,UT07609,bGPA,1114,1
C2015,UT,f,UT07613,bGPA,1193,1
C2015,UT,f,UT07614,bGPA,742,1
C2015,UT,f,UT07615,bGPA,574,1
C2015,UT,f,UT07616,bGPA,806,1
C2015,UT,f,UT07766,bGPA,961,1
C2015,UT,f,UT07767,bGPA,726,1
C2015,UT,f,UT07768,bGPA,1115,1
C2015,UT,f,UT07769,bGPA,948,1
C2015,UT,f,UT07780,bGPA,820,1
C2015,UT,f,UT07781,bGPA,1108,1
C2015,UT,f,UT07782,bGPA,736,1
C2015,UT,f,UT07783,bGPA,810,1
C2015,UT,f,UT07820,bGPA,1148,1
C2015,UT,f,UT07821,bGPA,694,1
C2015,UT,f,UT07822,bGPA,1071,1
C2015,UT,f,UT07823,bGPA,940,1
C2015,UT,f,UT07834,bGPA,897,1
C2015,UT,f,UT07835,bGPA,928,1
C2015,UT,f,UT07836,bGPA,949,1
C2015,UT,f,UT07837,bGPA,977,1
C2015,UT,f,UT07986,bGPA,1272,1
C2015,UT,f,UT07987,bGPA,1120,1
C2015,UT,f,UT07988,bGPA,1066,1
C2015,UT,f,UT07989,bGPA,872,1
C2015,UT,f,UT08107,bGPA,851,1
C2015,UT,f,UT08108,bGPA,1042,1
C2015,UT,f,UT08109,bGPA,843,1
C2015,UT,f,UT08110,bGPA,1044,1
C2015,UT,f,UT08152,bGPA,826,1
C2015,UT,f,UT08153,bGPA,773,1
C2015,UT,f,UT08154,bGPA,670,1
C2015,UT,f,UT08155,bGPA,911,1
C2015,UT,f,UT08270,bGPA,1225,1
C2015,UT,f,UT08271,bGPA,720,1
C2015,UT,f,UT08272,bGPA,714,1
C2015,UT,f,UT08273,bGPA,863,1
C2015,UT,f,UT08280,bGPA,760,1
C2015,UT,f,UT08281,bGPA,1000,1
C2015,UT,f,UT08282,bGPA,839,1
C2015,UT,f,UT08283,bGPA,818,1
C2015,UT,m,UT07603,bGPA,208,1
C2015,UT,m,UT07604,bGPA,999,1
C2015,UT,m,UT07605,bGPA,1149,1
C2015,UT,m,UT07784,bGPA,1079,1
C2015,UT,m,UT07785,bGPA,441,1
C2015,UT,m,UT07786,bGPA,846,1
C2015,UT,m,UT07803,bGPA,981,1
C2015,UT,m,UT07804,bGPA,833,1
C2015,UT,m,UT07805,bGPA,841,1
C2015,UT,m,UT07842,bGPA,880,1
C2015,UT,m,UT07843,bGPA,433,1
C2015,UT,m,UT07844,bGPA,741,1
C2015,UT,m,UT07915,bGPA,750,1
C2015,UT,m,UT07916,bGPA,272,1
C2015,UT,m,UT07917,bGPA,995,1
C2015,UT,m,UT07931,bGPA,470,1
C2015,UT,m,UT07932,bGPA,980,1
C2015,UT,m,UT07933,bGPA,717,1
C2015,UT,m,UT07945,bGPA,876,1
C2015,UT,m,UT07946,bGPA,339,1
C2015,UT,m,UT07947,bGPA,875,1
C2015,UT,m,UT07979,bGPA,809,1
C2015,UT,m,UT07980,bGPA,721,1
C2015,UT,m,UT07981,bGPA,465,1
C2015,UT,m,UT08003,bGPA,693,1
C2015,UT,m,UT08004,bGPA,1025,1
C2015,UT,m,UT08005,bGPA,834,1
C2015,UT,m,UT08013,bGPA,1083,1
C2015,UT,m,UT08014,bGPA,765,1
C2015,UT,m,UT08015,bGPA,686,1
C2015,UT,m,UT08023,bGPA,460,0
C2015,UT,m,UT08024,bGPA,460,0
C2015,UT,m,UT08025,bGPA,462,0
C2015,UT,m,UT08058,bGPA,447,1
C2015,UT,m,UT08059,bGPA,712,1
C2015,UT,m,UT08060,bGPA,648,1
C2015,UT,m,UT08088,bGPA,418,1
C2015,UT,m,UT08089,bGPA,872,1
C2015,UT,m,UT08090,bGPA,818,1
C2015,UT,m,UT08104,bGPA,762,1
C2015,UT,m,UT08105,bGPA,993,1
C2015,UT,m,UT08106,bGPA,434,1
C2015,UT,m,UT08196,bGPA,831,1
C2015,UT,m,UT08197,bGPA,919,1
C2015,UT,m,UT08198,bGPA,1192,1
C2015,UT,m,UT08226,bGPA,851,1
C2015,UT,m,UT08227,bGPA,370,1
C2015,UT,m,UT08228,bGPA,883,1
C2015,UT,m,UT08233,bGPA,380,0
C2015,UT,m,UT08234,bGPA,380,0
C2015,UT,m,UT08235,bGPA,380,0
C2016,TJL,m,JL12918,17aE2_16m,973,1
C2016,TJL,m,JL12919,17aE2_16m,1005,1
C2016,TJL,m,JL12920,17aE2_16m,544,1
C2016,TJL,m,JL12967,17aE2_16m,366,1
C2016,TJL,m,JL12968,17aE2_16m,990,1
C2016,TJL,m,JL12969,17aE2_16m,890,1
C2016,TJL,m,JL13039,17aE2_16m,830,1
C2016,TJL,m,JL13040,17aE2_16m,669,1
C2016,TJL,m,JL13041,17aE2_16m,397,1
C2016,TJL,m,JL13095,17aE2_16m,968,1
C2016,TJL,m,JL13096,17aE2_16m,903,1
C2016,TJL,m,JL13097,17aE2_16m,567,1
C2016,TJL,m,JL13101,17aE2_16m,921,1
C2016,TJL,m,JL13102,17aE2_16m,371,1
C2016,TJL,m,JL13103,17aE2_16m,352,1
C2016,TJL,m,JL13107,17aE2_16m,906,1
C2016,TJL,m,JL13108,17aE2_16m,815,1
C2016,TJL,m,JL13109,17aE2_16m,910,1
C2016,TJL,m,JL13213,17aE2_16m,761,1
C2016,TJL,m,JL13214,17aE2_16m,706,1
C2016,TJL,m,JL13215,17aE2_16m,900,1
C2016,TJL,m,JL13275,17aE2_16m,915,1
C2016,TJL,m,JL13276,17aE2_16m,912,1
C2016,TJL,m,JL13277,17aE2_16m,883,1
C2016,TJL,m,JL13434,17aE2_16m,715,1
C2016,TJL,m,JL13435,17aE2_16m,991,1
C2016,TJL,m,JL13436,17aE2_16m,940,1
C2016,TJL,m,JL13475,17aE2_16m,725,1
C2016,TJL,m,JL13476,17aE2_16m,1172,1
C2016,TJL,m,JL13477,17aE2_16m,1059,1
C2016,TJL,m,JL13507,17aE2_16m,905,1
C2016,TJL,m,JL13508,17aE2_16m,921,1
C2016,TJL,m,JL13509,17aE2_16m,769,1
C2016,TJL,m,JL13555,17aE2_16m,1018,1
C2016,TJL,m,JL13556,17aE2_16m,511,1
C2016,TJL,m,JL13557,17aE2_16m,935,1
C2016,TJL,m,JL13595,17aE2_16m,741,1
C2016,TJL,m,JL13596,17aE2_16m,946,1
C2016,TJL,m,JL13597,17aE2_16m,1037,1
C2016,TJL,m,JL13689,17aE2_16m,753,1
C2016,TJL,m,JL13690,17aE2_16m,806,1
C2016,TJL,m,JL13691,17aE2_16m,687,1
C2016,TJL,m,JL13753,17aE2_16m,1108,1
C2016,TJL,m,JL13754,17aE2_16m,420,1
C2016,TJL,m,JL13755,17aE2_16m,302,1
C2016,TJL,m,JL13836,17aE2_16m,1029,1
C2016,TJL,m,JL13837,17aE2_16m,802,1
C2016,TJL,m,JL13838,17aE2_16m,1174,1
C2016,TJL,m,JL13848,17aE2_16m,1049,1
C2016,TJL,m,JL13849,17aE2_16m,393,1
C2016,TJL,m,JL13850,17aE2_16m,655,1
C2016,TJL,m,JL13939,17aE2_16m,1107,1
C2016,TJL,m,JL13940,17aE2_16m,1100,1
C2016,TJL,m,JL13941,17aE2_16m,1055,1
C2016,UM,m,UM61957,17aE2_16m,978,1
C2016,UM,m,UM61964,17aE2_16m,907,1
C2016,UM,m,UM61971,17aE2_16m,962,1
C2016,UM,m,UM62370,17aE2_16m,343,1
C2016,UM,m,UM62377,17aE2_16m,1080,1
C2016,UM,m,UM62384,17aE2_16m,483,1
C2016,UM,m,UM63084,17aE2_16m,297,0
C2016,UM,m,UM63091,17aE2_16m,297,0
C2016,UM,m,UM63098,17aE2_16m,297,0
C2016,UM,m,UM63364,17aE2_16m,905,1
C2016,UM,m,UM63371,17aE2_16m,836,1
C2016,UM,m,UM63378,17aE2_16m,1090,1
C2016,UM,m,UM63931,17aE2_16m,1164,1
C2016,UM,m,UM63938,17aE2_16m,904,1
C2016,UM,m,UM63945,17aE2_16m,994,1
C2016,UM,m,UM64344,17aE2_16m,1009,1
C2016,UM,m,UM64351,17aE2_16m,964,1
C2016,UM,m,UM64358,17aE2_16m,913,1
C2016,UM,m,UM64568,17aE2_16m,1114,1
C2016,UM,m,UM64575,17aE2_16m,1024,1
C2016,UM,m,UM64582,17aE2_16m,805,1
C2016,UM,m,UM64897,17aE2_16m,1028,1
C2016,UM,m,UM64904,17aE2_16m,936,1
C2016,UM,m,UM64911,17aE2_16m,950,1
C2016,UM,m,UM64918,17aE2_16m,289,0
C2016,UM,m,UM64925,17aE2_16m,289,0
C2016,UM,m,UM64932,17aE2_16m,247,1
C2016,UM,m,UM65870,17aE2_16m,1135,1
C2016,UM,m,UM65877,17aE2_16m,1077,1
C2016,UM,m,UM65884,17aE2_16m,965,1
C2016,UM,m,UM66087,17aE2_16m,582,1
C2016,UM,m,UM66094,17aE2_16m,1213,1
C2016,UM,m,UM66101,17aE2_16m,914,1
C2016,UM,m,UM66220,17aE2_16m,690,1
C2016,UM,m,UM66227,17aE2_16m,682,1
C2016,UM,m,UM66234,17aE2_16m,1102,1
C2016,UM,m,UM66696,17aE2_16m,690,1
C2016,UM,m,UM66703,17aE2_16m,1112,1
C2016,UM,m,UM66710,17aE2_16m,766,1
C2016,UM,m,UM66871,17aE2_16m,1005,1
C2016,UM,m,UM66878,17aE2_16m,1011,1
C2016,UM,m,UM66885,17aE2_16m,707,1
C2016,UM,m,UM67025,17aE2_16m,566,1
C2016,UM,m,UM67032,17aE2_16m,792,1
C2016,UM,m,UM67039,17aE2_16m,647,1
C2016,UM,m,UM67319,17aE2_16m,1181,1
C2016,UM,m,UM67326,17aE2_16m,864,1
C2016,UM,m,UM67333,17aE2_16m,990,1
C2016,UM,m,UM67410,17aE2_16m,446,1
C2016,UM,m,UM67417,17aE2_16m,752,1
C2016,UM,m,UM67424,17aE2_16m,1089,1
C2016,UT,m,UT08593,17aE2_16m,1005,1
C2016,UT,m,UT08594,17aE2_16m,914,1
C2016,UT,m,UT08595,17aE2_16m,977,1
C2016,UT,m,UT08635,17aE2_16m,1209,1
C2016,UT,m,UT08636,17aE2_16m,1110,1
C2016,UT,m,UT08637,17aE2_16m,810,1
C2016,UT,m,UT08667,17aE2_16m,1016,1
C2016,UT,m,UT08668,17aE2_16m,556,1
C2016,UT,m,UT08669,17aE2_16m,811,1
C2016,UT,m,UT08821,17aE2_16m,1011,1
C2016,UT,m,UT08822,17aE2_16m,850,1
C2016,UT,m,UT08823,17aE2_16m,799,1
C2016,UT,m,UT08874,17aE2_16m,920,1
C2016,UT,m,UT08875,17aE2_16m,774,1
C2016,UT,m,UT08876,17aE2_16m,1003,1
C2016,UT,m,UT08959,17aE2_16m,850,1
C2016,UT,m,UT08960,17aE2_16m,867,1
C2016,UT,m,UT08961,17aE2_16m,1079,1
C2016,UT,m,UT08990,17aE2_16m,896,1
C2016,UT,m,UT08991,17aE2_16m,1047,1
C2016,UT,m,UT08992,17aE2_16m,828,1
C2016,UT,m,UT09004,17aE2_16m,1156,1
C2016,UT,m,UT09005,17aE2_16m,936,1
C2016,UT,m,UT09006,17aE2_16m,1071,1
C2016,UT,m,UT09124,17aE2_16m,497,1
C2016,UT,m,UT09125,17aE2_16m,744,1
C2016,UT,m,UT09126,17aE2_16m,1067,1
C2016,UT,m,UT09141,17aE2_16m,897,1
C2016,UT,m,UT09142,17aE2_16m,859,1
C2016,UT,m,UT09143,17aE2_16m,887,1
C2016,UT,m,UT09179,17aE2_16m,965,1
C2016,UT,m,UT09180,17aE2_16m,997,1
C2016,UT,m,UT09181,17aE2_16m,1093,1
C2016,UT,m,UT09194,17aE2_16m,1065,1
C2016,UT,m,UT09195,17aE2_16m,1187,1
C2016,UT,m,UT09196,17aE2_16m,754,1
C2016,UT,m,UT09197,17aE2_16m,956,1
C2016,UT,m,UT09198,17aE2_16m,970,1
C2016,UT,m,UT09199,17aE2_16m,1231,1
C2016,UT,m,UT09280,17aE2_16m,955,1
C2016,UT,m,UT09281,17aE2_16m,686,1
C2016,UT,m,UT09282,17aE2_16m,922,1
C2016,UT,m,UT09358,17aE2_16m,691,1
C2016,UT,m,UT09359,17aE2_16m,1084,1
C2016,UT,m,UT09360,17aE2_16m,1230,1
C2016,UT,m,UT09379,17aE2_16m,874,1
C2016,UT,m,UT09380,17aE2_16m,924,1
C2016,UT,m,UT09381,17aE2_16m,999,1
C2016,UT,m,UT09507,17aE2_16m,1275,1
C2016,UT,m,UT09508,17aE2_16m,1376,1
C2016,UT,m,UT09509,17aE2_16m,948,1
C2016,TJL,m,JL13437,17aE2_20m,271,1
C2016,TJL,m,JL13438,17aE2_20m,628,1
C2016,TJL,m,JL13439,17aE2_20m,669,1
C2016,TJL,m,JL13478,17aE2_20m,233,1
C2016,TJL,m,JL13479,17aE2_20m,534,1
C2016,TJL,m,JL13480,17aE2_20m,920,1
C2016,TJL,m,JL13484,17aE2_20m,1050,1
C2016,TJL,m,JL13485,17aE2_20m,1072,1
C2016,TJL,m,JL13486,17aE2_20m,921,1
C2016,TJL,m,JL13487,17aE2_20m,984,1
C2016,TJL,m,JL13488,17aE2_20m,931,1
C2016,TJL,m,JL13489,17aE2_20m,767,1
C2016,TJL,m,JL13532,17aE2_20m,296,1
C2016,TJL,m,JL13533,17aE2_20m,1065,1
C2016,TJL,m,JL13534,17aE2_20m,632,1
C2016,TJL,m,JL13544,17aE2_20m,296,0
C2016,TJL,m,JL13545,17aE2_20m,296,0
C2016,TJL,m,JL13546,17aE2_20m,296,0
C2016,TJL,m,JL13558,17aE2_20m,472,1
C2016,TJL,m,JL13559,17aE2_20m,1181,1
C2016,TJL,m,JL13560,17aE2_20m,1040,1
C2016,TJL,m,JL13598,17aE2_20m,340,1
C2016,TJL,m,JL13599,17aE2_20m,1245,1
C2016,TJL,m,JL13600,17aE2_20m,743,1
C2016,TJL,m,JL13630,17aE2_20m,421,1
C2016,TJL,m,JL13631,17aE2_20m,985,1
C2016,TJL,m,JL13632,17aE2_20m,561,1
C2016,TJL,m,JL13645,17aE2_20m,665,1
C2016,TJL,m,JL13646,17aE2_20m,1017,1
C2016,TJL,m,JL13647,17aE2_20m,529,1
C2016,TJL,m,JL13696,17aE2_20m,761,1
C2016,TJL,m,JL13697,17aE2_20m,653,1
C2016,TJL,m,JL13698,17aE2_20m,978,1
C2016,TJL,m,JL13768,17aE2_20m,1004,1
C2016,TJL,m,JL13769,17aE2_20m,760,1
C2016,TJL,m,JL13770,17aE2_20m,1019,1
C2016,TJL,m,JL13771,17aE2_20m,873,1
C2016,TJL,m,JL13772,17aE2_20m,1166,1
C2016,TJL,m,JL13773,17aE2_20m,1191,1
C2016,TJL,m,JL13803,17aE2_20m,914,1
C2016,TJL,m,JL13804,17aE2_20m,1116,1
C2016,TJL,m,JL13805,17aE2_20m,896,1
C2016,TJL,m,JL13806,17aE2_20m,209,1
C2016,TJL,m,JL13807,17aE2_20m,815,1
C2016,TJL,m,JL13808,17aE2_20m,623,1
C2016,TJL,m,JL13842,17aE2_20m,949,1
C2016,TJL,m,JL13843,17aE2_20m,1086,1
C2016,TJL,m,JL13844,17aE2_20m,689,1
C2016,TJL,m,JL13910,17aE2_20m,1361,1
C2016,TJL,m,JL13911,17aE2_20m,900,1
C2016,TJL,m,JL13912,17aE2_20m,970,1
C2016,TJL,m,JL13950,17aE2_20m,755,1
C2016,TJL,m,JL13951,17aE2_20m,858,1
C2016,TJL,m,JL13952,17aE2_20m,774,1
C2016,UM,m,UM64939,17aE2_20m,900,1
C2016,UM,m,UM64946,17aE2_20m,951,1
C2016,UM,m,UM64953,17aE2_20m,847,1
C2016,UM,m,UM65366,17aE2_20m,299,0
C2016,UM,m,UM65373,17aE2_20m,299,0
C2016,UM,m,UM65380,17aE2_20m,299,0
C2016,UM,m,UM65478,17aE2_20m,240,0
C2016,UM,m,UM65485,17aE2_20m,240,0
C2016,UM,m,UM65492,17aE2_20m,240,0
C2016,UM,m,UM65520,17aE2_20m,1044,1
C2016,UM,m,UM65527,17aE2_20m,779,1
C2016,UM,m,UM65534,17aE2_20m,1043,1
C2016,UM,m,UM65541,17aE2_20m,825,1
C2016,UM,m,UM65548,17aE2_20m,690,1
C2016,UM,m,UM65555,17aE2_20m,624,1
C2016,UM,m,UM65968,17aE2_20m,836,1
C2016,UM,m,UM65975,17aE2_20m,441,1
C2016,UM,m,UM65982,17aE2_20m,1171,1
C2016,UM,m,UM66017,17aE2_20m,371,0
C2016,UM,m,UM66024,17aE2_20m,371,0
C2016,UM,m,UM66031,17aE2_20m,371,0
C2016,UM,m,UM66178,17aE2_20m,1017,1
C2016,UM,m,UM66185,17aE2_20m,1035,1
C2016,UM,m,UM66192,17aE2_20m,997,1
C2016,UM,m,UM66199,17aE2_20m,1066,1
C2016,UM,m,UM66206,17aE2_20m,1154,1
C2016,UM,m,UM66213,17aE2_20m,907,1
C2016,UM,m,UM66241,17aE2_20m,683,1
C2016,UM,m,UM66248,17aE2_20m,500,1
C2016,UM,m,UM66255,17aE2_20m,1250,1
C2016,UM,m,UM66262,17aE2_20m,506,1
C2016,UM,m,UM66269,17aE2_20m,391,1
C2016,UM,m,UM66276,17aE2_20m,1007,1
C2016,UM,m,UM66430,17aE2_20m,1043,1
C2016,UM,m,UM66437,17aE2_20m,996,1
C2016,UM,m,UM66444,17aE2_20m,754,1
C2016,UM,m,UM66500,17aE2_20m,1175,1
C2016,UM,m,UM66507,17aE2_20m,803,1
C2016,UM,m,UM66514,17aE2_20m,756,1
C2016,UM,m,UM66521,17aE2_20m,900,1
C2016,UM,m,UM66528,17aE2_20m,947,1
C2016,UM,m,UM66535,17aE2_20m,896,1
C2016,UM,m,UM66654,17aE2_20m,847,1
C2016,UM,m,UM66661,17aE2_20m,707,1
C2016,UM,m,UM66668,17aE2_20m,1022,1
C2016,UM,m,UM66962,17aE2_20m,836,1
C2016,UM,m,UM66969,17aE2_20m,890,1
C2016,UM,m,UM66976,17aE2_20m,619,1
C2016,UM,m,UM67067,17aE2_20m,1224,1
C2016,UM,m,UM67074,17aE2_20m,940,1
C2016,UM,m,UM67081,17aE2_20m,1020,1
C2016,UM,m,UM67942,17aE2_20m,944,1
C2016,UM,m,UM67949,17aE2_20m,758,1
C2016,UM,m,UM67956,17aE2_20m,871,1
C2016,UT,m,UT09157,17aE2_20m,665,1
C2016,UT,m,UT09158,17aE2_20m,667,1
C2016,UT,m,UT09159,17aE2_20m,970,1
C2016,UT,m,UT09273,17aE2_20m,1038,1
C2016,UT,m,UT09274,17aE2_20m,1212,1
C2016,UT,m,UT09275,17aE2_20m,804,1
C2016,UT,m,UT09309,17aE2_20m,935,1
C2016,UT,m,UT09310,17aE2_20m,840,1
C2016,UT,m,UT09311,17aE2_20m,971,1
C2016,UT,m,UT09318,17aE2_20m,951,1
C2016,UT,m,UT09319,17aE2_20m,623,1
C2016,UT,m,UT09320,17aE2_20m,1109,1
C2016,UT,m,UT09338,17aE2_20m,457,1
C2016,UT,m,UT09339,17aE2_20m,871,1
C2016,UT,m,UT09340,17aE2_20m,999,1
C2016,UT,m,UT09348,17aE2_20m,779,1
C2016,UT,m,UT09349,17aE2_20m,752,1
C2016,UT,m,UT09350,17aE2_20m,672,1
C2016,UT,m,UT09396,17aE2_20m,939,1
C2016,UT,m,UT09397,17aE2_20m,562,1
C2016,UT,m,UT09398,17aE2_20m,881,1
C2016,UT,m,UT09430,17aE2_20m,854,1
C2016,UT,m,UT09431,17aE2_20m,568,1
C2016,UT,m,UT09432,17aE2_20m,994,1
C2016,UT,m,UT09474,17aE2_20m,1015,1
C2016,UT,m,UT09475,17aE2_20m,978,1
C2016,UT,m,UT09476,17aE2_20m,874,1
C2016,UT,m,UT09491,17aE2_20m,724,1
C2016,UT,m,UT09492,17aE2_20m,887,0
C2016,UT,m,UT09493,17aE2_20m,945,1
C2016,UT,m,UT09497,17aE2_20m,357,1
C2016,UT,m,UT09498,17aE2_20m,989,1
C2016,UT,m,UT09499,17aE2_20m,714,1
C2016,UT,m,UT09500,17aE2_20m,903,1
C2016,UT,m,UT09501,17aE2_20m,629,1
C2016,UT,m,UT09502,17aE2_20m,883,1
C2016,UT,m,UT09510,17aE2_20m,971,1
C2016,UT,m,UT09511,17aE2_20m,617,1
C2016,UT,m,UT09512,17aE2_20m,1112,1
C2016,UT,m,UT09524,17aE2_20m,613,1
C2016,UT,m,UT09525,17aE2_20m,1214,1
C2016,UT,m,UT09526,17aE2_20m,795,1
C2016,UT,m,UT09556,17aE2_20m,115,0
C2016,UT,m,UT09557,17aE2_20m,115,0
C2016,UT,m,UT09558,17aE2_20m,115,0
C2016,UT,m,UT09563,17aE2_20m,798,1
C2016,UT,m,UT09564,17aE2_20m,447,1
C2016,UT,m,UT09565,17aE2_20m,755,1
C2016,UT,m,UT09630,17aE2_20m,489,1
C2016,UT,m,UT09631,17aE2_20m,816,1
C2016,UT,m,UT09632,17aE2_20m,499,1
C2016,TJL,f,JL12933,CC,908,1
C2016,TJL,f,JL12934,CC,980,1
C2016,TJL,f,JL12935,CC,1067,1
C2016,TJL,f,JL12936,CC,982,1
C2016,TJL,f,JL13023,CC,1009,1
C2016,TJL,f,JL13024,CC,614,1
C2016,TJL,f,JL13025,CC,799,1
C2016,TJL,f,JL13026,CC,746,1
C2016,TJL,f,JL13192,CC,1175,1
C2016,TJL,f,JL13193,CC,1116,1
C2016,TJL,f,JL13194,CC,664,1
C2016,TJL,f,JL13195,CC,1114,1
C2016,TJL,f,JL13302,CC,827,1
C2016,TJL,f,JL13303,CC,824,1
C2016,TJL,f,JL13304,CC,1218,1
C2016,TJL,f,JL13305,CC,799,1
C2016,TJL,f,JL13306,CC,838,1
C2016,TJL,f,JL13307,CC,941,1
C2016,TJL,f,JL13308,CC,991,1
C2016,TJL,f,JL13309,CC,883,1
C2016,TJL,f,JL13322,CC,1043,1
C2016,TJL,f,JL13323,CC,1237,1
C2016,TJL,f,JL13324,CC,809,1
C2016,TJL,f,JL13325,CC,717,1
C2016,TJL,f,JL13326,CC,760,1
C2016,TJL,f,JL13327,CC,1061,1
C2016,TJL,f,JL13328,CC,1026,1
C2016,TJL,f,JL13329,CC,1004,1
C2016,TJL,f,JL13520,CC,775,1
C2016,TJL,f,JL13521,CC,1047,1
C2016,TJL,f,JL13522,CC,491,1
C2016,TJL,f,JL13523,CC,666,1
C2016,TJL,f,JL13572,CC,809,1
C2016,TJL,f,JL13573,CC,826,1
C2016,TJL,f,JL13574,CC,771,1
C2016,TJL,f,JL13575,CC,764,1
C2016,TJL,f,JL13652,CC,1019,1
C2016,TJL,f,JL13653,CC,1198,1
C2016,TJL,f,JL13654,CC,611,1
C2016,TJL,f,JL13655,CC,760,1
C2016,TJL,f,JL13780,CC,1013,1
C2016,TJL,f,JL13781,CC,1257,1
C2016,TJL,f,JL13782,CC,739,1
C2016,TJL,f,JL13783,CC,1295,1
C2016,TJL,f,JL13796,CC,869,1
C2016,TJL,f,JL13797,CC,1075,1
C2016,TJL,f,JL13798,CC,795,1
C2016,TJL,f,JL13799,CC,1006,1
C2016,TJL,m,JL12915,CC,826,1
C2016,TJL,m,JL12916,CC,667,1
C2016,TJL,m,JL12917,CC,230,1
C2016,TJL,m,JL12949,CC,736,1
C2016,TJL,m,JL12950,CC,304,1
C2016,TJL,m,JL12951,CC,1149,1
C2016,TJL,m,JL12952,CC,659,1
C2016,TJL,m,JL12953,CC,823,1
C2016,TJL,m,JL12954,CC,954,1
C2016,TJL,m,JL12958,CC,582,0
C2016,TJL,m,JL12959,CC,717,1
C2016,TJL,m,JL12960,CC,957,1
C2016,TJL,m,JL13020,CC,991,1
C2016,TJL,m,JL13021,CC,900,1
C2016,TJL,m,JL13022,CC,984,1
C2016,TJL,m,JL13030,CC,592,1
C2016,TJL,m,JL13031,CC,825,1
C2016,TJL,m,JL13032,CC,939,1
C2016,TJL,m,JL13257,CC,730,1
C2016,TJL,m,JL13258,CC,679,1
C2016,TJL,m,JL13259,CC,740,1
C2016,TJL,m,JL13333,CC,631,1
C2016,TJL,m,JL13334,CC,624,1
C2016,TJL,m,JL13335,CC,754,1
C2016,TJL,m,JL13381,CC,1034,1
C2016,TJL,m,JL13382,CC,1065,1
C2016,TJL,m,JL13383,CC,914,1
C2016,TJL,m,JL13496,CC,887,1
C2016,TJL,m,JL13497,CC,1127,1
C2016,TJL,m,JL13498,CC,575,1
C2016,TJL,m,JL13513,CC,806,1
C2016,TJL,m,JL13514,CC,887,1
C2016,TJL,m,JL13515,CC,572,1
C2016,TJL,m,JL13601,CC,721,1
C2016,TJL,m,JL13602,CC,859,1
C2016,TJL,m,JL13603,CC,912,1
C2016,TJL,m,JL13680,CC,765,1
C2016,TJL,m,JL13681,CC,1055,1
C2016,TJL,m,JL13682,CC,816,1
C2016,TJL,m,JL13765,CC,1306,1
C2016,TJL,m,JL13766,CC,543,1
C2016,TJL,m,JL13767,CC,816,1
C2016,TJL,m,JL13818,CC,672,1
C2016,TJL,m,JL13819,CC,449,0
C2016,TJL,m,JL13820,CC,722,1
C2016,TJL,m,JL13845,CC,1059,1
C2016,TJL,m,JL13846,CC,917,1
C2016,TJL,m,JL13847,CC,942,1
C2016,TJL,m,JL13862,CC,1186,1
C2016,TJL,m,JL13863,CC,553,1
C2016,TJL,m,JL13864,CC,960,1
C2016,TJL,m,JL13933,CC,1007,1
C2016,TJL,m,JL13934,CC,988,1
C2016,TJL,m,JL13935,CC,677,1
C2016,UM,f,UM62216,CC,916,1
C2016,UM,f,UM62223,CC,502,1
C2016,UM,f,UM62230,CC,969,1
C2016,UM,f,UM62237,CC,885,1
C2016,UM,f,UM64043,CC,716,1
C2016,UM,f,UM64050,CC,694,1
C2016,UM,f,UM64057,CC,646,1
C2016,UM,f,UM64064,CC,1038,1
C2016,UM,f,UM64190,CC,781,1
C2016,UM,f,UM64197,CC,841,1
C2016,UM,f,UM64204,CC,881,1
C2016,UM,f,UM64211,CC,522,1
C2016,UM,f,UM64365,CC,626,1
C2016,UM,f,UM64372,CC,949,1
C2016,UM,f,UM64379,CC,840,1
C2016,UM,f,UM64386,CC,659,1
C2016,UM,f,UM64393,CC,870,1
C2016,UM,f,UM64400,CC,1049,1
C2016,UM,f,UM64407,CC,842,1
C2016,UM,f,UM64414,CC,852,1
C2016,UM,f,UM64540,CC,894,1
C2016,UM,f,UM64547,CC,462,1
C2016,UM,f,UM64554,CC,887,1
C2016,UM,f,UM64561,CC,971,1
C2016,UM,f,UM65338,CC,1045,1
C2016,UM,f,UM65345,CC,888,1
C2016,UM,f,UM65352,CC,870,1
C2016,UM,f,UM65359,CC,656,1
C2016,UM,f,UM65408,CC,894,1
C2016,UM,f,UM65415,CC,863,1
C2016,UM,f,UM65422,CC,762,1
C2016,UM,f,UM65429,CC,828,1
C2016,UM,f,UM67291,CC,878,1
C2016,UM,f,UM67298,CC,911,1
C2016,UM,f,UM67305,CC,979,1
C2016,UM,f,UM67312,CC,991,1
C2016,UM,f,UM67690,CC,949,1
C2016,UM,f,UM67697,CC,1124,1
C2016,UM,f,UM67704,CC,814,1
C2016,UM,f,UM67711,CC,508,1
C2016,UM,f,UM67739,CC,1048,1
C2016,UM,f,UM67746,CC,844,1
C2016,UM,f,UM67753,CC,821,1
C2016,UM,f,UM67760,CC,744,1
C2016,UM,m,UM61782,CC,867,1
C2016,UM,m,UM61789,CC,974,1
C2016,UM,m,UM61796,CC,712,1
C2016,UM,m,UM62006,CC,502,1
C2016,UM,m,UM62013,CC,353,1
C2016,UM,m,UM62020,CC,662,1
C2016,UM,m,UM62349,CC,708,1
C2016,UM,m,UM62356,CC,1063,1
C2016,UM,m,UM62363,CC,1041,1
C2016,UM,m,UM62923,CC,715,1
C2016,UM,m,UM62930,CC,904,1
C2016,UM,m,UM62937,CC,867,1
C2016,UM,m,UM63868,CC,289,0
C2016,UM,m,UM63875,CC,289,0
C2016,UM,m,UM63882,CC,289,0
C2016,UM,m,UM64169,CC,916,1
C2016,UM,m,UM64176,CC,1216,1
C2016,UM,m,UM64183,CC,423,1
C2016,UM,m,UM64442,CC,908,1
C2016,UM,m,UM64449,CC,900,1
C2016,UM,m,UM64456,CC,719,1
C2016,UM,m,UM64589,CC,562,0
C2016,UM,m,UM64596,CC,562,0
C2016,UM,m,UM64603,CC,562,0
C2016,UM,m,UM65009,CC,177,0
C2016,UM,m,UM65016,CC,177,0
C2016,UM,m,UM65023,CC,177,0
C2016,UM,m,UM65268,CC,911,1
C2016,UM,m,UM65275,CC,974,1
C2016,UM,m,UM65282,CC,1023,1
C2016,UM,m,UM65289,CC,859,1
C2016,UM,m,UM65296,CC,685,1
C2016,UM,m,UM65303,CC,865,1
C2016,UM,m,UM65639,CC,778,1
C2016,UM,m,UM65646,CC,842,1
C2016,UM,m,UM65653,CC,916,1
C2016,UM,m,UM65688,CC,1202,1
C2016,UM,m,UM65695,CC,1000,1
C2016,UM,m,UM65702,CC,930,1
C2016,UM,m,UM67788,CC,247,1
C2016,UM,m,UM67795,CC,280,0
C2016,UM,m,UM67802,CC,691,1
C2016,UM,m,UM67991,CC,803,1
C2016,UM,m,UM67998,CC,1022,1
C2016,UM,m,UM68005,CC,763,1
C2016,UM,m,UM68138,CC,602,0
C2016,UM,m,UM68145,CC,602,0
C2016,UM,m,UM68152,CC,602,0
C2016,UM,m,UM68180,CC,420,1
C2016,UM,m,UM68187,CC,1052,1
C2016,UM,m,UM68194,CC,773,1
C2016,UT,f,UT08617,CC,565,1
C2016,UT,f,UT08618,CC,675,1
C2016,UT,f,UT08619,CC,708,1
C2016,UT,f,UT08620,CC,784,1
C2016,UT,f,UT08638,CC,976,1
C2016,UT,f,UT08639,CC,796,1
C2016,UT,f,UT08640,CC,1160,1
C2016,UT,f,UT08641,CC,590,1
C2016,UT,f,UT08731,CC,760,1
C2016,UT,f,UT08732,CC,1030,1
C2016,UT,f,UT08733,CC,790,1
C2016,UT,f,UT08734,CC,799,1
C2016,UT,f,UT08766,CC,1054,1
C2016,UT,f,UT08767,CC,1069,1
C2016,UT,f,UT08768,CC,886,1
C2016,UT,f,UT08769,CC,952,1
C2016,UT,f,UT08904,CC,1022,1
C2016,UT,f,UT08905,CC,864,1
C2016,UT,f,UT08906,CC,1001,1
C2016,UT,f,UT08907,CC,1020,1
C2016,UT,f,UT09085,CC,917,1
C2016,UT,f,UT09086,CC,573,1
C2016,UT,f,UT09087,CC,831,1
C2016,UT,f,UT09088,CC,1215,1
C2016,UT,f,UT09168,CC,823,1
C2016,UT,f,UT09169,CC,968,1
C2016,UT,f,UT09170,CC,827,1
C2016,UT,f,UT09171,CC,846,1
C2016,UT,f,UT09225,CC,768,1
C2016,UT,f,UT09226,CC,946,1
C2016,UT,f,UT09227,CC,929,1
C2016,UT,f,UT09228,CC,859,1
C2016,UT,f,UT09276,CC,780,0
C2016,UT,f,UT09277,CC,779,0
C2016,UT,f,UT09278,CC,779,0
C2016,UT,f,UT09279,CC,779,0
C2016,UT,f,UT09341,CC,1177,1
C2016,UT,f,UT09342,CC,805,1
C2016,UT,f,UT09343,CC,789,1
C2016,UT,f,UT09344,CC,1268,1
C2016,UT,f,UT09389,CC,1087,1
C2016,UT,f,UT09390,CC,953,1
C2016,UT,f,UT09391,CC,913,1
C2016,UT,f,UT09392,CC,866,1
C2016,UT,m,UT08607,CC,939,1
C2016,UT,m,UT08608,CC,1028,1
C2016,UT,m,UT08609,CC,644,1
C2016,UT,m,UT08649,CC,717,1
C2016,UT,m,UT08650,CC,1069,1
C2016,UT,m,UT08651,CC,809,1
C2016,UT,m,UT08688,CC,698,0
C2016,UT,m,UT08689,CC,837,1
C2016,UT,m,UT08690,CC,693,0
C2016,UT,m,UT08749,CC,869,1
C2016,UT,m,UT08750,CC,785,1
C2016,UT,m,UT08751,CC,351,1
C2016,UT,m,UT08861,CC,1159,1
C2016,UT,m,UT08862,CC,670,1
C2016,UT,m,UT08863,CC,594,1
C2016,UT,m,UT08868,CC,374,1
C2016,UT,m,UT08869,CC,823,1
C2016,UT,m,UT08870,CC,884,1
C2016,UT,m,UT08929,CC,1055,1
C2016,UT,m,UT08930,CC,473,1
C2016,UT,m,UT08931,CC,741,1
C2016,UT,m,UT08936,CC,701,1
C2016,UT,m,UT08937,CC,808,1
C2016,UT,m,UT08938,CC,576,1
C2016,UT,m,UT09024,CC,613,1
C2016,UT,m,UT09025,CC,977,1
C2016,UT,m,UT09026,CC,371,1
C2016,UT,m,UT09044,CC,1002,1
C2016,UT,m,UT09045,CC,931,1
C2016,UT,m,UT09046,CC,622,1
C2016,UT,m,UT09138,CC,226,1
C2016,UT,m,UT09139,CC,574,1
C2016,UT,m,UT09140,CC,580,1
C2016,UT,m,UT09229,CC,601,1
C2016,UT,m,UT09230,CC,1107,1
C2016,UT,m,UT09231,CC,354,1
C2016,UT,m,UT09236,CC,641,1
C2016,UT,m,UT09237,CC,651,1
C2016,UT,m,UT09238,CC,826,1
C2016,UT,m,UT09312,CC,854,0
C2016,UT,m,UT09313,CC,841,1
C2016,UT,m,UT09314,CC,1088,1
C2016,UT,m,UT09376,CC,754,1
C2016,UT,m,UT09377,CC,635,1
C2016,UT,m,UT09378,CC,855,1
C2016,UT,m,UT09393,CC,876,1
C2016,UT,m,UT09394,CC,789,1
C2016,UT,m,UT09395,CC,884,1
C2016,UT,m,UT09451,CC,818,1
C2016,UT,m,UT09452,CC,681,1
C2016,UT,m,UT09453,CC,679,1
C2016,TJL,f,JL12905,Cana,1276,1
C2016,TJL,f,JL12906,Cana,883,1
C2016,TJL,f,JL12907,Cana,1054,1
C2016,TJL,f,JL12908,Cana,1081,1
C2016,TJL,f,JL12921,Cana,1092,1
C2016,TJL,f,JL12922,Cana,1044,1
C2016,TJL,f,JL12923,Cana,837,1
C2016,TJL,f,JL12924,Cana,797,1
C2016,TJL,f,JL12945,Cana,848,1
C2016,TJL,f,JL12946,Cana,708,1
C2016,TJL,f,JL12947,Cana,652,1
C2016,TJL,f,JL12948,Cana,1146,1
C2016,TJL,f,JL13046,Cana,903,1
C2016,TJL,f,JL13047,Cana,708,1
C2016,TJL,f,JL13048,Cana,858,1
C2016,TJL,f,JL13049,Cana,883,1
C2016,TJL,f,JL13125,Cana,801,1
C2016,TJL,f,JL13126,Cana,993,1
C2016,TJL,f,JL13127,Cana,807,1
C2016,TJL,f,JL13128,Cana,827,1
C2016,TJL,f,JL13188,Cana,1095,1
C2016,TJL,f,JL13189,Cana,1026,1
C2016,TJL,f,JL13190,Cana,666,1
C2016,TJL,f,JL13191,Cana,840,1
C2016,TJL,f,JL13196,Cana,1036,1
C2016,TJL,f,JL13197,Cana,1114,1
C2016,TJL,f,JL13198,Cana,1012,1
C2016,TJL,f,JL13199,Cana,935,1
C2016,TJL,f,JL13314,Cana,920,1
C2016,TJL,f,JL13315,Cana,567,1
C2016,TJL,f,JL13316,Cana,771,1
C2016,TJL,f,JL13317,Cana,1010,1
C2016,TJL,f,JL13576,Cana,827,1
C2016,TJL,f,JL13577,Cana,799,1
C2016,TJL,f,JL13578,Cana,814,1
C2016,TJL,f,JL13579,Cana,794,1
C2016,TJL,f,JL13656,Cana,1290,1
C2016,TJL,f,JL13657,Cana,1089,1
C2016,TJL,f,JL13658,Cana,945,1
C2016,TJL,f,JL13659,Cana,992,1
C2016,TJL,f,JL13742,Cana,540,1
C2016,TJL,f,JL13743,Cana,1097,1
C2016,TJL,f,JL13744,Cana,632,1
C2016,TJL,f,JL13745,Cana,931,1
C2016,TJL,f,JL13788,Cana,703,1
C2016,TJL,f,JL13789,Cana,928,1
C2016,TJL,f,JL13790,Cana,1047,1
C2016,TJL,f,JL13791,Cana,988,1
C2016,TJL,m,JL13005,Cana,666,1
C2016,TJL,m,JL13006,Cana,669,1
C2016,TJL,m,JL13007,Cana,966,1
C2016,TJL,m,JL13008,Cana,1139,1
C2016,TJL,m,JL13009,Cana,1122,1
C2016,TJL,m,JL13010,Cana,1162,1
C2016,TJL,m,JL13104,Cana,1075,1
C2016,TJL,m,JL13105,Cana,1152,1
C2016,TJL,m,JL13106,Cana,847,1
C2016,TJL,m,JL13132,Cana,886,1
C2016,TJL,m,JL13133,Cana,1232,1
C2016,TJL,m,JL13134,Cana,1153,1
C2016,TJL,m,JL13135,Cana,841,1
C2016,TJL,m,JL13136,Cana,831,1
C2016,TJL,m,JL13137,Cana,774,0
C2016,TJL,m,JL13222,Cana,582,1
C2016,TJL,m,JL13223,Cana,894,1
C2016,TJL,m,JL13224,Cana,1229,1
C2016,TJL,m,JL13231,Cana,952,1
C2016,TJL,m,JL13232,Cana,1243,1
C2016,TJL,m,JL13233,Cana,789,1
C2016,TJL,m,JL13237,Cana,1067,1
C2016,TJL,m,JL13238,Cana,1050,1
C2016,TJL,m,JL13239,Cana,337,1
C2016,TJL,m,JL13272,Cana,746,1
C2016,TJL,m,JL13273,Cana,638,1
C2016,TJL,m,JL13274,Cana,880,1
C2016,TJL,m,JL13348,Cana,970,1
C2016,TJL,m,JL13349,Cana,813,1
C2016,TJL,m,JL13350,Cana,1017,1
C2016,TJL,m,JL13354,Cana,782,1
C2016,TJL,m,JL13355,Cana,802,1
C2016,TJL,m,JL13356,Cana,1107,1
C2016,TJL,m,JL13372,Cana,1009,1
C2016,TJL,m,JL13373,Cana,620,1
C2016,TJL,m,JL13374,Cana,918,1
C2016,TJL,m,JL13493,Cana,1159,1
C2016,TJL,m,JL13494,Cana,939,1
C2016,TJL,m,JL13495,Cana,1145,1
C2016,TJL,m,JL13535,Cana,1005,1
C2016,TJL,m,JL13536,Cana,809,1
C2016,TJL,m,JL13537,Cana,781,1
C2016,TJL,m,JL13541,Cana,853,1
C2016,TJL,m,JL13542,Cana,533,1
C2016,TJL,m,JL13543,Cana,833,1
C2016,TJL,m,JL13589,Cana,1086,1
C2016,TJL,m,JL13590,Cana,773,1
C2016,TJL,m,JL13591,Cana,487,1
C2016,TJL,m,JL13762,Cana,1160,1
C2016,TJL,m,JL13763,Cana,687,1
C2016,TJL,m,JL13764,Cana,420,1
C2016,TJL,m,JL13930,Cana,866,1
C2016,TJL,m,JL13931,Cana,620,1
C2016,TJL,m,JL13932,Cana,749,1
C2016,UM,f,UM62048,Cana,1064,1
C2016,UM,f,UM62055,Cana,1076,1
C2016,UM,f,UM62062,Cana,1037,1
C2016,UM,f,UM62069,Cana,649,1
C2016,UM,f,UM62727,Cana,801,1
C2016,UM,f,UM62734,Cana,893,1
C2016,UM,f,UM62741,Cana,940,1
C2016,UM,f,UM62748,Cana,815,1
C2016,UM,f,UM63126,Cana,953,1
C2016,UM,f,UM63133,Cana,852,1
C2016,UM,f,UM63140,Cana,726,1
C2016,UM,f,UM63147,Cana,720,1
C2016,UM,f,UM63700,Cana,900,1
C2016,UM,f,UM63707,Cana,559,1
C2016,UM,f,UM63714,Cana,935,1
C2016,UM,f,UM63721,Cana,1320,1
C2016,UM,f,UM64764,Cana,923,1
C2016,UM,f,UM64771,Cana,969,1
C2016,UM,f,UM64778,Cana,658,1
C2016,UM,f,UM64785,Cana,883,1
C2016,UM,f,UM65142,Cana,1016,1
C2016,UM,f,UM65149,Cana,932,1
C2016,UM,f,UM65156,Cana,1146,1
C2016,UM,f,UM65163,Cana,562,1
C2016,UM,f,UM65590,Cana,604,1
C2016,UM,f,UM65597,Cana,888,1
C2016,UM,f,UM65604,Cana,858,1
C2016,UM,f,UM65611,Cana,685,1
C2016,UM,f,UM65842,Cana,800,1
C2016,UM,f,UM65849,Cana,961,1
C2016,UM,f,UM65856,Cana,922,1
C2016,UM,f,UM65863,Cana,1032,1
C2016,UM,f,UM65989,Cana,1236,1
C2016,UM,f,UM65996,Cana,1011,1
C2016,UM,f,UM66003,Cana,1017,1
C2016,UM,f,UM66010,Cana,901,1
C2016,UM,f,UM66311,Cana,967,1
C2016,UM,f,UM66318,Cana,1097,1
C2016,UM,f,UM66325,Cana,596,1
C2016,UM,f,UM66332,Cana,654,1
C2016,UM,f,UM67214,Cana,858,1
C2016,UM,f,UM67221,Cana,660,1
C2016,UM,f,UM67228,Cana,626,1
C2016,UM,f,UM67235,Cana,808,1
C2016,UM,m,UM61663,Cana,900,1
C2016,UM,m,UM61670,Cana,674,1
C2016,UM,m,UM61677,Cana,1105,1
C2016,UM,m,UM62027,Cana,946,1
C2016,UM,m,UM62034,Cana,990,1
C2016,UM,m,UM62041,Cana,712,1
C2016,UM,m,UM62475,Cana,978,1
C2016,UM,m,UM62482,Cana,816,1
C2016,UM,m,UM62489,Cana,1102,1
C2016,UM,m,UM62496,Cana,1125,1
C2016,UM,m,UM62503,Cana,1363,1
C2016,UM,m,UM62510,Cana,888,1
C2016,UM,m,UM62573,Cana,1159,1
C2016,UM,m,UM62580,Cana,984,1
C2016,UM,m,UM62587,Cana,1126,1
C2016,UM,m,UM63469,Cana,1011,1
C2016,UM,m,UM63476,Cana,770,1
C2016,UM,m,UM63483,Cana,1170,1
C2016,UM,m,UM63539,Cana,776,1
C2016,UM,m,UM63546,Cana,857,1
C2016,UM,m,UM63553,Cana,952,1
C2016,UM,m,UM63658,Cana,1123,1
C2016,UM,m,UM63665,Cana,619,1
C2016,UM,m,UM63672,Cana,1131,1
C2016,UM,m,UM63777,Cana,808,1
C2016,UM,m,UM63784,Cana,677,1
C2016,UM,m,UM63791,Cana,927,1
C2016,UM,m,UM63889,Cana,821,1
C2016,UM,m,UM63896,Cana,1105,1
C2016,UM,m,UM63903,Cana,690,1
C2016,UM,m,UM64743,Cana,873,1
C2016,UM,m,UM64750,Cana,1260,1
C2016,UM,m,UM64757,Cana,1014,1
C2016,UM,m,UM65387,Cana,795,1
C2016,UM,m,UM65394,Cana,1264,1
C2016,UM,m,UM65401,Cana,1176,1
C2016,UM,m,UM66157,Cana,770,1
C2016,UM,m,UM66164,Cana,42,0
C2016,UM,m,UM66171,Cana,976,1
C2016,UM,m,UM66360,Cana,211,0
C2016,UM,m,UM66367,Cana,211,0
C2016,UM,m,UM66374,Cana,211,0
C2016,UM,m,UM67046,Cana,181,0
C2016,UM,m,UM67053,Cana,181,0
C2016,UM,m,UM67060,Cana,181,0
C2016,UM,m,UM67151,Cana,927,1
C2016,UM,m,UM67158,Cana,915,1
C2016,UM,m,UM67165,Cana,580,1
C2016,UM,m,UM67921,Cana,200,0
C2016,UM,m,UM67928,Cana,200,0
C2016,UM,m,UM67935,Cana,200,0
C2016,UT,f,UT08631,Cana,757,1
C2016,UT,f,UT08632,Cana,916,1
C2016,UT,f,UT08633,Cana,830,1
C2016,UT,f,UT08634,Cana,735,1
C2016,UT,f,UT08745,Cana,810,1
C2016,UT,f,UT08746,Cana,889,1
C2016,UT,f,UT08747,Cana,722,1
C2016,UT,f,UT08748,Cana,646,1
C2016,UT,f,UT08857,Cana,934,1
C2016,UT,f,UT08858,Cana,853,1
C2016,UT,f,UT08859,Cana,968,1
C2016,UT,f,UT08860,Cana,608,1
C2016,UT,f,UT08883,Cana,930,1
C2016,UT,f,UT08884,Cana,649,1
C2016,UT,f,UT08885,Cana,938,1
C2016,UT,f,UT08886,Cana,1011,1
C2016,UT,f,UT08897,Cana,862,1
C2016,UT,f,UT08898,Cana,931,1
C2016,UT,f,UT08899,Cana,892,1
C2016,UT,f,UT08900,Cana,959,1
C2016,UT,f,UT08932,Cana,626,1
C2016,UT,f,UT08933,Cana,852,1
C2016,UT,f,UT08934,Cana,705,1
C2016,UT,f,UT08935,Cana,749,1
C2016,UT,f,UT08949,Cana,1003,1
C2016,UT,f,UT08950,Cana,1151,1
C2016,UT,f,UT08951,Cana,1205,1
C2016,UT,f,UT08952,Cana,970,1
C2016,UT,f,UT09127,Cana,1062,1
C2016,UT,f,UT09128,Cana,851,1
C2016,UT,f,UT09129,Cana,929,1
C2016,UT,f,UT09130,Cana,772,1
C2016,UT,f,UT09182,Cana,847,1
C2016,UT,f,UT09183,Cana,749,1
C2016,UT,f,UT09184,Cana,823,1
C2016,UT,f,UT09185,Cana,905,1
C2016,UT,f,UT09186,Cana,960,1
C2016,UT,f,UT09187,Cana,797,1
C2016,UT,f,UT09188,Cana,716,1
C2016,UT,f,UT09189,Cana,806,1
C2016,UT,f,UT09269,Cana,372,1
C2016,UT,f,UT09270,Cana,755,1
C2016,UT,f,UT09271,Cana,400,1
C2016,UT,f,UT09272,Cana,803,1
C2016,UT,m,UT08621,Cana,1072,1
C2016,UT,m,UT08622,Cana,931,1
C2016,UT,m,UT08623,Cana,389,1
C2016,UT,m,UT08718,Cana,875,1
C2016,UT,m,UT08719,Cana,541,1
C2016,UT,m,UT08720,Cana,962,1
C2016,UT,m,UT08728,Cana,970,1
C2016,UT,m,UT08729,Cana,1134,1
C2016,UT,m,UT08730,Cana,1053,1
C2016,UT,m,UT08824,Cana,1211,1
C2016,UT,m,UT08825,Cana,923,1
C2016,UT,m,UT08826,Cana,897,1
C2016,UT,m,UT08844,Cana,776,1
C2016,UT,m,UT08845,Cana,1071,1
C2016,UT,m,UT08846,Cana,1141,1
C2016,UT,m,UT08987,Cana,822,1
C2016,UT,m,UT08988,Cana,1089,1
C2016,UT,m,UT08989,Cana,888,1
C2016,UT,m,UT09058,Cana,1025,1
C2016,UT,m,UT09059,Cana,604,1
C2016,UT,m,UT09060,Cana,778,1
C2016,UT,m,UT09075,Cana,569,1
C2016,UT,m,UT09076,Cana,866,1
C2016,UT,m,UT09077,Cana,1252,1
C2016,UT,m,UT09144,Cana,1035,1
C2016,UT,m,UT09145,Cana,1043,1
C2016,UT,m,UT09146,Cana,1057,1
C2016,UT,m,UT09293,Cana,895,1
C2016,UT,m,UT09294,Cana,851,1
C2016,UT,m,UT09295,Cana,819,1
C2016,UT,m,UT09300,Cana,722,1
C2016,UT,m,UT09301,Cana,712,1
C2016,UT,m,UT09302,Cana,798,1
C2016,UT,m,UT09407,Cana,821,1
C2016,UT,m,UT09408,Cana,701,1
C2016,UT,m,UT09409,Cana,788,1
C2016,UT,m,UT09417,Cana,871,1
C2016,UT,m,UT09418,Cana,959,1
C2016,UT,m,UT09419,Cana,538,1
C2016,UT,m,UT09533,Cana,610,1
C2016,UT,m,UT09534,Cana,607,1
C2016,UT,m,UT09535,Cana,849,1
C2016,UT,m,UT09580,Cana,764,1
C2016,UT,m,UT09581,Cana,583,1
C2016,UT,m,UT09582,Cana,862,1
C2016,UT,m,UT09607,Cana,1223,1
C2016,UT,m,UT09608,Cana,955,1
C2016,UT,m,UT09609,Cana,676,1
C2016,UT,m,UT09620,Cana,1099,1
C2016,UT,m,UT09621,Cana,740,1
C2016,UT,m,UT09622,Cana,774,1
C2016,TJL,f,JL12901,Control,949,1
C2016,TJL,f,JL12902,Control,1057,1
C2016,TJL,f,JL12903,Control,792,1
C2016,TJL,f,JL12904,Control,689,1
C2016,TJL,f,JL12937,Control,851,1
C2016,TJL,f,JL12938,Control,820,1
C2016,TJL,f,JL12939,Control,997,1
C2016,TJL,f,JL12940,Control,652,1
C2016,TJL,f,JL12941,Control,1064,1
C2016,TJL,f,JL12942,Control,374,1
C2016,TJL,f,JL12943,Control,848,1
C2016,TJL,f,JL12944,Control,1033,1
C2016,TJL,f,JL12997,Control,1230,1
C2016,TJL,f,JL12998,Control,1047,1
C2016,TJL,f,JL12999,Control,956,1
C2016,TJL,f,JL13000,Control,914,1
C2016,TJL,f,JL13050,Control,920,1
C2016,TJL,f,JL13051,Control,869,1
C2016,TJL,f,JL13052,Control,1022,1
C2016,TJL,f,JL13053,Control,920,1
C2016,TJL,f,JL13117,Control,673,1
C2016,TJL,f,JL13118,Control,983,1
C2016,TJL,f,JL13119,Control,953,1
C2016,TJL,f,JL13120,Control,907,1
C2016,TJL,f,JL13298,Control,974,1
C2016,TJL,f,JL13299,Control,901,1
C2016,TJL,f,JL13300,Control,928,1
C2016,TJL,f,JL13301,Control,862,1
C2016,TJL,f,JL13357,Control,858,1
C2016,TJL,f,JL13358,Control,886,1
C2016,TJL,f,JL13359,Control,881,1
C2016,TJL,f,JL13360,Control,1028,1
C2016,TJL,f,JL13365,Control,979,1
C2016,TJL,f,JL13366,Control,557,0
C2016,TJL,f,JL13367,Control,862,1
C2016,TJL,f,JL13368,Control,733,1
C2016,TJL,f,JL13384,Control,895,1
C2016,TJL,f,JL13385,Control,851,1
C2016,TJL,f,JL13386,Control,820,1
C2016,TJL,f,JL13387,Control,820,1
C2016,TJL,f,JL13394,Control,845,1
C2016,TJL,f,JL13395,Control,793,1
C2016,TJL,f,JL13396,Control,1124,1
C2016,TJL,f,JL13397,Control,785,1
C2016,TJL,f,JL13416,Control,793,1
C2016,TJL,f,JL13417,Control,734,1
C2016,TJL,f,JL13418,Control,855,1
C2016,TJL,f,JL13419,Control,770,1
C2016,TJL,f,JL13467,Control,809,1
C2016,TJL,f,JL13468,Control,977,1
C2016,TJL,f,JL13469,Control,927,1
C2016,TJL,f,JL13470,Control,927,1
C2016,TJL,f,JL13471,Control,872,1
C2016,TJL,f,JL13472,Control,658,1
C2016,TJL,f,JL13473,Control,561,1
C2016,TJL,f,JL13474,Control,717,1
C2016,TJL,f,JL13524,Control,841,1
C2016,TJL,f,JL13525,Control,767,1
C2016,TJL,f,JL13526,Control,964,1
C2016,TJL,f,JL13527,Control,846,1
C2016,TJL,f,JL13604,Control,774,1
C2016,TJL,f,JL13605,Control,868,1
C2016,TJL,f,JL13606,Control,1018,1
C2016,TJL,f,JL13607,Control,912,1
C2016,TJL,f,JL13616,Control,575,1
C2016,TJL,f,JL13617,Control,816,1
C2016,TJL,f,JL13618,Control,673,1
C2016,TJL,f,JL13619,Control,894,1
C2016,TJL,f,JL13620,Control,914,1
C2016,TJL,f,JL13621,Control,861,1
C2016,TJL,f,JL13622,Control,1137,1
C2016,TJL,f,JL13623,Control,872,1
C2016,TJL,f,JL13706,Control,734,1
C2016,TJL,f,JL13707,Control,54,1
C2016,TJL,f,JL13708,Control,1012,1
C2016,TJL,f,JL13709,Control,1202,1
C2016,TJL,f,JL13714,Control,945,1
C2016,TJL,f,JL13715,Control,797,1
C2016,TJL,f,JL13716,Control,1169,1
C2016,TJL,f,JL13717,Control,1024,1
C2016,TJL,f,JL13734,Control,971,1
C2016,TJL,f,JL13735,Control,858,1
C2016,TJL,f,JL13736,Control,806,1
C2016,TJL,f,JL13737,Control,914,1
C2016,TJL,f,JL13738,Control,883,1
C2016,TJL,f,JL13739,Control,900,1
C2016,TJL,f,JL13740,Control,1131,1
C2016,TJL,f,JL13741,Control,1033,1
C2016,TJL,f,JL13746,Control,816,1
C2016,TJL,f,JL13747,Control,1093,1
C2016,TJL,f,JL13748,Control,872,1
C2016,TJL,f,JL13749,Control,939,1
C2016,TJL,f,JL13784,Control,902,1
C2016,TJL,f,JL13785,Control,823,1
C2016,TJL,f,JL13786,Control,934,1
C2016,TJL,f,JL13787,Control,1187,1
C2016,TJL,m,JL12912,Control,799,1
C2016,TJL,m,JL12913,Control,699,1
C2016,TJL,m,JL12914,Control,816,1
C2016,TJL,m,JL12961,Control,700,1
C2016,TJL,m,JL12962,Control,552,1
C2016,TJL,m,JL12963,Control,689,1
C2016,TJL,m,JL12970,Control,420,1
C2016,TJL,m,JL12971,Control,685,1
C2016,TJL,m,JL12972,Control,796,1
C2016,TJL,m,JL13014,Control,1005,1
C2016,TJL,m,JL13015,Control,752,1
C2016,TJL,m,JL13016,Control,357,1
C2016,TJL,m,JL13074,Control,1019,1
C2016,TJL,m,JL13075,Control,847,1
C2016,TJL,m,JL13076,Control,880,1
C2016,TJL,m,JL13077,Control,1027,1
C2016,TJL,m,JL13078,Control,631,1
C2016,TJL,m,JL13079,Control,687,1
C2016,TJL,m,JL13092,Control,428,1
C2016,TJL,m,JL13093,Control,940,1
C2016,TJL,m,JL13094,Control,1095,1
C2016,TJL,m,JL13098,Control,610,1
C2016,TJL,m,JL13099,Control,978,1
C2016,TJL,m,JL13100,Control,641,1
C2016,TJL,m,JL13138,Control,817,1
C2016,TJL,m,JL13139,Control,533,1
C2016,TJL,m,JL13140,Control,1103,1
C2016,TJL,m,JL13161,Control,856,1
C2016,TJL,m,JL13162,Control,530,1
C2016,TJL,m,JL13163,Control,283,1
C2016,TJL,m,JL13170,Control,611,1
C2016,TJL,m,JL13171,Control,855,1
C2016,TJL,m,JL13172,Control,747,1
C2016,TJL,m,JL13204,Control,892,1
C2016,TJL,m,JL13205,Control,842,1
C2016,TJL,m,JL13206,Control,645,1
C2016,TJL,m,JL13210,Control,666,1
C2016,TJL,m,JL13211,Control,802,1
C2016,TJL,m,JL13212,Control,624,0
C2016,TJL,m,JL13216,Control,435,1
C2016,TJL,m,JL13217,Control,793,1
C2016,TJL,m,JL13218,Control,883,1
C2016,TJL,m,JL13246,Control,665,0
C2016,TJL,m,JL13247,Control,665,0
C2016,TJL,m,JL13248,Control,665,0
C2016,TJL,m,JL13263,Control,891,1
C2016,TJL,m,JL13264,Control,892,1
C2016,TJL,m,JL13265,Control,421,1
C2016,TJL,m,JL13266,Control,296,1
C2016,TJL,m,JL13267,Control,995,1
C2016,TJL,m,JL13268,Control,518,1
C2016,TJL,m,JL13286,Control,950,1
C2016,TJL,m,JL13287,Control,751,1
C2016,TJL,m,JL13288,Control,932,1
C2016,TJL,m,JL13378,Control,875,1
C2016,TJL,m,JL13379,Control,813,1
C2016,TJL,m,JL13380,Control,689,1
C2016,TJL,m,JL13398,Control,372,1
C2016,TJL,m,JL13399,Control,755,1
C2016,TJL,m,JL13400,Control,974,1
C2016,TJL,m,JL13443,Control,900,1
C2016,TJL,m,JL13444,Control,332,1
C2016,TJL,m,JL13445,Control,802,1
C2016,TJL,m,JL13490,Control,525,1
C2016,TJL,m,JL13491,Control,525,1
C2016,TJL,m,JL13492,Control,610,1
C2016,TJL,m,JL13510,Control,642,1
C2016,TJL,m,JL13511,Control,460,1
C2016,TJL,m,JL13512,Control,454,1
C2016,TJL,m,JL13624,Control,603,1
C2016,TJL,m,JL13625,Control,989,1
C2016,TJL,m,JL13626,Control,935,1
C2016,TJL,m,JL13627,Control,383,1
C2016,TJL,m,JL13628,Control,1048,1
C2016,TJL,m,JL13629,Control,680,1
C2016,TJL,m,JL13636,Control,690,1
C2016,TJL,m,JL13637,Control,1262,1
C2016,TJL,m,JL13638,Control,785,1
C2016,TJL,m,JL13642,Control,612,1
C2016,TJL,m,JL13643,Control,774,1
C2016,TJL,m,JL13644,Control,556,1
C2016,TJL,m,JL13677,Control,694,1
C2016,TJL,m,JL13678,Control,608,1
C2016,TJL,m,JL13679,Control,683,1
C2016,TJL,m,JL13683,Control,594,0
C2016,TJL,m,JL13684,Control,594,0
C2016,TJL,m,JL13685,Control,554,0
C2016,TJL,m,JL13718,Control,680,1
C2016,TJL,m,JL13719,Control,1146,1
C2016,TJL,m,JL13720,Control,891,1
C2016,TJL,m,JL13721,Control,334,1
C2016,TJL,m,JL13722,Control,1139,1
C2016,TJL,m,JL13723,Control,175,1
C2016,TJL,m,JL13839,Control,764,1
C2016,TJL,m,JL13840,Control,702,1
C2016,TJL,m,JL13841,Control,337,1
C2016,TJL,m,JL13865,Control,897,1
C2016,TJL,m,JL13866,Control,763,1
C2016,TJL,m,JL13867,Control,394,0
C2016,TJL,m,JL13936,Control,674,1
C2016,TJL,m,JL13937,Control,1176,1
C2016,TJL,m,JL13938,Control,946,1
C2016,UM,f,UM61733,Control,832,1
C2016,UM,f,UM61740,Control,820,1
C2016,UM,f,UM61747,Control,897,1
C2016,UM,f,UM61754,Control,932,1
C2016,UM,f,UM61803,Control,674,1
C2016,UM,f,UM61810,Control,1189,1
C2016,UM,f,UM61817,Control,699,1
C2016,UM,f,UM61824,Control,720,1
C2016,UM,f,UM62321,Control,979,1
C2016,UM,f,UM62328,Control,949,1
C2016,UM,f,UM62335,Control,832,1
C2016,UM,f,UM62342,Control,1032,1
C2016,UM,f,UM62545,Control,798,1
C2016,UM,f,UM62552,Control,1012,1
C2016,UM,f,UM62559,Control,817,1
C2016,UM,f,UM62566,Control,576,1
C2016,UM,f,UM62895,Control,1055,1
C2016,UM,f,UM62902,Control,838,1
C2016,UM,f,UM62909,Control,1077,1
C2016,UM,f,UM62916,Control,989,1
C2016,UM,f,UM63007,Control,600,1
C2016,UM,f,UM63014,Control,1115,1
C2016,UM,f,UM63021,Control,793,1
C2016,UM,f,UM63028,Control,1034,1
C2016,UM,f,UM63203,Control,919,1
C2016,UM,f,UM63210,Control,837,1
C2016,UM,f,UM63217,Control,852,1
C2016,UM,f,UM63224,Control,837,1
C2016,UM,f,UM63315,Control,905,1
C2016,UM,f,UM63322,Control,960,1
C2016,UM,f,UM63329,Control,1114,1
C2016,UM,f,UM63336,Control,982,1
C2016,UM,f,UM63490,Control,1059,1
C2016,UM,f,UM63497,Control,617,1
C2016,UM,f,UM63504,Control,860,1
C2016,UM,f,UM63511,Control,721,1
C2016,UM,f,UM63609,Control,657,1
C2016,UM,f,UM63616,Control,895,1
C2016,UM,f,UM63623,Control,1128,1
C2016,UM,f,UM63630,Control,999,1
C2016,UM,f,UM63749,Control,739,1
C2016,UM,f,UM63756,Control,604,1
C2016,UM,f,UM63763,Control,942,1
C2016,UM,f,UM63770,Control,758,1
C2016,UM,f,UM63973,Control,822,1
C2016,UM,f,UM63980,Control,856,1
C2016,UM,f,UM63987,Control,911,1
C2016,UM,f,UM63994,Control,827,1
C2016,UM,f,UM65310,Control,1003,1
C2016,UM,f,UM65317,Control,1041,1
C2016,UM,f,UM65324,Control,808,1
C2016,UM,f,UM65331,Control,852,1
C2016,UM,f,UM65765,Control,959,1
C2016,UM,f,UM65772,Control,965,1
C2016,UM,f,UM65779,Control,875,1
C2016,UM,f,UM65786,Control,944,1
C2016,UM,f,UM65891,Control,999,1
C2016,UM,f,UM65898,Control,919,1
C2016,UM,f,UM65905,Control,1145,1
C2016,UM,f,UM65912,Control,704,1
C2016,UM,f,UM66059,Control,925,1
C2016,UM,f,UM66066,Control,997,1
C2016,UM,f,UM66073,Control,737,1
C2016,UM,f,UM66080,Control,682,1
C2016,UM,f,UM66381,Control,868,1
C2016,UM,f,UM66388,Control,929,1
C2016,UM,f,UM66395,Control,902,1
C2016,UM,f,UM66402,Control,919,1
C2016,UM,f,UM66472,Control,794,1
C2016,UM,f,UM66479,Control,812,1
C2016,UM,f,UM66486,Control,531,1
C2016,UM,f,UM66493,Control,727,1
C2016,UM,f,UM66745,Control,1019,1
C2016,UM,f,UM66752,Control,962,1
C2016,UM,f,UM66759,Control,723,1
C2016,UM,f,UM66766,Control,824,1
C2016,UM,f,UM66913,Control,826,1
C2016,UM,f,UM66920,Control,782,1
C2016,UM,f,UM66927,Control,813,1
C2016,UM,f,UM66934,Control,1027,1
C2016,UM,f,UM67263,Control,903,1
C2016,UM,f,UM67270,Control,720,1
C2016,UM,f,UM67277,Control,787,1
C2016,UM,f,UM67284,Control,956,1
C2016,UM,f,UM67501,Control,806,1
C2016,UM,f,UM67508,Control,862,1
C2016,UM,f,UM67515,Control,790,1
C2016,UM,f,UM67522,Control,764,1
C2016,UM,f,UM67599,Control,881,1
C2016,UM,f,UM67606,Control,569,1
C2016,UM,f,UM67613,Control,713,1
C2016,UM,f,UM67620,Control,829,1
C2016,UM,m,UM61712,Control,818,1
C2016,UM,m,UM61719,Control,434,1
C2016,UM,m,UM61726,Control,1258,1
C2016,UM,m,UM62594,Control,523,1
C2016,UM,m,UM62601,Control,257,1
C2016,UM,m,UM62608,Control,613,1
C2016,UM,m,UM62706,Control,602,1
C2016,UM,m,UM62713,Control,894,1
C2016,UM,m,UM62720,Control,889,1
C2016,UM,m,UM62797,Control,534,1
C2016,UM,m,UM62804,Control,951,1
C2016,UM,m,UM62811,Control,1008,1
C2016,UM,m,UM62986,Control,334,0
C2016,UM,m,UM62993,Control,334,0
C2016,UM,m,UM63000,Control,334,0
C2016,UM,m,UM63182,Control,457,1
C2016,UM,m,UM63189,Control,317,1
C2016,UM,m,UM63196,Control,706,1
C2016,UM,m,UM63231,Control,1230,1
C2016,UM,m,UM63238,Control,1055,1
C2016,UM,m,UM63245,Control,997,1
C2016,UM,m,UM63273,Control,591,1
C2016,UM,m,UM63280,Control,1130,1
C2016,UM,m,UM63287,Control,1096,1
C2016,UM,m,UM63294,Control,1094,1
C2016,UM,m,UM63301,Control,736,1
C2016,UM,m,UM63308,Control,856,1
C2016,UM,m,UM63343,Control,150,0
C2016,UM,m,UM63350,Control,150,0
C2016,UM,m,UM63357,Control,150,0
C2016,UM,m,UM63518,Control,749,1
C2016,UM,m,UM63525,Control,460,1
C2016,UM,m,UM63532,Control,924,1
C2016,UM,m,UM63798,Control,476,1
C2016,UM,m,UM63805,Control,695,1
C2016,UM,m,UM63812,Control,513,1
C2016,UM,m,UM63910,Control,969,1
C2016,UM,m,UM63917,Control,1071,1
C2016,UM,m,UM63924,Control,1052,1
C2016,UM,m,UM64323,Control,833,1
C2016,UM,m,UM64330,Control,750,0
C2016,UM,m,UM64337,Control,843,1
C2016,UM,m,UM64631,Control,370,1
C2016,UM,m,UM64638,Control,464,0
C2016,UM,m,UM64645,Control,464,0
C2016,UM,m,UM64820,Control,423,1
C2016,UM,m,UM64827,Control,1063,1
C2016,UM,m,UM64834,Control,806,1
C2016,UM,m,UM65436,Control,739,1
C2016,UM,m,UM65443,Control,41,0
C2016,UM,m,UM65450,Control,434,1
C2016,UM,m,UM65457,Control,775,1
C2016,UM,m,UM65464,Control,879,1
C2016,UM,m,UM65471,Control,1065,1
C2016,UM,m,UM65618,Control,218,0
C2016,UM,m,UM65625,Control,218,0
C2016,UM,m,UM65632,Control,44,0
C2016,UM,m,UM66038,Control,42,0
C2016,UM,m,UM66045,Control,464,1
C2016,UM,m,UM66052,Control,923,1
C2016,UM,m,UM66675,Control,907,1
C2016,UM,m,UM66682,Control,742,1
C2016,UM,m,UM66689,Control,996,1
C2016,UM,m,UM66801,Control,326,1
C2016,UM,m,UM66808,Control,748,1
C2016,UM,m,UM66815,Control,693,1
C2016,UM,m,UM66892,Control,1013,1
C2016,UM,m,UM66899,Control,582,1
C2016,UM,m,UM66906,Control,1046,1
C2016,UM,m,UM66941,Control,378,0
C2016,UM,m,UM66948,Control,378,0
C2016,UM,m,UM66955,Control,378,0
C2016,UM,m,UM66983,Control,408,1
C2016,UM,m,UM66990,Control,238,1
C2016,UM,m,UM66997,Control,875,1
C2016,UM,m,UM67109,Control,852,1
C2016,UM,m,UM67116,Control,848,1
C2016,UM,m,UM67123,Control,1073,1
C2016,UM,m,UM67361,Control,507,1
C2016,UM,m,UM67368,Control,357,1
C2016,UM,m,UM67375,Control,935,1
C2016,UM,m,UM67529,Control,881,1
C2016,UM,m,UM67536,Control,427,1
C2016,UM,m,UM67543,Control,748,1
C2016,UM,m,UM67809,Control,810,1
C2016,UM,m,UM67816,Control,1002,1
C2016,UM,m,UM67823,Control,956,1
C2016,UM,m,UM68012,Control,147,0
C2016,UM,m,UM68019,Control,147,0
C2016,UM,m,UM68026,Control,147,0
C2016,UM,m,UM68033,Control,469,1
C2016,UM,m,UM68040,Control,514,1
C2016,UM,m,UM68047,Control,581,1
C2016,UM,m,UM68075,Control,992,1
C2016,UM,m,UM68082,Control,735,1
C2016,UM,m,UM68089,Control,690,1
C2016,UM,m,UM68117,Control,826,1
C2016,UM,m,UM68124,Control,1088,1
C2016,UM,m,UM68131,Control,1115,1
C2016,UM,m,UM68201,Control,1005,1
C2016,UM,m,UM68208,Control,1003,1
C2016,UM,m,UM68215,Control,567,1
C2016,UT,f,UT08596,Control,950,1
C2016,UT,f,UT08597,Control,762,1
C2016,UT,f,UT08598,Control,1131,1
C2016,UT,f,UT08599,Control,848,1
C2016,UT,f,UT08624,Control,963,1
C2016,UT,f,UT08625,Control,677,1
C2016,UT,f,UT08626,Control,745,1
C2016,UT,f,UT08627,Control,728,1
C2016,UT,f,UT08652,Control,1200,1
C2016,UT,f,UT08653,Control,1051,1
C2016,UT,f,UT08654,Control,1053,1
C2016,UT,f,UT08655,Control,985,1
C2016,UT,f,UT08659,Control,879,1
C2016,UT,f,UT08660,Control,975,1
C2016,UT,f,UT08661,Control,875,1
C2016,UT,f,UT08662,Control,915,1
C2016,UT,f,UT08673,Control,993,1
C2016,UT,f,UT08674,Control,916,1
C2016,UT,f,UT08675,Control,1058,1
C2016,UT,f,UT08676,Control,655,1
C2016,UT,f,UT08677,Control,1018,1
C2016,UT,f,UT08678,Control,1029,1
C2016,UT,f,UT08679,Control,816,1
C2016,UT,f,UT08680,Control,790,1
C2016,UT,f,UT08684,Control,974,1
C2016,UT,f,UT08685,Control,1061,1
C2016,UT,f,UT08686,Control,1066,1
C2016,UT,f,UT08687,Control,1017,1
C2016,UT,f,UT08714,Control,1083,1
C2016,UT,f,UT08715,Control,1032,1
C2016,UT,f,UT08716,Control,1036,1
C2016,UT,f,UT08717,Control,1339,1
C2016,UT,f,UT08724,Control,978,1
C2016,UT,f,UT08725,Control,907,1
C2016,UT,f,UT08726,Control,769,1
C2016,UT,f,UT08727,Control,822,1
C2016,UT,f,UT08776,Control,964,1
C2016,UT,f,UT08777,Control,629,1
C2016,UT,f,UT08778,Control,817,1
C2016,UT,f,UT08779,Control,870,1
C2016,UT,f,UT08847,Control,795,1
C2016,UT,f,UT08848,Control,1058,1
C2016,UT,f,UT08849,Control,488,1
C2016,UT,f,UT08850,Control,874,1
C2016,UT,f,UT08864,Control,921,1
C2016,UT,f,UT08865,Control,197,1
C2016,UT,f,UT08866,Control,940,1
C2016,UT,f,UT08867,Control,1052,1
C2016,UT,f,UT08890,Control,937,1
C2016,UT,f,UT08891,Control,850,1
C2016,UT,f,UT08892,Control,884,1
C2016,UT,f,UT08893,Control,774,1
C2016,UT,f,UT08962,Control,635,1
C2016,UT,f,UT08963,Control,1055,1
C2016,UT,f,UT08964,Control,800,1
C2016,UT,f,UT08965,Control,1047,1
C2016,UT,f,UT08993,Control,862,1
C2016,UT,f,UT08994,Control,754,1
C2016,UT,f,UT08995,Control,948,1
C2016,UT,f,UT08996,Control,730,1
C2016,UT,f,UT09089,Control,200,1
C2016,UT,f,UT09090,Control,706,1
C2016,UT,f,UT09091,Control,957,1
C2016,UT,f,UT09092,Control,788,1
C2016,UT,f,UT09160,Control,763,1
C2016,UT,f,UT09161,Control,786,1
C2016,UT,f,UT09162,Control,995,1
C2016,UT,f,UT09163,Control,1096,1
C2016,UT,f,UT09190,Control,775,1
C2016,UT,f,UT09191,Control,719,1
C2016,UT,f,UT09192,Control,904,1
C2016,UT,f,UT09193,Control,652,1
C2016,UT,f,UT09218,Control,960,1
C2016,UT,f,UT09219,Control,810,1
C2016,UT,f,UT09220,Control,784,1
C2016,UT,f,UT09221,Control,646,1
C2016,UT,f,UT09249,Control,946,1
C2016,UT,f,UT09250,Control,684,1
C2016,UT,f,UT09251,Control,843,1
C2016,UT,f,UT09252,Control,712,1
C2016,UT,f,UT09331,Control,502,1
C2016,UT,f,UT09332,Control,674,1
C2016,UT,f,UT09333,Control,836,1
C2016,UT,f,UT09334,Control,978,1
C2016,UT,f,UT09372,Control,869,1
C2016,UT,f,UT09373,Control,926,1
C2016,UT,f,UT09374,Control,641,1
C2016,UT,f,UT09375,Control,840,1
C2016,UT,f,UT09399,Control,983,1
C2016,UT,f,UT09400,Control,863,1
C2016,UT,f,UT09401,Control,727,1
C2016,UT,f,UT09402,Control,756,1
C2016,UT,f,UT09423,Control,926,1
C2016,UT,f,UT09424,Control,1025,1
C2016,UT,f,UT09425,Control,961,1
C2016,UT,f,UT09426,Control,873,1
C2016,UT,f,UT09443,Control,785,1
C2016,UT,f,UT09444,Control,803,1
C2016,UT,f,UT09445,Control,1061,1
C2016,UT,f,UT09446,Control,1125,1
C2016,UT,f,UT09447,Control,914,1
C2016,UT,f,UT09448,Control,916,1
C2016,UT,f,UT09449,Control,876,1
C2016,UT,f,UT09450,Control,750,1
C2016,UT,f,UT09457,Control,947,1
C2016,UT,f,UT09458,Control,921,1
C2016,UT,f,UT09459,Control,675,1
C2016,UT,f,UT09460,Control,1045,1
C2016,UT,f,UT09470,Control,823,1
C2016,UT,f,UT09471,Control,585,1
C2016,UT,f,UT09472,Control,1141,1
C2016,UT,f,UT09473,Control,1062,1
C2016,UT,f,UT09480,Control,940,1
C2016,UT,f,UT09481,Control,1022,1
C2016,UT,f,UT09482,Control,889,1
C2016,UT,f,UT09483,Control,849,1
C2016,UT,m,UT08721,Control,896,1
C2016,UT,m,UT08722,Control,847,1
C2016,UT,m,UT08723,Control,644,1
C2016,UT,m,UT08780,Control,989,1
C2016,UT,m,UT08781,Control,990,1
C2016,UT,m,UT08782,Control,382,1
C2016,UT,m,UT08787,Control,663,1
C2016,UT,m,UT08788,Control,836,1
C2016,UT,m,UT08789,Control,1073,1
C2016,UT,m,UT08794,Control,841,1
C2016,UT,m,UT08795,Control,873,1
C2016,UT,m,UT08796,Control,668,1
C2016,UT,m,UT08814,Control,963,1
C2016,UT,m,UT08815,Control,1192,1
C2016,UT,m,UT08816,Control,752,1
C2016,UT,m,UT08871,Control,865,1
C2016,UT,m,UT08872,Control,784,1
C2016,UT,m,UT08873,Control,405,1
C2016,UT,m,UT08877,Control,1074,1
C2016,UT,m,UT08878,Control,876,1
C2016,UT,m,UT08879,Control,899,1
C2016,UT,m,UT08887,Control,782,1
C2016,UT,m,UT08888,Control,434,1
C2016,UT,m,UT08889,Control,617,1
C2016,UT,m,UT08901,Control,453,1
C2016,UT,m,UT08902,Control,1022,1
C2016,UT,m,UT08903,Control,918,1
C2016,UT,m,UT08939,Control,742,1
C2016,UT,m,UT08940,Control,853,1
C2016,UT,m,UT08941,Control,437,1
C2016,UT,m,UT08953,Control,631,1
C2016,UT,m,UT08954,Control,599,1
C2016,UT,m,UT08955,Control,1186,1
C2016,UT,m,UT08970,Control,898,1
C2016,UT,m,UT08971,Control,970,1
C2016,UT,m,UT08972,Control,672,1
C2016,UT,m,UT09010,Control,952,1
C2016,UT,m,UT09011,Control,298,1
C2016,UT,m,UT09012,Control,883,1
C2016,UT,m,UT09027,Control,816,1
C2016,UT,m,UT09028,Control,865,1
C2016,UT,m,UT09029,Control,858,1
C2016,UT,m,UT09065,Control,936,1
C2016,UT,m,UT09066,Control,611,1
C2016,UT,m,UT09067,Control,621,1
C2016,UT,m,UT09082,Control,542,1
C2016,UT,m,UT09083,Control,719,1
C2016,UT,m,UT09084,Control,734,1
C2016,UT,m,UT09093,Control,705,1
C2016,UT,m,UT09094,Control,459,1
C2016,UT,m,UT09095,Control,725,1
C2016,UT,m,UT09100,Control,945,1
C2016,UT,m,UT09101,Control,850,1
C2016,UT,m,UT09102,Control,828,1
C2016,UT,m,UT09114,Control,856,1
C2016,UT,m,UT09115,Control,657,1
C2016,UT,m,UT09116,Control,599,1
C2016,UT,m,UT09253,Control,743,1
C2016,UT,m,UT09254,Control,370,1
C2016,UT,m,UT09255,Control,1003,1
C2016,UT,m,UT09263,Control,623,1
C2016,UT,m,UT09264,Control,1020,1
C2016,UT,m,UT09265,Control,1026,1
C2016,UT,m,UT09306,Control,478,1
C2016,UT,m,UT09307,Control,1064,1
C2016,UT,m,UT09308,Control,741,1
C2016,UT,m,UT09335,Control,986,1
C2016,UT,m,UT09336,Control,798,1
C2016,UT,m,UT09337,Control,474,1
C2016,UT,m,UT09386,Control,673,1
C2016,UT,m,UT09387,Control,1103,1
C2016,UT,m,UT09388,Control,868,1
C2016,UT,m,UT09420,Control,640,1
C2016,UT,m,UT09421,Control,744,1
C2016,UT,m,UT09422,Control,976,1
C2016,UT,m,UT09454,Control,1264,1
C2016,UT,m,UT09455,Control,439,1
C2016,UT,m,UT09456,Control,756,1
C2016,UT,m,UT09464,Control,578,1
C2016,UT,m,UT09465,Control,1035,1
C2016,UT,m,UT09466,Control,976,1
C2016,UT,m,UT09484,Control,1090,1
C2016,UT,m,UT09485,Control,686,1
C2016,UT,m,UT09486,Control,1066,1
C2016,UT,m,UT09547,Control,909,1
C2016,UT,m,UT09548,Control,517,1
C2016,UT,m,UT09549,Control,432,1
C2016,UT,m,UT09569,Control,784,1
C2016,UT,m,UT09570,Control,529,1
C2016,UT,m,UT09571,Control,709,1
C2016,UT,m,UT09587,Control,1168,1
C2016,UT,m,UT09588,Control,885,1
C2016,UT,m,UT09589,Control,820,1
C2016,UT,m,UT09597,Control,742,1
C2016,UT,m,UT09598,Control,846,1
C2016,UT,m,UT09599,Control,675,1
C2016,UT,m,UT09634,Control,838,1
C2016,UT,m,UT09635,Control,799,1
C2016,UT,m,UT09636,Control,608,1
C2016,TJL,f,JL12925,GGA,817,1
C2016,TJL,f,JL12926,GGA,934,1
C2016,TJL,f,JL12927,GGA,802,1
C2016,TJL,f,JL12928,GGA,568,1
C2016,TJL,f,JL12929,GGA,1167,1
C2016,TJL,f,JL12930,GGA,939,1
C2016,TJL,f,JL12931,GGA,952,1
C2016,TJL,f,JL12932,GGA,1019,1
C2016,TJL,f,JL12993,GGA,1089,1
C2016,TJL,f,JL12994,GGA,722,1
C2016,TJL,f,JL12995,GGA,803,1
C2016,TJL,f,JL12996,GGA,680,1
C2016,TJL,f,JL13062,GGA,802,1
C2016,TJL,f,JL13063,GGA,715,1
C2016,TJL,f,JL13064,GGA,861,1
C2016,TJL,f,JL13065,GGA,757,1
C2016,TJL,f,JL13145,GGA,1220,1
C2016,TJL,f,JL13146,GGA,863,1
C2016,TJL,f,JL13147,GGA,1065,1
C2016,TJL,f,JL13148,GGA,906,1
C2016,TJL,f,JL13153,GGA,1126,1
C2016,TJL,f,JL13154,GGA,797,1
C2016,TJL,f,JL13155,GGA,819,1
C2016,TJL,f,JL13156,GGA,557,1
C2016,TJL,f,JL13200,GGA,991,1
C2016,TJL,f,JL13201,GGA,1141,1
C2016,TJL,f,JL13202,GGA,666,1
C2016,TJL,f,JL13203,GGA,1009,1
C2016,TJL,f,JL13361,GGA,819,1
C2016,TJL,f,JL13362,GGA,954,1
C2016,TJL,f,JL13363,GGA,807,1
C2016,TJL,f,JL13364,GGA,985,1
C2016,TJL,f,JL13455,GGA,694,1
C2016,TJL,f,JL13456,GGA,991,1
C2016,TJL,f,JL13457,GGA,861,1
C2016,TJL,f,JL13458,GGA,931,1
C2016,TJL,f,JL13648,GGA,796,1
C2016,TJL,f,JL13649,GGA,868,1
C2016,TJL,f,JL13650,GGA,803,1
C2016,TJL,f,JL13651,GGA,904,1
C2016,TJL,f,JL13664,GGA,1016,1
C2016,TJL,f,JL13665,GGA,1044,1
C2016,TJL,f,JL13666,GGA,881,1
C2016,TJL,f,JL13667,GGA,923,1
C2016,TJL,f,JL13792,GGA,716,1
C2016,TJL,f,JL13793,GGA,1016,1
C2016,TJL,f,JL13794,GGA,949,1
C2016,TJL,f,JL13795,GGA,914,1
C2016,TJL,m,JL12964,GGA,762,1
C2016,TJL,m,JL12965,GGA,848,1
C2016,TJL,m,JL12966,GGA,648,1
C2016,TJL,m,JL13036,GGA,818,1
C2016,TJL,m,JL13037,GGA,800,1
C2016,TJL,m,JL13038,GGA,711,1
C2016,TJL,m,JL13260,GGA,868,1
C2016,TJL,m,JL13261,GGA,672,1
C2016,TJL,m,JL13262,GGA,1045,1
C2016,TJL,m,JL13289,GGA,841,1
C2016,TJL,m,JL13290,GGA,875,1
C2016,TJL,m,JL13291,GGA,815,1
C2016,TJL,m,JL13292,GGA,717,1
C2016,TJL,m,JL13293,GGA,713,1
C2016,TJL,m,JL13294,GGA,180,1
C2016,TJL,m,JL13345,GGA,872,1
C2016,TJL,m,JL13346,GGA,1214,1
C2016,TJL,m,JL13347,GGA,283,1
C2016,TJL,m,JL13351,GGA,330,1
C2016,TJL,m,JL13352,GGA,717,1
C2016,TJL,m,JL13353,GGA,497,1
C2016,TJL,m,JL13369,GGA,925,1
C2016,TJL,m,JL13370,GGA,677,1
C2016,TJL,m,JL13371,GGA,813,1
C2016,TJL,m,JL13452,GGA,744,1
C2016,TJL,m,JL13453,GGA,751,1
C2016,TJL,m,JL13454,GGA,537,1
C2016,TJL,m,JL13633,GGA,933,1
C2016,TJL,m,JL13634,GGA,862,1
C2016,TJL,m,JL13635,GGA,687,1
C2016,TJL,m,JL13671,GGA,1030,1
C2016,TJL,m,JL13672,GGA,817,1
C2016,TJL,m,JL13673,GGA,1030,1
C2016,TJL,m,JL13699,GGA,365,1
C2016,TJL,m,JL13700,GGA,589,1
C2016,TJL,m,JL13701,GGA,995,1
C2016,TJL,m,JL13777,GGA,733,1
C2016,TJL,m,JL13778,GGA,866,1
C2016,TJL,m,JL13779,GGA,498,1
C2016,TJL,m,JL13812,GGA,533,1
C2016,TJL,m,JL13813,GGA,315,1
C2016,TJL,m,JL13814,GGA,519,1
C2016,TJL,m,JL13821,GGA,516,1
C2016,TJL,m,JL13822,GGA,869,1
C2016,TJL,m,JL13823,GGA,863,1
C2016,TJL,m,JL13868,GGA,672,1
C2016,TJL,m,JL13869,GGA,949,1
C2016,TJL,m,JL13870,GGA,826,1
C2016,TJL,m,JL13893,GGA,1017,1
C2016,TJL,m,JL13894,GGA,774,1
C2016,TJL,m,JL13895,GGA,674,1
C2016,TJL,m,JL13953,GGA,858,1
C2016,TJL,m,JL13954,GGA,967,1
C2016,TJL,m,JL13955,GGA,853,1
C2016,UM,f,UM61635,GGA,843,1
C2016,UM,f,UM61642,GGA,603,1
C2016,UM,f,UM61649,GGA,889,1
C2016,UM,f,UM61656,GGA,1049,1
C2016,UM,f,UM62867,GGA,979,1
C2016,UM,f,UM62874,GGA,742,1
C2016,UM,f,UM62881,GGA,1064,1
C2016,UM,f,UM62888,GGA,832,1
C2016,UM,f,UM63056,GGA,982,1
C2016,UM,f,UM63063,GGA,978,1
C2016,UM,f,UM63070,GGA,1016,1
C2016,UM,f,UM63077,GGA,1091,1
C2016,UM,f,UM63840,GGA,625,1
C2016,UM,f,UM63847,GGA,969,1
C2016,UM,f,UM63854,GGA,1021,1
C2016,UM,f,UM63861,GGA,822,1
C2016,UM,f,UM64792,GGA,123,1
C2016,UM,f,UM64799,GGA,990,1
C2016,UM,f,UM64806,GGA,757,1
C2016,UM,f,UM64813,GGA,788,1
C2016,UM,f,UM64960,GGA,950,1
C2016,UM,f,UM64967,GGA,539,1
C2016,UM,f,UM64974,GGA,924,1
C2016,UM,f,UM64981,GGA,515,1
C2016,UM,f,UM65562,GGA,563,1
C2016,UM,f,UM65569,GGA,967,1
C2016,UM,f,UM65576,GGA,747,1
C2016,UM,f,UM65583,GGA,907,1
C2016,UM,f,UM65940,GGA,823,1
C2016,UM,f,UM65947,GGA,745,1
C2016,UM,f,UM65954,GGA,995,1
C2016,UM,f,UM65961,GGA,613,1
C2016,UM,f,UM66283,GGA,1080,1
C2016,UM,f,UM66290,GGA,815,1
C2016,UM,f,UM66297,GGA,857,1
C2016,UM,f,UM66304,GGA,966,1
C2016,UM,f,UM66717,GGA,1057,1
C2016,UM,f,UM66724,GGA,651,1
C2016,UM,f,UM66731,GGA,889,1
C2016,UM,f,UM66738,GGA,960,1
C2016,UM,f,UM67382,GGA,844,1
C2016,UM,f,UM67389,GGA,1069,1
C2016,UM,f,UM67396,GGA,1092,1
C2016,UM,f,UM67403,GGA,1060,1
C2016,UM,m,UM61859,GGA,803,1
C2016,UM,m,UM61866,GGA,1147,1
C2016,UM,m,UM61873,GGA,831,1
C2016,UM,m,UM62125,GGA,185,0
C2016,UM,m,UM62132,GGA,185,0
C2016,UM,m,UM62139,GGA,185,0
C2016,UM,m,UM62272,GGA,282,0
C2016,UM,m,UM62279,GGA,282,0
C2016,UM,m,UM62286,GGA,282,0
C2016,UM,m,UM62636,GGA,908,1
C2016,UM,m,UM62643,GGA,655,1
C2016,UM,m,UM62650,GGA,934,1
C2016,UM,m,UM62776,GGA,394,1
C2016,UM,m,UM62783,GGA,687,1
C2016,UM,m,UM62790,GGA,519,1
C2016,UM,m,UM62944,GGA,802,1
C2016,UM,m,UM62951,GGA,739,1
C2016,UM,m,UM62958,GGA,849,1
C2016,UM,m,UM62965,GGA,1004,1
C2016,UM,m,UM62972,GGA,950,1
C2016,UM,m,UM62979,GGA,923,1
C2016,UM,m,UM63105,GGA,1116,1
C2016,UM,m,UM63112,GGA,747,1
C2016,UM,m,UM63119,GGA,671,1
C2016,UM,m,UM63252,GGA,96,0
C2016,UM,m,UM63259,GGA,96,0
C2016,UM,m,UM63266,GGA,96,0
C2016,UM,m,UM64218,GGA,315,0
C2016,UM,m,UM64225,GGA,315,0
C2016,UM,m,UM64232,GGA,315,0
C2016,UM,m,UM65198,GGA,81,0
C2016,UM,m,UM65205,GGA,81,0
C2016,UM,m,UM65212,GGA,81,0
C2016,UM,m,UM66591,GGA,930,1
C2016,UM,m,UM66598,GGA,914,1
C2016,UM,m,UM66605,GGA,852,1
C2016,UM,m,UM66633,GGA,1114,1
C2016,UM,m,UM66640,GGA,1020,1
C2016,UM,m,UM66647,GGA,972,1
C2016,UM,m,UM67130,GGA,415,1
C2016,UM,m,UM67137,GGA,1079,1
C2016,UM,m,UM67144,GGA,1018,1
C2016,UM,m,UM67340,GGA,311,0
C2016,UM,m,UM67347,GGA,311,0
C2016,UM,m,UM67354,GGA,311,0
C2016,UM,m,UM67480,GGA,764,1
C2016,UM,m,UM67487,GGA,778,1
C2016,UM,m,UM67494,GGA,1117,1
C2016,UM,m,UM67648,GGA,887,1
C2016,UM,m,UM67655,GGA,1101,1
C2016,UM,m,UM67662,GGA,732,1
C2016,UT,f,UT08613,GGA,758,1
C2016,UT,f,UT08614,GGA,662,1
C2016,UT,f,UT08615,GGA,1001,1
C2016,UT,f,UT08616,GGA,783,1
C2016,UT,f,UT08694,GGA,1173,1
C2016,UT,f,UT08695,GGA,902,1
C2016,UT,f,UT08696,GGA,857,1
C2016,UT,f,UT08697,GGA,901,1
C2016,UT,f,UT08837,GGA,435,1
C2016,UT,f,UT08838,GGA,824,1
C2016,UT,f,UT08839,GGA,820,1
C2016,UT,f,UT08840,GGA,918,1
C2016,UT,f,UT08918,GGA,761,1
C2016,UT,f,UT08919,GGA,650,1
C2016,UT,f,UT08920,GGA,905,1
C2016,UT,f,UT08921,GGA,944,1
C2016,UT,f,UT08925,GGA,983,1
C2016,UT,f,UT08926,GGA,922,1
C2016,UT,f,UT08927,GGA,969,1
C2016,UT,f,UT08928,GGA,962,1
C2016,UT,f,UT09020,GGA,838,1
C2016,UT,f,UT09021,GGA,1090,1
C2016,UT,f,UT09022,GGA,1034,1
C2016,UT,f,UT09023,GGA,1014,1
C2016,UT,f,UT09030,GGA,953,1
C2016,UT,f,UT09031,GGA,845,1
C2016,UT,f,UT09032,GGA,1156,1
C2016,UT,f,UT09033,GGA,989,1
C2016,UT,f,UT09096,GGA,877,1
C2016,UT,f,UT09097,GGA,398,1
C2016,UT,f,UT09098,GGA,622,1
C2016,UT,f,UT09099,GGA,1121,1
C2016,UT,f,UT09120,GGA,796,1
C2016,UT,f,UT09121,GGA,802,1
C2016,UT,f,UT09122,GGA,733,1
C2016,UT,f,UT09123,GGA,909,1
C2016,UT,f,UT09232,GGA,1013,1
C2016,UT,f,UT09233,GGA,927,1
C2016,UT,f,UT09234,GGA,611,1
C2016,UT,f,UT09235,GGA,1126,1
C2016,UT,f,UT09436,GGA,852,1
C2016,UT,f,UT09437,GGA,705,1
C2016,UT,f,UT09438,GGA,883,1
C2016,UT,f,UT09439,GGA,641,1
C2016,UT,m,UT08610,GGA,870,1
C2016,UT,m,UT08611,GGA,635,1
C2016,UT,m,UT08612,GGA,633,1
C2016,UT,m,UT08642,GGA,756,1
C2016,UT,m,UT08643,GGA,817,1
C2016,UT,m,UT08644,GGA,662,1
C2016,UT,m,UT08701,GGA,801,1
C2016,UT,m,UT08702,GGA,1179,1
C2016,UT,m,UT08703,GGA,770,1
C2016,UT,m,UT08708,GGA,412,0
C2016,UT,m,UT08709,GGA,412,0
C2016,UT,m,UT08710,GGA,360,1
C2016,UT,m,UT08711,GGA,344,1
C2016,UT,m,UT08712,GGA,1011,1
C2016,UT,m,UT08713,GGA,839,1
C2016,UT,m,UT08773,GGA,1174,1
C2016,UT,m,UT08774,GGA,875,1
C2016,UT,m,UT08775,GGA,375,0
C2016,UT,m,UT08880,GGA,499,1
C2016,UT,m,UT08881,GGA,701,1
C2016,UT,m,UT08882,GGA,800,1
C2016,UT,m,UT08894,GGA,489,1
C2016,UT,m,UT08895,GGA,412,1
C2016,UT,m,UT08896,GGA,827,1
C2016,UT,m,UT09117,GGA,955,1
C2016,UT,m,UT09118,GGA,886,1
C2016,UT,m,UT09119,GGA,649,1
C2016,UT,m,UT09131,GGA,828,1
C2016,UT,m,UT09132,GGA,596,1
C2016,UT,m,UT09133,GGA,310,1
C2016,UT,m,UT09222,GGA,1102,1
C2016,UT,m,UT09223,GGA,780,1
C2016,UT,m,UT09224,GGA,1019,1
C2016,UT,m,UT09303,GGA,740,1
C2016,UT,m,UT09304,GGA,876,1
C2016,UT,m,UT09305,GGA,843,1
C2016,UT,m,UT09345,GGA,969,1
C2016,UT,m,UT09346,GGA,960,1
C2016,UT,m,UT09347,GGA,400,1
C2016,UT,m,UT09494,GGA,714,1
C2016,UT,m,UT09495,GGA,549,1
C2016,UT,m,UT09496,GGA,720,1
C2016,UT,m,UT09530,GGA,585,1
C2016,UT,m,UT09531,GGA,395,1
C2016,UT,m,UT09532,GGA,1188,1
C2016,UT,m,UT09604,GGA,808,1
C2016,UT,m,UT09605,GGA,1050,1
C2016,UT,m,UT09606,GGA,1172,1
C2016,UT,m,UT09637,GGA,950,1
C2016,UT,m,UT09638,GGA,553,1
C2016,UT,m,UT09639,GGA,920,1
C2016,TJL,f,JL13058,MIF098,1022,1
C2016,TJL,f,JL13059,MIF098,865,1
C2016,TJL,f,JL13060,MIF098,970,1
C2016,TJL,f,JL13061,MIF098,673,1
C2016,TJL,f,JL13070,MIF098,845,1
C2016,TJL,f,JL13071,MIF098,980,1
C2016,TJL,f,JL13072,MIF098,959,1
C2016,TJL,f,JL13073,MIF098,1104,1
C2016,TJL,f,JL13157,MIF098,1177,1
C2016,TJL,f,JL13158,MIF098,877,1
C2016,TJL,f,JL13159,MIF098,852,1
C2016,TJL,f,JL13160,MIF098,947,1
C2016,TJL,f,JL13176,MIF098,933,1
C2016,TJL,f,JL13177,MIF098,913,1
C2016,TJL,f,JL13178,MIF098,894,1
C2016,TJL,f,JL13179,MIF098,962,1
C2016,TJL,f,JL13180,MIF098,729,1
C2016,TJL,f,JL13181,MIF098,812,1
C2016,TJL,f,JL13182,MIF098,900,1
C2016,TJL,f,JL13183,MIF098,791,1
C2016,TJL,f,JL13253,MIF098,926,1
C2016,TJL,f,JL13254,MIF098,707,1
C2016,TJL,f,JL13255,MIF098,218,1
C2016,TJL,f,JL13256,MIF098,957,1
C2016,TJL,f,JL13420,MIF098,974,1
C2016,TJL,f,JL13421,MIF098,895,1
C2016,TJL,f,JL13422,MIF098,800,1
C2016,TJL,f,JL13423,MIF098,744,1
C2016,TJL,f,JL13424,MIF098,1034,1
C2016,TJL,f,JL13425,MIF098,961,1
C2016,TJL,f,JL13426,MIF098,831,1
C2016,TJL,f,JL13427,MIF098,946,1
C2016,TJL,f,JL13547,MIF098,1019,1
C2016,TJL,f,JL13548,MIF098,758,1
C2016,TJL,f,JL13549,MIF098,645,1
C2016,TJL,f,JL13550,MIF098,1222,1
C2016,TJL,f,JL13564,MIF098,651,1
C2016,TJL,f,JL13565,MIF098,778,1
C2016,TJL,f,JL13566,MIF098,805,1
C2016,TJL,f,JL13567,MIF098,698,1
C2016,TJL,f,JL13692,MIF098,757,1
C2016,TJL,f,JL13693,MIF098,755,1
C2016,TJL,f,JL13694,MIF098,778,1
C2016,TJL,f,JL13695,MIF098,1170,1
C2016,TJL,f,JL13851,MIF098,686,1
C2016,TJL,f,JL13852,MIF098,963,1
C2016,TJL,f,JL13853,MIF098,718,1
C2016,TJL,f,JL13854,MIF098,1062,1
C2016,TJL,m,JL12955,MIF098,1067,1
C2016,TJL,m,JL12956,MIF098,1023,1
C2016,TJL,m,JL12957,MIF098,903,1
C2016,TJL,m,JL13027,MIF098,537,1
C2016,TJL,m,JL13028,MIF098,966,1
C2016,TJL,m,JL13029,MIF098,645,1
C2016,TJL,m,JL13080,MIF098,1140,1
C2016,TJL,m,JL13081,MIF098,400,1
C2016,TJL,m,JL13082,MIF098,1116,1
C2016,TJL,m,JL13225,MIF098,858,1
C2016,TJL,m,JL13226,MIF098,802,1
C2016,TJL,m,JL13227,MIF098,359,1
C2016,TJL,m,JL13234,MIF098,876,1
C2016,TJL,m,JL13235,MIF098,701,1
C2016,TJL,m,JL13236,MIF098,857,1
C2016,TJL,m,JL13243,MIF098,1128,1
C2016,TJL,m,JL13244,MIF098,970,1
C2016,TJL,m,JL13245,MIF098,729,1
C2016,TJL,m,JL13269,MIF098,741,1
C2016,TJL,m,JL13270,MIF098,886,1
C2016,TJL,m,JL13271,MIF098,761,1
C2016,TJL,m,JL13295,MIF098,238,1
C2016,TJL,m,JL13296,MIF098,743,1
C2016,TJL,m,JL13297,MIF098,828,1
C2016,TJL,m,JL13330,MIF098,457,1
C2016,TJL,m,JL13331,MIF098,622,1
C2016,TJL,m,JL13332,MIF098,156,1
C2016,TJL,m,JL13339,MIF098,295,1
C2016,TJL,m,JL13340,MIF098,928,1
C2016,TJL,m,JL13341,MIF098,289,1
C2016,TJL,m,JL13391,MIF098,317,0
C2016,TJL,m,JL13392,MIF098,317,0
C2016,TJL,m,JL13393,MIF098,317,0
C2016,TJL,m,JL13401,MIF098,379,1
C2016,TJL,m,JL13402,MIF098,373,1
C2016,TJL,m,JL13403,MIF098,1114,1
C2016,TJL,m,JL13440,MIF098,252,1
C2016,TJL,m,JL13441,MIF098,964,1
C2016,TJL,m,JL13442,MIF098,692,1
C2016,TJL,m,JL13481,MIF098,942,1
C2016,TJL,m,JL13482,MIF098,760,1
C2016,TJL,m,JL13483,MIF098,967,1
C2016,TJL,m,JL13538,MIF098,1012,1
C2016,TJL,m,JL13539,MIF098,754,1
C2016,TJL,m,JL13540,MIF098,837,1
C2016,TJL,m,JL13586,MIF098,1008,1
C2016,TJL,m,JL13587,MIF098,536,0
C2016,TJL,m,JL13588,MIF098,913,1
C2016,TJL,m,JL13913,MIF098,267,1
C2016,TJL,m,JL13914,MIF098,980,1
C2016,TJL,m,JL13915,MIF098,900,1
C2016,TJL,m,JL13956,MIF098,769,1
C2016,TJL,m,JL13957,MIF098,935,1
C2016,TJL,m,JL13958,MIF098,830,1
C2016,UM,f,UM61684,MIF098,1001,1
C2016,UM,f,UM61691,MIF098,969,1
C2016,UM,f,UM61698,MIF098,896,1
C2016,UM,f,UM61705,MIF098,814,1
C2016,UM,f,UM61831,MIF098,769,1
C2016,UM,f,UM61838,MIF098,808,1
C2016,UM,f,UM61845,MIF098,813,1
C2016,UM,f,UM61852,MIF098,760,1
C2016,UM,f,UM62188,MIF098,538,1
C2016,UM,f,UM62195,MIF098,768,1
C2016,UM,f,UM62202,MIF098,664,1
C2016,UM,f,UM62209,MIF098,969,1
C2016,UM,f,UM63154,MIF098,561,1
C2016,UM,f,UM63161,MIF098,840,1
C2016,UM,f,UM63168,MIF098,1042,1
C2016,UM,f,UM63175,MIF098,804,1
C2016,UM,f,UM63385,MIF098,649,1
C2016,UM,f,UM63392,MIF098,936,1
C2016,UM,f,UM63399,MIF098,1025,1
C2016,UM,f,UM63406,MIF098,733,1
C2016,UM,f,UM64099,MIF098,628,1
C2016,UM,f,UM64106,MIF098,706,1
C2016,UM,f,UM64113,MIF098,670,1
C2016,UM,f,UM64120,MIF098,598,1
C2016,UM,f,UM64239,MIF098,642,1
C2016,UM,f,UM64246,MIF098,929,1
C2016,UM,f,UM64253,MIF098,905,1
C2016,UM,f,UM64260,MIF098,865,1
C2016,UM,f,UM65051,MIF098,820,1
C2016,UM,f,UM65058,MIF098,867,1
C2016,UM,f,UM65065,MIF098,832,1
C2016,UM,f,UM65072,MIF098,890,1
C2016,UM,f,UM65793,MIF098,924,1
C2016,UM,f,UM65800,MIF098,927,1
C2016,UM,f,UM65807,MIF098,983,1
C2016,UM,f,UM65814,MIF098,666,1
C2016,UM,f,UM66108,MIF098,844,1
C2016,UM,f,UM66115,MIF098,966,1
C2016,UM,f,UM66122,MIF098,925,1
C2016,UM,f,UM66129,MIF098,921,1
C2016,UM,f,UM66542,MIF098,986,1
C2016,UM,f,UM66549,MIF098,1026,1
C2016,UM,f,UM66556,MIF098,814,1
C2016,UM,f,UM66563,MIF098,391,1
C2016,UM,m,UM61516,MIF098,945,1
C2016,UM,m,UM61523,MIF098,988,1
C2016,UM,m,UM61530,MIF098,633,1
C2016,UM,m,UM61593,MIF098,694,1
C2016,UM,m,UM61600,MIF098,642,1
C2016,UM,m,UM61607,MIF098,1069,1
C2016,UM,m,UM62076,MIF098,942,1
C2016,UM,m,UM62083,MIF098,397,1
C2016,UM,m,UM62090,MIF098,987,1
C2016,UM,m,UM62685,MIF098,1167,1
C2016,UM,m,UM62692,MIF098,1027,1
C2016,UM,m,UM62699,MIF098,896,1
C2016,UM,m,UM63588,MIF098,1084,1
C2016,UM,m,UM63595,MIF098,968,1
C2016,UM,m,UM63602,MIF098,765,1
C2016,UM,m,UM63637,MIF098,632,1
C2016,UM,m,UM63644,MIF098,914,1
C2016,UM,m,UM63651,MIF098,1044,1
C2016,UM,m,UM63728,MIF098,185,0
C2016,UM,m,UM63735,MIF098,185,0
C2016,UM,m,UM63742,MIF098,185,0
C2016,UM,m,UM64001,MIF098,734,1
C2016,UM,m,UM64008,MIF098,914,1
C2016,UM,m,UM64015,MIF098,691,1
C2016,UM,m,UM64022,MIF098,413,1
C2016,UM,m,UM64029,MIF098,854,1
C2016,UM,m,UM64036,MIF098,911,1
C2016,UM,m,UM65030,MIF098,592,1
C2016,UM,m,UM65037,MIF098,839,1
C2016,UM,m,UM65044,MIF098,624,1
C2016,UM,m,UM66409,MIF098,794,1
C2016,UM,m,UM66416,MIF098,774,1
C2016,UM,m,UM66423,MIF098,601,1
C2016,UM,m,UM66570,MIF098,1039,1
C2016,UM,m,UM66577,MIF098,807,1
C2016,UM,m,UM66584,MIF098,810,1
C2016,UM,m,UM67242,MIF098,194,0
C2016,UM,m,UM67249,MIF098,194,0
C2016,UM,m,UM67256,MIF098,194,0
C2016,UM,m,UM67550,MIF098,568,1
C2016,UM,m,UM67557,MIF098,1016,1
C2016,UM,m,UM67564,MIF098,583,1
C2016,UM,m,UM67627,MIF098,922,1
C2016,UM,m,UM67634,MIF098,466,1
C2016,UM,m,UM67641,MIF098,686,1
C2016,UM,m,UM67767,MIF098,989,1
C2016,UM,m,UM67774,MIF098,1011,1
C2016,UM,m,UM67781,MIF098,696,1
C2016,UM,m,UM67851,MIF098,750,1
C2016,UM,m,UM67858,MIF098,763,1
C2016,UM,m,UM67865,MIF098,733,1
C2016,UT,f,UT08589,MIF098,791,1
C2016,UT,f,UT08590,MIF098,642,1
C2016,UT,f,UT08591,MIF098,812,1
C2016,UT,f,UT08592,MIF098,934,1
C2016,UT,f,UT08603,MIF098,618,1
C2016,UT,f,UT08604,MIF098,955,1
C2016,UT,f,UT08605,MIF098,618,1
C2016,UT,f,UT08606,MIF098,873,1
C2016,UT,f,UT08741,MIF098,812,1
C2016,UT,f,UT08742,MIF098,1060,1
C2016,UT,f,UT08743,MIF098,965,1
C2016,UT,f,UT08744,MIF098,872,1
C2016,UT,f,UT08759,MIF098,642,1
C2016,UT,f,UT08760,MIF098,761,1
C2016,UT,f,UT08761,MIF098,778,1
C2016,UT,f,UT08762,MIF098,594,1
C2016,UT,f,UT08966,MIF098,1036,1
C2016,UT,f,UT08967,MIF098,878,1
C2016,UT,f,UT08968,MIF098,782,1
C2016,UT,f,UT08969,MIF098,985,1
C2016,UT,f,UT09103,MIF098,707,1
C2016,UT,f,UT09104,MIF098,520,1
C2016,UT,f,UT09105,MIF098,900,1
C2016,UT,f,UT09106,MIF098,595,1
C2016,UT,f,UT09107,MIF098,579,1
C2016,UT,f,UT09108,MIF098,801,1
C2016,UT,f,UT09109,MIF098,942,1
C2016,UT,f,UT09110,MIF098,903,1
C2016,UT,f,UT09200,MIF098,901,1
C2016,UT,f,UT09201,MIF098,1093,1
C2016,UT,f,UT09202,MIF098,917,1
C2016,UT,f,UT09203,MIF098,859,1
C2016,UT,f,UT09214,MIF098,852,1
C2016,UT,f,UT09215,MIF098,1104,1
C2016,UT,f,UT09216,MIF098,1117,1
C2016,UT,f,UT09217,MIF098,852,1
C2016,UT,f,UT09368,MIF098,558,1
C2016,UT,f,UT09369,MIF098,1032,1
C2016,UT,f,UT09370,MIF098,733,1
C2016,UT,f,UT09371,MIF098,957,1
C2016,UT,f,UT09382,MIF098,956,1
C2016,UT,f,UT09383,MIF098,987,1
C2016,UT,f,UT09384,MIF098,686,1
C2016,UT,f,UT09385,MIF098,942,1
C2016,UT,m,UT08656,MIF098,955,1
C2016,UT,m,UT08657,MIF098,1103,1
C2016,UT,m,UT08658,MIF098,871,1
C2016,UT,m,UT08735,MIF098,978,1
C2016,UT,m,UT08736,MIF098,290,1
C2016,UT,m,UT08737,MIF098,658,1
C2016,UT,m,UT08770,MIF098,335,1
C2016,UT,m,UT08771,MIF098,711,1
C2016,UT,m,UT08772,MIF098,795,1
C2016,UT,m,UT08834,MIF098,945,1
C2016,UT,m,UT08835,MIF098,773,1
C2016,UT,m,UT08836,MIF098,898,1
C2016,UT,m,UT08854,MIF098,818,1
C2016,UT,m,UT08855,MIF098,1094,1
C2016,UT,m,UT08856,MIF098,788,1
C2016,UT,m,UT08908,MIF098,731,1
C2016,UT,m,UT08909,MIF098,729,1
C2016,UT,m,UT08910,MIF098,557,1
C2016,UT,m,UT08981,MIF098,1041,1
C2016,UT,m,UT08982,MIF098,724,1
C2016,UT,m,UT08983,MIF098,656,1
C2016,UT,m,UT09013,MIF098,826,1
C2016,UT,m,UT09014,MIF098,700,1
C2016,UT,m,UT09015,MIF098,1058,1
C2016,UT,m,UT09037,MIF098,537,1
C2016,UT,m,UT09038,MIF098,510,1
C2016,UT,m,UT09039,MIF098,903,1
C2016,UT,m,UT09051,MIF098,1160,1
C2016,UT,m,UT09052,MIF098,321,1
C2016,UT,m,UT09053,MIF098,785,1
C2016,UT,m,UT09208,MIF098,831,1
C2016,UT,m,UT09209,MIF098,645,1
C2016,UT,m,UT09210,MIF098,883,1
C2016,UT,m,UT09321,MIF098,1020,1
C2016,UT,m,UT09322,MIF098,975,1
C2016,UT,m,UT09323,MIF098,652,1
C2016,UT,m,UT09328,MIF098,894,1
C2016,UT,m,UT09329,MIF098,1161,1
C2016,UT,m,UT09330,MIF098,854,1
C2016,UT,m,UT09355,MIF098,900,1
C2016,UT,m,UT09356,MIF098,900,1
C2016,UT,m,UT09357,MIF098,468,1
C2016,UT,m,UT09410,MIF098,751,1
C2016,UT,m,UT09411,MIF098,969,1
C2016,UT,m,UT09412,MIF098,667,1
C2016,UT,m,UT09467,MIF098,888,1
C2016,UT,m,UT09468,MIF098,856,1
C2016,UT,m,UT09469,MIF098,776,1
C2016,UT,m,UT09477,MIF098,1087,1
C2016,UT,m,UT09478,MIF098,410,1
C2016,UT,m,UT09479,MIF098,1080,1
C2016,TJL,f,JL13054,NR,1071,1
C2016,TJL,f,JL13055,NR,986,1
C2016,TJL,f,JL13056,NR,872,1
C2016,TJL,f,JL13057,NR,1087,1
C2016,TJL,f,JL13121,NR,823,1
C2016,TJL,f,JL13122,NR,692,1
C2016,TJL,f,JL13123,NR,827,1
C2016,TJL,f,JL13124,NR,571,1
C2016,TJL,f,JL13249,NR,1004,1
C2016,TJL,f,JL13250,NR,918,1
C2016,TJL,f,JL13251,NR,1036,1
C2016,TJL,f,JL13252,NR,176,1
C2016,TJL,f,JL13278,NR,1061,1
C2016,TJL,f,JL13279,NR,858,1
C2016,TJL,f,JL13280,NR,610,1
C2016,TJL,f,JL13281,NR,919,1
C2016,TJL,f,JL13282,NR,758,1
C2016,TJL,f,JL13283,NR,831,1
C2016,TJL,f,JL13284,NR,565,0
C2016,TJL,f,JL13285,NR,857,1
C2016,TJL,f,JL13463,NR,1142,1
C2016,TJL,f,JL13464,NR,832,1
C2016,TJL,f,JL13465,NR,747,1
C2016,TJL,f,JL13466,NR,687,1
C2016,TJL,f,JL13516,NR,1281,1
C2016,TJL,f,JL13517,NR,1088,1
C2016,TJL,f,JL13518,NR,980,1
C2016,TJL,f,JL13519,NR,724,1
C2016,TJL,f,JL13528,NR,1151,1
C2016,TJL,f,JL13529,NR,714,1
C2016,TJL,f,JL13530,NR,1001,1
C2016,TJL,f,JL13531,NR,991,1
C2016,TJL,f,JL13551,NR,995,1
C2016,TJL,f,JL13552,NR,992,1
C2016,TJL,f,JL13553,NR,1178,1
C2016,TJL,f,JL13554,NR,1204,1
C2016,TJL,f,JL13568,NR,1027,1
C2016,TJL,f,JL13569,NR,1011,1
C2016,TJL,f,JL13570,NR,883,1
C2016,TJL,f,JL13571,NR,655,1
C2016,TJL,f,JL13710,NR,810,1
C2016,TJL,f,JL13711,NR,1174,1
C2016,TJL,f,JL13712,NR,1034,1
C2016,TJL,f,JL13713,NR,976,1
C2016,TJL,f,JL13832,NR,901,1
C2016,TJL,f,JL13833,NR,753,1
C2016,TJL,f,JL13834,NR,968,1
C2016,TJL,f,JL13835,NR,1200,1
C2016,TJL,m,JL12976,NR,638,1
C2016,TJL,m,JL12977,NR,477,1
C2016,TJL,m,JL12978,NR,1086,1
C2016,TJL,m,JL12979,NR,808,1
C2016,TJL,m,JL12980,NR,897,1
C2016,TJL,m,JL12981,NR,801,1
C2016,TJL,m,JL12982,NR,219,0
C2016,TJL,m,JL12983,NR,506,1
C2016,TJL,m,JL12984,NR,379,1
C2016,TJL,m,JL13017,NR,907,1
C2016,TJL,m,JL13018,NR,865,1
C2016,TJL,m,JL13019,NR,709,1
C2016,TJL,m,JL13033,NR,944,1
C2016,TJL,m,JL13034,NR,287,1
C2016,TJL,m,JL13035,NR,424,1
C2016,TJL,m,JL13167,NR,725,1
C2016,TJL,m,JL13168,NR,875,1
C2016,TJL,m,JL13169,NR,495,1
C2016,TJL,m,JL13173,NR,705,1
C2016,TJL,m,JL13174,NR,847,1
C2016,TJL,m,JL13175,NR,760,1
C2016,TJL,m,JL13219,NR,435,1
C2016,TJL,m,JL13220,NR,581,1
C2016,TJL,m,JL13221,NR,345,1
C2016,TJL,m,JL13431,NR,681,1
C2016,TJL,m,JL13432,NR,529,1
C2016,TJL,m,JL13433,NR,600,1
C2016,TJL,m,JL13446,NR,903,1
C2016,TJL,m,JL13447,NR,543,0
C2016,TJL,m,JL13448,NR,837,1
C2016,TJL,m,JL13561,NR,778,1
C2016,TJL,m,JL13562,NR,741,1
C2016,TJL,m,JL13563,NR,705,1
C2016,TJL,m,JL13686,NR,809,1
C2016,TJL,m,JL13687,NR,814,1
C2016,TJL,m,JL13688,NR,658,1
C2016,TJL,m,JL13759,NR,915,1
C2016,TJL,m,JL13760,NR,1115,1
C2016,TJL,m,JL13761,NR,1008,1
C2016,TJL,m,JL13774,NR,1151,1
C2016,TJL,m,JL13775,NR,1191,1
C2016,TJL,m,JL13776,NR,872,1
C2016,TJL,m,JL13800,NR,834,1
C2016,TJL,m,JL13801,NR,754,1
C2016,TJL,m,JL13802,NR,600,1
C2016,TJL,m,JL13907,NR,652,1
C2016,TJL,m,JL13908,NR,795,1
C2016,TJL,m,JL13909,NR,481,1
C2016,TJL,m,JL13927,NR,1075,1
C2016,TJL,m,JL13928,NR,809,1
C2016,TJL,m,JL13929,NR,621,1
C2016,TJL,m,JL13959,NR,386,1
C2016,TJL,m,JL13960,NR,702,1
C2016,TJL,m,JL13961,NR,547,1
C2016,UM,f,UM61537,NR,896,1
C2016,UM,f,UM61544,NR,767,1
C2016,UM,f,UM61551,NR,573,1
C2016,UM,f,UM61558,NR,799,1
C2016,UM,f,UM61565,NR,960,1
C2016,UM,f,UM61572,NR,505,1
C2016,UM,f,UM61579,NR,881,1
C2016,UM,f,UM61586,NR,676,1
C2016,UM,f,UM61929,NR,924,1
C2016,UM,f,UM61936,NR,672,1
C2016,UM,f,UM61943,NR,748,1
C2016,UM,f,UM61950,NR,842,1
C2016,UM,f,UM63560,NR,853,1
C2016,UM,f,UM63567,NR,953,1
C2016,UM,f,UM63574,NR,1049,1
C2016,UM,f,UM63581,NR,853,1
C2016,UM,f,UM64267,NR,653,1
C2016,UM,f,UM64274,NR,735,1
C2016,UM,f,UM64281,NR,576,1
C2016,UM,f,UM64288,NR,1124,1
C2016,UM,f,UM64869,NR,773,1
C2016,UM,f,UM64876,NR,823,1
C2016,UM,f,UM64883,NR,790,1
C2016,UM,f,UM64890,NR,697,1
C2016,UM,f,UM65170,NR,858,1
C2016,UM,f,UM65177,NR,1008,1
C2016,UM,f,UM65184,NR,810,1
C2016,UM,f,UM65191,NR,800,1
C2016,UM,f,UM65709,NR,786,1
C2016,UM,f,UM65716,NR,1029,1
C2016,UM,f,UM65723,NR,730,1
C2016,UM,f,UM65730,NR,718,1
C2016,UM,f,UM65737,NR,746,1
C2016,UM,f,UM65744,NR,862,1
C2016,UM,f,UM65751,NR,770,1
C2016,UM,f,UM65758,NR,777,1
C2016,UM,f,UM66822,NR,1015,1
C2016,UM,f,UM66829,NR,776,1
C2016,UM,f,UM66836,NR,490,1
C2016,UM,f,UM66843,NR,765,1
C2016,UM,f,UM67963,NR,41,0
C2016,UM,f,UM67970,NR,872,1
C2016,UM,f,UM67977,NR,841,1
C2016,UM,f,UM67984,NR,866,1
C2016,UM,m,UM62146,NR,493,1
C2016,UM,m,UM62153,NR,1137,1
C2016,UM,m,UM62160,NR,1146,1
C2016,UM,m,UM62454,NR,156,0
C2016,UM,m,UM62461,NR,156,0
C2016,UM,m,UM62468,NR,156,0
C2016,UM,m,UM62755,NR,721,1
C2016,UM,m,UM62762,NR,909,1
C2016,UM,m,UM62769,NR,923,1
C2016,UM,m,UM62818,NR,1063,1
C2016,UM,m,UM62825,NR,713,1
C2016,UM,m,UM62832,NR,908,1
C2016,UM,m,UM64652,NR,652,1
C2016,UM,m,UM64659,NR,414,1
C2016,UM,m,UM64666,NR,930,1
C2016,UM,m,UM64701,NR,471,1
C2016,UM,m,UM64708,NR,988,1
C2016,UM,m,UM64715,NR,1156,1
C2016,UM,m,UM64988,NR,1096,1
C2016,UM,m,UM64995,NR,913,1
C2016,UM,m,UM65002,NR,1081,1
C2016,UM,m,UM65079,NR,697,1
C2016,UM,m,UM65086,NR,569,1
C2016,UM,m,UM65093,NR,282,1
C2016,UM,m,UM65247,NR,980,1
C2016,UM,m,UM65254,NR,892,1
C2016,UM,m,UM65261,NR,804,1
C2016,UM,m,UM66136,NR,226,1
C2016,UM,m,UM66143,NR,918,1
C2016,UM,m,UM66150,NR,852,1
C2016,UM,m,UM66339,NR,589,1
C2016,UM,m,UM66346,NR,947,1
C2016,UM,m,UM66353,NR,762,1
C2016,UM,m,UM66850,NR,794,1
C2016,UM,m,UM66857,NR,766,1
C2016,UM,m,UM66864,NR,856,1
C2016,UM,m,UM67459,NR,486,0
C2016,UM,m,UM67466,NR,486,0
C2016,UM,m,UM67473,NR,486,0
C2016,UM,m,UM67718,NR,642,0
C2016,UM,m,UM67725,NR,643,0
C2016,UM,m,UM67732,NR,642,0
C2016,UM,m,UM67830,NR,733,1
C2016,UM,m,UM67837,NR,230,1
C2016,UM,m,UM67844,NR,745,1
C2016,UM,m,UM68054,NR,1207,1
C2016,UM,m,UM68061,NR,707,1
C2016,UM,m,UM68068,NR,693,1
C2016,UM,m,UM68096,NR,807,1
C2016,UM,m,UM68103,NR,865,1
C2016,UM,m,UM68110,NR,1061,1
C2016,UT,f,UT08704,NR,855,1
C2016,UT,f,UT08705,NR,778,1
C2016,UT,f,UT08706,NR,1087,1
C2016,UT,f,UT08707,NR,867,1
C2016,UT,f,UT08783,NR,889,1
C2016,UT,f,UT08784,NR,774,1
C2016,UT,f,UT08785,NR,949,1
C2016,UT,f,UT08786,NR,1023,1
C2016,UT,f,UT08911,NR,922,1
C2016,UT,f,UT08912,NR,878,1
C2016,UT,f,UT08913,NR,844,1
C2016,UT,f,UT08914,NR,816,1
C2016,UT,f,UT09000,NR,900,1
C2016,UT,f,UT09001,NR,1004,1
C2016,UT,f,UT09002,NR,1168,1
C2016,UT,f,UT09003,NR,496,1
C2016,UT,f,UT09016,NR,740,1
C2016,UT,f,UT09017,NR,817,1
C2016,UT,f,UT09018,NR,931,1
C2016,UT,f,UT09019,NR,972,1
C2016,UT,f,UT09054,NR,909,1
C2016,UT,f,UT09055,NR,794,1
C2016,UT,f,UT09056,NR,799,1
C2016,UT,f,UT09057,NR,609,1
C2016,UT,f,UT09061,NR,1019,1
C2016,UT,f,UT09062,NR,867,1
C2016,UT,f,UT09063,NR,728,1
C2016,UT,f,UT09064,NR,909,1
C2016,UT,f,UT09071,NR,762,1
C2016,UT,f,UT09072,NR,954,1
C2016,UT,f,UT09073,NR,687,1
C2016,UT,f,UT09074,NR,566,1
C2016,UT,f,UT09078,NR,882,1
C2016,UT,f,UT09079,NR,783,1
C2016,UT,f,UT09080,NR,841,1
C2016,UT,f,UT09081,NR,852,1
C2016,UT,f,UT09289,NR,986,1
C2016,UT,f,UT09290,NR,858,1
C2016,UT,f,UT09291,NR,761,1
C2016,UT,f,UT09292,NR,1113,1
C2016,UT,f,UT09324,NR,1136,1
C2016,UT,f,UT09325,NR,698,1
C2016,UT,f,UT09326,NR,739,1
C2016,UT,f,UT09327,NR,623,1
C2016,UT,m,UT08628,NR,798,1
C2016,UT,m,UT08629,NR,671,1
C2016,UT,m,UT08630,NR,410,1
C2016,UT,m,UT08756,NR,320,1
C2016,UT,m,UT08757,NR,582,1
C2016,UT,m,UT08758,NR,912,1
C2016,UT,m,UT08800,NR,682,1
C2016,UT,m,UT08801,NR,561,1
C2016,UT,m,UT08802,NR,729,1
C2016,UT,m,UT08851,NR,678,1
C2016,UT,m,UT08852,NR,654,1
C2016,UT,m,UT08853,NR,874,1
C2016,UT,m,UT08922,NR,1059,1
C2016,UT,m,UT08923,NR,712,1
C2016,UT,m,UT08924,NR,810,1
C2016,UT,m,UT09068,NR,875,1
C2016,UT,m,UT09069,NR,320,1
C2016,UT,m,UT09070,NR,915,1
C2016,UT,m,UT09111,NR,1025,1
C2016,UT,m,UT09112,NR,863,1
C2016,UT,m,UT09113,NR,268,1
C2016,UT,m,UT09154,NR,830,1
C2016,UT,m,UT09155,NR,749,1
C2016,UT,m,UT09156,NR,812,1
C2016,UT,m,UT09211,NR,768,1
C2016,UT,m,UT09212,NR,610,1
C2016,UT,m,UT09213,NR,893,1
C2016,UT,m,UT09286,NR,473,1
C2016,UT,m,UT09287,NR,558,1
C2016,UT,m,UT09288,NR,1078,1
C2016,UT,m,UT09365,NR,794,1
C2016,UT,m,UT09366,NR,972,1
C2016,UT,m,UT09367,NR,244,1
C2016,UT,m,UT09427,NR,556,1
C2016,UT,m,UT09428,NR,557,1
C2016,UT,m,UT09429,NR,1013,1
C2016,UT,m,UT09461,NR,711,1
C2016,UT,m,UT09462,NR,946,1
C2016,UT,m,UT09463,NR,771,1
C2016,UT,m,UT09527,NR,415,1
C2016,UT,m,UT09528,NR,383,1
C2016,UT,m,UT09529,NR,454,1
C2016,UT,m,UT09550,NR,614,1
C2016,UT,m,UT09551,NR,679,1
C2016,UT,m,UT09552,NR,748,1
C2016,UT,m,UT09553,NR,613,1
C2016,UT,m,UT09554,NR,868,1
C2016,UT,m,UT09555,NR,953,1
C2016,UT,m,UT09610,NR,596,1
C2016,UT,m,UT09611,NR,816,1
C2016,UT,m,UT09612,NR,611,1
C2020,UM,m,UM100205,Cana_16,648,1
C2020,UM,m,UM100212,Cana_16,966,1
C2020,UM,m,UM100219,Cana_16,1121,1
C2020,UM,m,UM100443,Cana_16,986,1
C2020,UM,m,UM100450,Cana_16,788,1
C2020,UM,m,UM100457,Cana_16,848,1
C2020,UM,m,UM100835,Cana_16,1082,1
C2020,UM,m,UM100842,Cana_16,915,1
C2020,UM,m,UM100849,Cana_16,362,1
C2020,UM,m,UM101290,Cana_16,1196,1
C2020,UM,m,UM101297,Cana_16,1224,0
C2020,UM,m,UM101304,Cana_16,967,1
C2020,UM,m,UM101640,Cana_16,1078,1
C2020,UM,m,UM101647,Cana_16,1097,1
C2020,UM,m,UM101654,Cana_16,787,1
C2020,UM,m,UM95228,Cana_16,962,1
C2020,UM,m,UM95235,Cana_16,1030,1
C2020,UM,m,UM95242,Cana_16,998,1
C2020,UM,m,UM95935,Cana_16,693,1
C2020,UM,m,UM95942,Cana_16,870,1
C2020,UM,m,UM95949,Cana_16,944,1
C2020,UM,m,UM96369,Cana_16,894,1
C2020,UM,m,UM96376,Cana_16,607,1
C2020,UM,m,UM96383,Cana_16,837,1
C2020,UM,m,UM96614,Cana_16,1061,1
C2020,UM,m,UM96621,Cana_16,553,1
C2020,UM,m,UM96628,Cana_16,178,1
C2020,UM,m,UM97132,Cana_16,1065,1
C2020,UM,m,UM97139,Cana_16,577,1
C2020,UM,m,UM97146,Cana_16,727,1
C2020,UM,m,UM97384,Cana_16,828,1
C2020,UM,m,UM97391,Cana_16,1043,1
C2020,UM,m,UM97398,Cana_16,685,1
C2020,UM,m,UM97762,Cana_16,1303,1
C2020,UM,m,UM97769,Cana_16,314,1
C2020,UM,m,UM97776,Cana_16,761,1
C2020,UM,m,UM98217,Cana_16,1210,1
C2020,UM,m,UM98224,Cana_16,1082,1
C2020,UM,m,UM98231,Cana_16,946,1
C2020,UM,m,UM98777,Cana_16,986,1
C2020,UM,m,UM98784,Cana_16,640,1
C2020,UM,m,UM98791,Cana_16,815,1
C2020,UM,m,UM99078,Cana_16,950,1
C2020,UM,m,UM99085,Cana_16,556,1
C2020,UM,m,UM99092,Cana_16,1316,1
C2020,UM,m,UM99638,Cana_16,729,0
C2020,UM,m,UM99645,Cana_16,466,1
C2020,UM,m,UM99652,Cana_16,787,1
C2020,UM,m,UM99827,Cana_16,875,1
C2020,UM,m,UM99834,Cana_16,1002,1
C2020,UM,m,UM99841,Cana_16,903,1
C2020,UT,m,UT13656,Cana_16,1104,1
C2020,UT,m,UT13657,Cana_16,1096,1
C2020,UT,m,UT13658,Cana_16,1043,1
C2020,UT,m,UT13718,Cana_16,1062,1
C2020,UT,m,UT13719,Cana_16,959,1
C2020,UT,m,UT13720,Cana_16,788,1
C2020,UT,m,UT13738,Cana_16,868,1
C2020,UT,m,UT13739,Cana_16,965,1
C2020,UT,m,UT13740,Cana_16,940,1
C2020,UT,m,UT13741,Cana_16,423,1
C2020,UT,m,UT13742,Cana_16,879,1
C2020,UT,m,UT13743,Cana_16,1129,1
C2020,UT,m,UT13785,Cana_16,1153,1
C2020,UT,m,UT13786,Cana_16,1075,1
C2020,UT,m,UT13787,Cana_16,386,1
C2020,UT,m,UT13831,Cana_16,1257,1
C2020,UT,m,UT13832,Cana_16,686,1
C2020,UT,m,UT13833,Cana_16,945,1
C2020,UT,m,UT13930,Cana_16,935,1
C2020,UT,m,UT13931,Cana_16,1152,1
C2020,UT,m,UT13932,Cana_16,683,1
C2020,UT,m,UT13961,Cana_16,1164,1
C2020,UT,m,UT13962,Cana_16,819,1
C2020,UT,m,UT13963,Cana_16,897,1
C2020,UT,m,UT13995,Cana_16,367,1
C2020,UT,m,UT13996,Cana_16,1055,1
C2020,UT,m,UT13997,Cana_16,911,1
C2020,UT,m,UT14093,Cana_16,1098,1
C2020,UT,m,UT14094,Cana_16,894,1
C2020,UT,m,UT14095,Cana_16,881,1
C2020,UT,m,UT14106,Cana_16,682,1
C2020,UT,m,UT14107,Cana_16,1221,1
C2020,UT,m,UT14108,Cana_16,844,1
C2020,UT,m,UT14173,Cana_16,915,1
C2020,UT,m,UT14174,Cana_16,997,1
C2020,UT,m,UT14175,Cana_16,979,1
C2020,UT,m,UT14229,Cana_16,894,1
C2020,UT,m,UT14230,Cana_16,1052,1
C2020,UT,m,UT14231,Cana_16,815,1
C2020,UT,m,UT14283,Cana_16,889,1
C2020,UT,m,UT14284,Cana_16,1225,1
C2020,UT,m,UT14285,Cana_16,1144,1
C2020,UT,m,UT14390,Cana_16,941,1
C2020,UT,m,UT14391,Cana_16,900,1
C2020,UT,m,UT14392,Cana_16,799,1
C2020,UT,m,UT14393,Cana_16,1013,1
C2020,UT,m,UT14394,Cana_16,1152,1
C2020,UT,m,UT14395,Cana_16,796,1
C2020,UT,m,UT14480,Cana_16,417,1
C2020,UT,m,UT14481,Cana_16,928,1
C2020,UT,m,UT14482,Cana_16,1028,1
